,Kind,Name,AvgCyclomatic,AvgCyclomaticModified,AvgCyclomaticStrict,AvgEssential,AvgLine,AvgLineBlank,AvgLineCode,AvgLineComment,CountDeclClass,CountDeclClassMethod,CountDeclClassVariable,CountDeclFunction,CountDeclInstanceMethod,CountDeclInstanceVariable,CountDeclMethod,CountDeclMethodDefault,CountDeclMethodPrivate,CountDeclMethodProtected,CountDeclMethodPublic,CountLine,CountLineBlank,CountLineCode,CountLineCodeDecl,CountLineCodeExe,CountLineComment,CountSemicolon,CountStmt,CountStmtDecl,CountStmtExe,MaxCyclomatic,MaxCyclomaticModified,MaxCyclomaticStrict,RatioCommentToCode,SumCyclomatic,SumCyclomaticModified,SumCyclomaticStrict,SumEssential,MaxNesting,bug
0,File,org.apache.synapse.Command,0,0,0,0,0,0,0,0,1,0,0,1,1,0,1,0,0,0,1,34,3,4,3,0,27,2,3,3,0,0,0,0,6.75,0,0,0,0,0,0.0
1,File,org.apache.synapse.FaultHandler,3,3,4,1,19,3,13,2,1,1,2,5,4,0,5,0,1,0,4,131,23,67,23,40,41,34,48,23,25,6,6,8,0.61,13,13,17,4,2,0.0
2,File,org.apache.synapse.ManagedLifecycle,0,0,0,0,0,0,0,0,1,0,0,2,2,0,2,0,0,0,2,43,5,6,5,0,32,4,5,5,0,0,0,0,5.33,0,0,0,0,0,0.0
3,File,org.apache.synapse.Mediator,0,0,0,0,0,0,0,0,1,0,0,4,4,0,4,0,0,0,4,59,7,8,7,0,44,6,7,7,0,0,0,0,5.5,0,0,0,0,0,0.0
4,File,org.apache.synapse.MessageContext,0,0,0,0,0,0,0,0,1,0,0,48,48,0,48,0,0,0,48,323,54,61,60,0,208,59,60,60,0,0,0,0,3.41,0,0,0,0,0,0.0
5,File,org.apache.synapse.ServerManager,4,4,5,1,26,1,20,3,1,2,2,6,4,3,6,0,1,0,5,210,22,145,45,90,43,73,100,41,59,10,10,14,0.3,27,27,31,9,4,0.0
6,File,org.apache.synapse.Startup,0,0,0,0,0,0,0,0,1,0,0,3,3,0,3,0,0,0,3,49,6,7,6,0,36,5,6,6,0,0,0,0,5.14,0,0,0,0,0,0.0
7,File,org.apache.synapse.SynapseConstants,0,0,0,0,0,0,0,0,1,0,65,0,0,0,0,0,0,0,0,220,40,72,71,65,109,69,70,70,0,0,0,0,1.51,0,0,0,0,0,3.0
8,File,org.apache.synapse.SynapseException,1,1,1,1,3,0,3,0,1,0,1,3,3,0,3,0,0,0,3,41,7,13,6,4,21,5,9,6,3,1,1,1,1.62,3,3,3,3,0,0.0
9,File,org.apache.synapse.SynapseServer,1,1,1,1,10,0,9,0,2,3,1,4,1,0,4,0,1,0,3,69,11,36,12,20,22,20,27,12,15,2,2,3,0.61,6,6,7,4,1,0.0
10,File,org.apache.synapse.config.Entry,1,1,1,1,3,0,3,0,1,0,5,25,25,7,25,0,1,0,24,179,32,104,43,38,43,45,74,43,31,2,2,3,0.41,28,28,30,25,1,0.0
11,File,org.apache.synapse.config.SynapseConfigUtils,5,5,6,2,30,1,23,4,1,8,1,8,0,0,8,0,2,0,6,294,25,213,50,142,57,99,143,48,95,15,15,16,0.27,46,46,48,23,6,1.0
12,File,org.apache.synapse.config.SynapseConfiguration,2,2,2,1,14,0,7,6,1,0,1,45,45,9,45,0,1,0,44,789,77,382,110,218,331,176,272,117,155,11,11,11,0.87,102,102,117,57,4,1.0
13,File,org.apache.synapse.config.SynapseConfigurationBuilder,2,2,2,1,14,0,11,3,1,4,1,4,0,0,4,0,2,0,2,106,11,61,26,33,34,39,48,25,23,4,4,4,0.56,9,9,9,6,2,0.0
14,File,org.apache.synapse.config.XMLToObjectMapper,0,0,0,0,0,0,0,0,1,0,0,1,1,0,1,0,0,0,1,36,4,5,4,0,27,3,4,4,0,0,0,0,5.4,0,0,0,0,0,0.0
15,File,org.apache.synapse.config.xml.AbstractDBMediatorFactory,9,9,9,1,39,3,32,3,1,0,12,6,6,0,6,0,2,4,0,344,38,224,58,173,83,114,171,58,113,37,37,37,0.37,56,56,59,9,5,0.0
16,File,org.apache.synapse.config.xml.AbstractDBMediatorSerializer,25,10,25,1,153,20,130,3,1,0,0,1,1,0,1,0,0,1,0,231,25,140,32,103,66,79,88,29,59,25,10,25,0.47,25,10,25,1,3,0.0
17,File,org.apache.synapse.config.xml.AbstractListMediatorFactory,3,3,3,1,14,0,14,0,1,1,0,1,0,0,1,0,0,1,0,52,5,25,15,10,22,16,20,15,5,3,3,3,0.88,3,3,3,1,2,0.0
18,File,org.apache.synapse.config.xml.AbstractListMediatorSerializer,3,3,3,1,12,0,12,0,1,0,0,1,1,0,1,0,0,1,0,45,5,22,13,8,18,13,17,13,4,3,3,3,0.82,3,3,3,1,2,0.0
19,File,org.apache.synapse.config.xml.AbstractMediatorFactory,2,2,2,1,9,0,6,2,1,0,13,4,4,0,4,0,0,4,0,91,11,52,33,26,28,30,39,28,11,5,5,5,0.54,8,8,8,4,3,0.0
20,File,org.apache.synapse.config.xml.AbstractMediatorSerializer,2,2,2,1,10,0,8,1,1,1,5,7,6,0,7,0,0,7,0,129,18,82,38,41,29,43,60,35,25,5,5,5,0.35,16,16,16,7,2,1.0
21,File,org.apache.synapse.config.xml.AggregateMediatorFactory,10,10,10,1,47,5,42,0,1,0,14,2,2,0,2,0,0,0,2,167,19,115,50,78,33,66,87,48,39,19,19,19,0.29,20,20,20,2,3,0.0
22,File,org.apache.synapse.config.xml.AggregateMediatorSerializer,3,3,3,1,19,2,16,1,1,0,1,2,2,0,2,0,0,0,2,89,11,44,19,24,34,28,36,19,17,6,6,6,0.77,7,7,7,2,1,0.0
23,File,org.apache.synapse.config.xml.AnonymousListMediator,1,1,1,1,3,0,3,0,1,0,0,1,1,0,1,0,0,0,1,33,4,8,5,1,21,4,6,5,1,1,1,1,2.63,1,1,1,1,0,0.0
24,File,org.apache.synapse.config.xml.AnonymousListMediatorFactory,1,1,1,1,12,0,7,5,1,1,0,1,0,0,1,0,0,0,1,50,7,16,10,3,27,10,12,10,2,1,1,1,1.69,1,1,1,1,0,0.0
25,File,org.apache.synapse.config.xml.AnonymousListMediatorSerializer,1,1,1,1,9,0,5,3,1,0,0,2,2,0,2,0,0,0,2,52,5,19,10,6,28,11,15,10,5,2,2,2,1.47,3,3,3,2,1,0.0
26,File,org.apache.synapse.config.xml.CacheMediatorFactory,7,7,10,2,34,3,30,0,1,0,12,3,3,0,3,0,1,0,2,163,18,117,40,84,28,62,82,39,43,17,17,27,0.24,22,22,32,6,4,0.0
27,File,org.apache.synapse.config.xml.CacheMediatorSerializer,6,6,6,1,32,5,27,0,1,0,0,2,2,0,2,0,0,0,2,103,15,60,13,41,28,29,42,13,29,11,11,11,0.47,12,12,12,2,1,0.0
28,File,org.apache.synapse.config.xml.ClassMediatorFactory,4,4,4,1,28,3,24,1,1,0,1,2,2,0,2,0,0,0,2,107,13,63,25,40,31,40,48,26,22,7,7,7,0.49,8,8,8,2,4,0.0
29,File,org.apache.synapse.config.xml.ClassMediatorSerializer,3,3,4,1,19,2,17,0,1,0,0,2,2,0,2,0,0,0,2,81,11,45,18,25,25,26,34,18,16,6,6,7,0.56,7,7,8,2,2,0.0
30,File,org.apache.synapse.config.xml.CloneMediatorFactory,2,2,2,1,16,2,8,6,1,0,3,2,2,0,2,0,0,0,2,87,11,29,16,14,47,18,23,16,7,3,3,3,1.62,4,4,4,2,1,0.0
31,File,org.apache.synapse.config.xml.CloneMediatorSerializer,3,3,3,1,21,2,10,8,1,0,0,2,2,0,2,0,0,0,2,87,11,29,12,13,47,17,23,13,10,5,5,5,1.62,6,6,6,2,2,0.0
32,File,org.apache.synapse.config.xml.ConfigurationFactory,0,0,0,0,0,0,0,0,1,0,0,3,3,0,3,3,0,0,0,55,7,9,8,0,39,7,8,8,0,0,0,0,4.33,0,0,0,0,0,0.0
33,File,org.apache.synapse.config.xml.ConfigurationFactoryAndSerializerFinder,2,2,2,1,14,1,9,4,1,4,5,12,8,0,12,0,4,0,8,253,36,142,55,86,75,79,105,51,54,6,6,6,0.53,27,27,27,16,2,0.0
34,File,org.apache.synapse.config.xml.ConfigurationSerializer,0,0,0,0,0,0,0,0,1,0,0,2,2,0,2,2,0,0,0,50,8,10,9,0,32,8,9,9,0,0,0,0,3.2,0,0,0,0,0,0.0
35,File,org.apache.synapse.config.xml.DBLookupMediatorFactory,1,1,1,1,5,0,4,0,1,0,1,2,2,0,2,0,0,0,2,71,8,19,12,6,44,12,15,11,4,1,1,1,2.32,2,2,2,2,0,0.0
36,File,org.apache.synapse.config.xml.DBLookupMediatorSerializer,2,2,2,1,9,1,8,0,1,0,0,2,2,0,2,0,0,0,2,64,8,22,9,10,34,12,17,9,8,3,3,3,1.55,4,4,4,2,1,0.0
37,File,org.apache.synapse.config.xml.DBReportMediatorFactory,1,1,1,1,4,0,4,0,1,0,1,2,2,0,2,0,0,0,2,69,7,19,12,6,43,12,15,11,4,1,1,1,2.26,2,2,2,2,0,0.0
38,File,org.apache.synapse.config.xml.DBReportMediatorSerializer,2,2,2,1,9,1,8,0,1,0,0,2,2,0,2,0,0,0,2,64,8,22,9,10,34,12,17,9,8,3,3,3,1.55,4,4,4,2,1,0.0
39,File,org.apache.synapse.config.xml.DropMediatorFactory,1,1,1,1,6,1,4,1,1,0,1,2,2,0,2,0,0,0,2,52,9,16,10,5,27,10,13,10,3,1,1,1,1.69,2,2,2,2,0,0.0
40,File,org.apache.synapse.config.xml.DropMediatorSerializer,2,2,2,1,9,1,7,0,1,0,0,2,2,0,2,0,0,0,2,49,8,23,11,9,18,13,18,11,7,3,3,3,0.78,4,4,4,2,1,0.0
41,File,org.apache.synapse.config.xml.EntryFactory,3,3,3,1,17,2,14,1,1,2,1,3,1,0,3,0,1,0,2,94,14,59,23,33,21,35,45,23,22,6,6,7,0.36,9,9,10,3,3,0.0
42,File,org.apache.synapse.config.xml.EntrySerializer,5,5,6,3,22,0,18,3,1,2,4,2,0,0,2,0,1,0,1,88,7,56,26,33,25,33,44,25,19,9,9,11,0.45,10,10,12,6,2,0.0
43,File,org.apache.synapse.config.xml.FaultMediatorFactory,9,9,11,1,62,7,53,1,1,0,9,2,2,0,2,0,0,0,2,188,24,131,50,97,33,83,103,50,53,18,18,21,0.25,19,19,22,2,3,1.0
44,File,org.apache.synapse.config.xml.FaultMediatorSerializer,6,6,6,1,36,7,29,0,1,0,2,2,2,0,2,0,0,0,2,119,21,69,18,49,29,34,48,18,30,12,12,12,0.42,13,13,13,2,1,1.0
45,File,org.apache.synapse.config.xml.FilterMediatorFactory,4,4,7,1,32,3,28,1,1,0,1,2,2,0,2,0,0,0,2,116,14,73,28,47,29,46,56,28,28,8,8,13,0.4,9,9,14,2,3,0.0
46,File,org.apache.synapse.config.xml.FilterMediatorSerializer,3,3,3,1,19,4,15,0,1,0,0,2,2,0,2,0,0,0,2,76,13,38,11,23,25,20,27,11,16,5,5,6,0.66,6,6,7,2,1,0.0
47,File,org.apache.synapse.config.xml.HeaderMediatorFactory,5,5,8,1,34,4,27,3,1,0,2,2,2,0,2,0,0,0,2,124,15,72,32,45,37,44,56,32,24,10,10,16,0.51,11,11,17,2,4,0.0
48,File,org.apache.synapse.config.xml.HeaderMediatorSerializer,5,5,5,1,25,3,22,0,1,0,0,2,2,0,2,0,0,0,2,95,13,53,13,34,29,23,33,13,20,9,9,10,0.55,10,10,11,2,2,0.0
49,File,org.apache.synapse.config.xml.InMediatorFactory,1,1,1,1,5,0,4,1,1,0,1,2,2,0,2,0,0,0,2,53,7,17,10,6,29,11,14,10,4,1,1,1,1.71,2,2,2,2,0,0.0
50,File,org.apache.synapse.config.xml.InMediatorSerializer,2,2,2,1,10,2,8,0,1,0,0,2,2,0,2,0,0,0,2,51,9,24,11,10,18,14,19,11,8,3,3,3,0.75,4,4,4,2,1,0.0
51,File,org.apache.synapse.config.xml.IterateMediatorFactory,5,5,5,1,36,4,27,5,1,0,5,2,2,0,2,0,0,0,2,135,16,72,28,48,47,41,52,28,24,9,9,10,0.65,10,10,11,2,2,0.0
52,File,org.apache.synapse.config.xml.IterateMediatorSerializer,4,4,4,1,30,4,16,10,1,0,0,2,2,0,2,0,0,0,2,104,14,38,9,22,52,19,28,9,19,7,7,8,1.37,8,8,9,2,1,0.0
53,File,org.apache.synapse.config.xml.LogMediatorFactory,4,4,4,1,18,3,13,2,1,0,7,2,2,0,2,0,0,0,2,87,13,43,22,26,31,28,37,22,15,7,7,7,0.72,8,8,8,2,2,0.0
54,File,org.apache.synapse.config.xml.LogMediatorSerializer,4,4,4,1,17,3,14,0,1,0,0,2,2,0,2,0,0,0,2,72,11,36,11,20,25,16,23,11,12,8,8,8,0.69,9,9,9,2,1,0.0
55,File,org.apache.synapse.config.xml.MediatorFactory,0,0,0,0,0,0,0,0,1,0,0,2,2,0,2,0,0,0,2,44,5,8,7,0,31,6,7,7,0,0,0,0,3.88,0,0,0,0,0,0.0
56,File,org.apache.synapse.config.xml.MediatorFactoryFinder,2,2,2,1,14,1,10,2,1,1,4,9,8,0,9,0,4,0,5,218,28,134,63,87,56,63,85,41,44,8,8,9,0.42,22,22,23,11,2,0.0
57,File,org.apache.synapse.config.xml.MediatorPropertyFactory,8,8,12,1,64,13,50,1,1,1,1,1,0,0,1,0,0,0,1,114,19,66,29,43,29,43,52,29,23,8,8,12,0.44,8,8,12,1,4,0.0
58,File,org.apache.synapse.config.xml.MediatorSerializer,0,0,0,0,0,0,0,0,1,0,0,2,2,0,2,0,0,0,2,44,5,7,6,0,32,5,6,6,0,0,0,0,4.57,0,0,0,0,0,0.0
59,File,org.apache.synapse.config.xml.MediatorSerializerFinder,2,2,2,1,10,0,8,2,1,2,4,6,4,0,6,0,3,0,3,138,16,88,48,56,34,35,49,26,23,6,6,6,0.39,14,14,14,6,2,0.0
60,File,org.apache.synapse.config.xml.OMElementUtils,5,5,6,3,30,3,20,6,1,2,1,2,0,0,2,0,0,0,2,104,13,57,25,29,34,30,42,24,18,7,7,8,0.6,11,11,13,7,4,0.0
61,File,org.apache.synapse.config.xml.OutMediatorFactory,1,1,1,1,6,1,4,1,1,0,1,2,2,0,2,0,0,0,2,55,9,17,10,6,29,11,14,10,4,1,1,1,1.71,2,2,2,2,0,0.0
62,File,org.apache.synapse.config.xml.OutMediatorSerializer,2,2,2,1,9,1,8,0,1,0,0,2,2,0,2,0,0,0,2,50,8,24,11,10,18,14,19,11,8,3,3,3,0.75,4,4,4,2,1,0.0
63,File,org.apache.synapse.config.xml.POJOCommandMediatorFactory,5,5,5,1,31,3,26,2,1,0,1,2,2,0,2,0,0,0,2,117,15,68,24,41,34,34,44,23,21,9,9,9,0.5,10,10,10,2,5,1.0
64,File,org.apache.synapse.config.xml.POJOCommandMediatorSerializer,3,3,4,1,23,3,19,0,1,0,0,2,2,0,2,0,0,0,2,93,13,50,20,30,30,35,41,22,19,6,6,7,0.6,7,7,8,2,1,1.0
65,File,org.apache.synapse.config.xml.PropertyHelper,5,5,5,1,29,3,21,4,1,5,1,5,0,0,5,0,2,0,3,196,25,124,32,86,47,57,83,32,51,14,14,14,0.38,25,25,26,5,5,0.0
66,File,org.apache.synapse.config.xml.PropertyMediatorFactory,5,5,8,1,29,1,25,2,1,0,2,2,2,0,2,0,0,0,2,104,9,66,29,43,29,42,53,28,25,9,9,16,0.44,10,10,17,2,2,0.0
67,File,org.apache.synapse.config.xml.PropertyMediatorSerializer,5,5,5,1,22,3,19,0,1,0,0,2,2,0,2,0,0,0,2,81,11,46,11,28,24,21,32,11,21,9,9,9,0.52,10,10,10,2,1,0.0
68,File,org.apache.synapse.config.xml.ProxyServiceFactory,14,14,14,1,72,4,65,2,1,3,1,3,0,0,3,0,2,0,1,286,21,215,67,153,50,103,147,61,86,41,41,42,0.23,43,43,44,3,5,4.0
69,File,org.apache.synapse.config.xml.ProxyServiceSerializer,16,16,16,1,88,6,80,1,1,2,4,2,0,0,2,0,1,0,1,241,20,180,55,136,41,106,139,55,84,31,31,32,0.23,32,32,33,2,3,2.0
70,File,org.apache.synapse.config.xml.RMSequenceMediatorFactory,7,7,11,1,50,6,43,1,1,0,5,2,2,0,2,0,0,0,2,151,20,104,40,75,27,57,73,33,40,14,14,21,0.26,15,15,22,2,3,0.0
71,File,org.apache.synapse.config.xml.RMSequenceMediatorSerializer,5,5,6,1,24,3,20,0,1,0,0,2,2,0,2,0,0,0,2,84,12,49,11,30,23,22,33,11,22,9,9,11,0.47,10,10,12,2,1,0.0
72,File,org.apache.synapse.config.xml.RegistryFactory,3,3,3,2,13,0,12,0,1,4,4,4,0,0,4,0,3,0,1,104,13,66,26,41,25,35,46,26,20,5,5,5,0.38,12,12,12,8,4,0.0
73,File,org.apache.synapse.config.xml.RegistrySerializer,2,2,2,1,15,2,13,0,1,2,4,2,0,0,2,0,1,0,1,79,13,43,22,24,23,28,34,22,12,4,4,4,0.53,5,5,5,2,1,0.0
74,File,org.apache.synapse.config.xml.SendMediatorFactory,2,2,2,1,14,2,10,2,1,0,2,2,2,0,2,0,0,0,2,113,12,35,20,15,66,22,28,20,8,4,4,4,1.89,5,5,5,2,3,1.0
75,File,org.apache.synapse.config.xml.SendMediatorSerializer,2,2,2,1,13,2,11,0,1,0,0,2,2,0,2,0,0,0,2,104,10,33,18,15,61,20,26,17,9,4,4,4,1.85,5,5,5,2,1,1.0
76,File,org.apache.synapse.config.xml.SequenceMediatorFactory,5,5,5,1,24,1,23,0,1,0,1,3,3,0,3,0,0,0,3,129,13,82,28,53,34,41,58,25,33,9,9,9,0.41,16,16,16,3,3,0.0
77,File,org.apache.synapse.config.xml.SequenceMediatorSerializer,5,5,5,1,26,2,23,0,1,0,0,3,3,0,3,0,0,0,3,124,14,77,17,52,33,35,53,17,36,10,10,10,0.43,17,17,17,3,3,0.0
78,File,org.apache.synapse.config.xml.StartupFactory,0,0,0,0,0,0,0,0,1,0,0,3,3,0,3,0,0,0,3,54,7,9,8,0,38,7,8,8,0,0,0,0,4.22,0,0,0,0,0,0.0
79,File,org.apache.synapse.config.xml.StartupFinder,2,2,2,1,15,1,10,4,1,1,5,10,9,0,10,0,3,0,7,222,35,120,46,74,67,68,90,44,46,5,5,5,0.56,23,23,23,14,2,0.0
80,File,org.apache.synapse.config.xml.StartupSerializer,0,0,0,0,0,0,0,0,1,0,0,1,1,0,1,0,0,0,1,39,4,6,5,0,29,4,5,5,0,0,0,0,4.83,0,0,0,0,0,0.0
81,File,org.apache.synapse.config.xml.SwitchCase,1,1,1,1,9,0,4,5,1,0,0,6,6,2,6,0,0,0,6,106,11,37,18,13,58,19,28,18,10,2,2,2,1.57,8,8,8,6,1,0.0
82,File,org.apache.synapse.config.xml.SwitchMediatorFactory,4,4,4,1,27,1,25,1,1,0,3,2,2,0,2,0,0,0,2,113,9,70,32,44,35,49,58,32,26,7,7,7,0.5,8,8,8,2,2,0.0
83,File,org.apache.synapse.config.xml.SwitchMediatorSerializer,5,5,5,1,27,2,24,0,1,0,0,2,2,0,2,0,0,0,2,100,11,59,20,37,30,31,42,20,22,9,9,9,0.51,10,10,10,2,2,0.0
84,File,org.apache.synapse.config.xml.SynapseMediatorFactory,1,1,1,1,6,1,4,1,1,0,1,2,2,0,2,0,0,0,2,57,10,18,11,6,29,12,15,11,4,1,1,1,1.61,2,2,2,2,0,0.0
85,File,org.apache.synapse.config.xml.SynapseMediatorSerializer,2,2,2,1,10,2,8,0,1,0,0,2,2,0,2,0,0,0,2,58,9,24,11,10,25,14,19,11,8,3,3,3,1.04,4,4,4,2,1,0.0
86,File,org.apache.synapse.config.xml.SynapseXMLConfigurationFactory,2,2,3,1,13,1,11,1,1,10,1,13,3,0,13,0,8,0,5,238,33,169,56,101,36,86,124,54,70,17,17,21,0.21,37,37,41,13,4,2.0
87,File,org.apache.synapse.config.xml.SynapseXMLConfigurationSerializer,2,2,2,1,14,1,11,1,1,5,4,7,2,0,7,0,5,0,2,151,28,111,58,64,12,65,84,54,30,7,7,7,0.11,18,18,18,7,2,1.0
88,File,org.apache.synapse.config.xml.TargetFactory,5,5,7,1,31,4,22,5,1,2,2,2,0,0,2,0,1,0,1,116,16,57,27,34,43,29,40,22,18,8,8,12,0.75,10,10,14,2,1,1.0
89,File,org.apache.synapse.config.xml.TargetSerializer,7,7,7,1,37,7,24,6,1,1,3,1,0,0,1,0,0,0,1,92,14,37,15,19,41,19,27,14,13,7,7,7,1.11,7,7,7,1,1,1.0
90,File,org.apache.synapse.config.xml.ValidateMediatorFactory,8,8,9,1,46,4,38,3,1,0,3,2,2,0,2,0,0,0,2,145,16,94,34,63,35,51,68,34,34,15,15,18,0.37,16,16,19,2,5,0.0
91,File,org.apache.synapse.config.xml.ValidateMediatorSerializer,5,5,5,1,25,3,22,0,1,0,0,2,2,0,2,0,0,0,2,95,13,55,20,33,27,31,41,20,21,9,9,9,0.49,10,10,10,2,3,0.0
92,File,org.apache.synapse.config.xml.XMLConfigConstants,0,0,0,0,0,0,0,0,1,0,26,0,0,0,0,0,0,0,0,81,11,32,31,26,39,29,30,30,0,0,0,0,1.22,0,0,0,0,0,0.0
93,File,org.apache.synapse.config.xml.XMLConfigurationBuilder,1,1,1,1,10,4,6,0,1,1,1,1,0,0,1,0,0,0,1,49,11,17,12,5,21,13,15,12,3,1,1,1,1.24,1,1,1,1,0,0.0
94,File,org.apache.synapse.config.xml.XMLConfigurationSerializer,1,1,1,1,15,2,7,6,1,1,1,1,0,0,1,0,0,0,1,65,9,29,25,4,27,23,25,23,2,1,1,1,0.93,1,1,1,1,0,1.0
95,File,org.apache.synapse.config.xml.XSLTMediatorFactory,5,5,6,1,31,3,26,1,1,0,1,2,2,0,2,0,0,0,2,112,13,69,27,43,30,39,50,27,23,9,9,11,0.43,10,10,12,2,4,0.0
96,File,org.apache.synapse.config.xml.XSLTMediatorSerializer,5,5,5,1,24,2,22,0,1,0,0,2,2,0,2,0,0,0,2,92,10,57,18,33,25,31,41,19,22,9,9,10,0.44,10,10,11,2,3,0.0
97,File,org.apache.synapse.config.xml.endpoints.AddressEndpointFactory,6,6,6,1,30,3,24,2,1,3,2,7,4,2,7,0,3,0,4,287,36,192,67,133,59,81,125,51,74,30,30,32,0.31,43,43,45,7,5,3.0
98,File,org.apache.synapse.config.xml.endpoints.AddressEndpointSerializer,9,9,9,1,43,7,34,1,1,1,1,3,2,1,3,0,1,0,2,202,30,118,34,83,54,63,91,33,58,22,22,22,0.46,27,27,27,3,2,3.0
99,File,org.apache.synapse.config.xml.endpoints.EndpointAbstractFactory,7,7,7,7,51,6,38,7,1,1,0,1,0,0,1,0,0,0,1,85,11,45,23,30,29,23,31,18,13,7,7,7,0.64,7,7,7,7,2,1.0
100,File,org.apache.synapse.config.xml.endpoints.EndpointAbstractSerializer,7,7,7,7,26,2,17,7,1,1,0,1,0,0,1,0,0,0,1,57,6,22,5,14,29,10,18,5,13,7,7,7,1.32,7,7,7,7,1,1.0
101,File,org.apache.synapse.config.xml.endpoints.EndpointFactory,0,0,0,0,0,0,0,0,1,0,0,1,1,0,1,0,0,0,1,48,4,7,6,0,37,5,6,6,0,0,0,0,5.29,0,0,0,0,0,1.0
102,File,org.apache.synapse.config.xml.endpoints.EndpointSerializer,0,0,0,0,0,0,0,0,1,0,0,1,1,0,1,0,0,0,1,39,4,6,5,0,29,4,5,5,0,0,0,0,4.83,0,0,0,0,0,1.0
103,File,org.apache.synapse.config.xml.endpoints.FailoverEndpointFactory,1,1,1,1,8,1,6,0,1,3,2,7,4,0,7,0,4,0,3,116,23,64,33,33,29,38,50,31,19,3,3,3,0.45,11,11,11,7,2,1.0
104,File,org.apache.synapse.config.xml.endpoints.FailoverEndpointSerializer,4,4,4,1,30,7,23,0,1,0,0,1,1,1,1,0,0,0,1,75,13,35,21,19,27,26,31,21,10,4,4,4,0.77,4,4,4,1,1,1.0
105,File,org.apache.synapse.config.xml.endpoints.IndirectEndpointFactory,1,1,1,1,4,0,4,0,1,3,2,6,3,0,6,0,3,0,3,77,13,39,20,16,25,23,31,20,11,2,2,2,0.64,7,7,7,6,1,1.0
106,File,org.apache.synapse.config.xml.endpoints.IndirectEndpointSerializer,3,3,3,1,17,4,13,0,1,0,0,1,1,1,1,0,0,0,1,56,9,24,14,10,23,16,20,14,6,3,3,3,0.96,3,3,3,1,1,1.0
107,File,org.apache.synapse.config.xml.endpoints.LoadbalanceEndpointFactory,1,1,1,1,11,2,8,0,1,3,2,7,4,0,7,0,4,0,3,136,28,76,39,41,33,46,59,36,23,4,4,5,0.43,12,12,13,7,2,1.0
108,File,org.apache.synapse.config.xml.endpoints.LoadbalanceEndpointSerializer,6,6,6,1,43,9,33,1,1,0,0,1,1,1,1,0,0,0,1,90,15,47,25,27,28,33,40,25,15,6,6,6,0.6,6,6,6,1,1,1.0
109,File,org.apache.synapse.config.xml.endpoints.SALoadbalanceEndpointFactory,2,2,2,1,17,3,10,4,1,3,2,7,4,0,7,0,4,0,3,185,34,93,48,53,59,57,73,44,29,7,7,7,0.63,15,15,15,7,2,1.0
110,File,org.apache.synapse.config.xml.endpoints.SALoadbalanceEndpointSerializer,4,4,4,1,30,6,24,0,1,0,1,2,2,1,2,0,1,0,1,107,20,69,37,41,18,51,61,37,24,8,8,8,0.26,9,9,9,2,1,1.0
111,File,org.apache.synapse.config.xml.endpoints.WSDLEndpointFactory,7,7,7,1,36,4,29,2,1,3,2,7,4,0,7,0,4,0,3,324,47,229,81,159,48,99,150,60,90,24,24,26,0.21,50,50,54,7,6,2.0
112,File,org.apache.synapse.config.xml.endpoints.WSDLEndpointSerializer,9,9,9,1,46,8,36,1,1,1,1,3,2,1,3,0,1,0,2,190,32,125,38,87,33,67,96,36,60,19,19,19,0.26,28,28,28,3,2,2.0
113,File,org.apache.synapse.config.xml.endpoints.XMLToEndpointMapper,1,1,1,1,6,0,4,2,1,1,1,3,2,0,3,0,1,0,2,57,7,21,11,8,29,10,15,11,4,2,2,2,1.38,4,4,4,3,1,1.0
114,File,org.apache.synapse.config.xml.endpoints.utils.LoadbalanceAlgorithmFactory,3,3,3,1,16,4,12,0,1,1,0,1,0,0,1,0,0,0,1,53,9,22,13,8,22,14,18,13,5,3,3,3,1.0,3,3,3,1,1,0.0
115,File,org.apache.synapse.config.xml.endpoints.utils.WSDL11EndpointBuilder,4,4,4,2,29,4,19,5,1,1,1,4,3,0,4,0,2,0,2,174,27,104,50,59,43,68,84,48,36,10,10,10,0.41,16,16,16,11,4,0.0
116,File,org.apache.synapse.config.xml.endpoints.utils.WSDL20EndpointBuilder,0,0,0,0,0,0,0,0,1,0,0,0,0,0,0,0,0,0,0,109,19,17,16,0,73,15,16,16,0,0,0,0,4.29,0,0,0,0,0,0.0
117,File,org.apache.synapse.core.SynapseEnvironment,0,0,0,0,0,0,0,0,1,0,0,9,9,0,9,0,0,0,9,106,13,17,16,0,76,15,16,16,0,0,0,0,4.47,0,0,0,0,0,1.0
118,File,org.apache.synapse.core.axis2.AnonymousServiceFactory,4,4,4,1,30,2,22,5,1,4,9,4,0,0,4,0,3,0,1,181,23,115,41,75,43,66,84,35,49,11,11,14,0.37,16,16,19,7,4,1.0
119,File,org.apache.synapse.core.axis2.AsyncCallback,1,1,1,1,2,0,2,0,1,0,0,10,10,3,10,0,0,0,10,74,16,33,20,8,25,15,26,20,6,1,1,1,0.76,10,10,10,10,0,0.0
120,File,org.apache.synapse.core.axis2.Axis2FlexibleMEPClient,6,6,7,1,42,5,30,7,1,7,1,7,0,0,7,0,5,0,2,364,47,246,78,162,71,119,162,71,91,26,26,30,0.29,44,44,53,7,3,3.0
121,File,org.apache.synapse.core.axis2.Axis2MessageContext,1,1,1,1,6,0,5,0,1,3,1,60,57,10,60,0,2,0,58,519,88,370,124,200,61,175,267,124,143,11,11,12,0.16,91,91,101,70,6,0.0
122,File,org.apache.synapse.core.axis2.Axis2Sender,3,3,4,1,22,2,14,5,1,3,1,3,0,0,3,0,1,0,2,115,15,62,27,31,38,35,44,25,19,6,6,9,0.61,9,9,12,3,2,1.0
123,File,org.apache.synapse.core.axis2.Axis2SynapseEnvironment,2,2,2,1,19,1,13,4,1,0,1,11,11,5,11,0,0,0,11,284,40,175,53,108,69,88,120,50,70,11,11,11,0.39,32,32,32,11,4,3.0
124,File,org.apache.synapse.core.axis2.DynamicAxisOperation,2,2,2,1,21,3,11,6,2,0,0,9,9,0,9,1,1,0,7,249,41,129,41,75,79,71,94,38,56,9,9,10,0.61,22,22,23,9,4,2.0
125,File,org.apache.synapse.core.axis2.MediatorDeployer,3,3,3,1,20,1,13,5,1,0,1,7,7,1,7,0,2,0,5,202,24,113,47,68,65,63,82,46,36,13,13,13,0.58,21,21,21,7,3,0.0
126,File,org.apache.synapse.core.axis2.MessageContextCreatorForAxis2,1,1,1,1,5,0,5,0,1,3,3,3,0,0,3,0,0,0,3,61,10,29,18,10,22,18,23,17,6,2,2,3,0.76,4,4,5,3,1,0.0
127,File,org.apache.synapse.core.axis2.ProxyService,2,2,2,1,9,0,7,1,1,0,3,52,52,23,52,0,5,0,47,717,91,445,133,265,181,214,322,132,190,53,53,56,0.41,112,112,115,52,7,4.0
128,File,org.apache.synapse.core.axis2.ProxyServiceMessageReceiver,5,5,6,1,29,3,22,2,1,0,2,6,6,2,6,0,3,0,3,224,35,150,33,105,39,67,99,32,67,23,23,26,0.26,35,35,38,6,4,2.0
129,File,org.apache.synapse.core.axis2.SOAPUtils,13,13,14,1,98,17,64,22,1,3,4,3,0,0,3,0,0,0,3,341,61,210,84,147,86,100,141,70,71,19,19,20,0.41,40,40,42,3,7,0.0
130,File,org.apache.synapse.core.axis2.SynapseAxisServlet,1,1,1,1,8,0,5,3,1,0,0,2,2,0,2,0,0,0,2,55,7,21,12,7,27,15,18,12,6,1,1,1,1.29,2,2,2,2,0,2.0
131,File,org.apache.synapse.core.axis2.SynapseCallbackReceiver,7,7,9,1,52,6,36,10,1,0,1,5,5,1,5,0,2,0,3,327,42,206,59,140,80,108,145,59,86,22,22,28,0.39,39,39,49,8,5,3.0
132,File,org.apache.synapse.core.axis2.SynapseDispatcher,1,1,1,1,4,0,4,0,1,0,0,3,3,0,3,0,0,0,3,55,7,26,19,8,23,18,22,19,3,1,1,1,0.88,3,3,3,3,0,0.0
133,File,org.apache.synapse.core.axis2.SynapseInitializationModule,2,2,2,1,21,2,17,1,1,1,1,6,5,1,6,0,1,0,5,188,28,128,53,77,32,83,100,49,51,8,8,8,0.25,16,16,16,6,3,1.0
134,File,org.apache.synapse.core.axis2.SynapseMessageReceiver,5,5,6,1,26,3,21,1,1,0,2,3,3,0,3,0,2,0,1,124,18,79,26,48,27,42,57,26,31,10,10,13,0.34,17,17,20,3,4,0.0
135,File,org.apache.synapse.core.axis2.SynapseMustUnderstandHandler,4,4,5,1,25,6,16,3,1,0,0,1,1,0,1,0,0,0,1,63,11,26,14,11,26,16,21,14,7,4,4,5,1.0,4,4,5,1,3,0.0
136,File,org.apache.synapse.core.axis2.SynapseStartUpServlet,3,3,3,1,15,0,13,1,1,0,1,6,6,0,6,0,1,2,3,139,13,97,36,53,30,42,62,32,30,7,7,8,0.31,19,19,20,10,4,0.0
137,File,org.apache.synapse.core.axis2.TimeoutHandler,3,3,3,1,21,4,13,4,1,0,1,4,4,4,4,0,2,0,2,150,26,71,27,42,53,37,55,28,27,9,9,9,0.75,15,15,15,4,7,0.0
138,File,org.apache.synapse.endpoints.AddressEndpoint,2,2,2,1,12,1,7,3,1,0,2,15,15,6,15,0,0,3,12,274,43,137,42,78,94,59,93,41,52,13,13,15,0.69,35,35,40,15,3,1.0
139,File,org.apache.synapse.endpoints.Endpoint,0,0,0,0,0,0,0,0,1,0,0,7,7,0,7,0,0,0,7,100,10,11,10,0,79,9,10,10,0,0,0,0,7.18,0,0,0,0,0,0.0
140,File,org.apache.synapse.endpoints.FailoverEndpoint,2,2,2,1,9,0,7,1,1,0,0,9,9,5,9,0,0,0,9,165,26,75,23,41,64,37,57,25,32,7,7,7,0.85,19,19,19,12,4,1.0
141,File,org.apache.synapse.endpoints.IndirectEndpoint,2,2,2,1,10,0,7,1,1,0,2,12,12,5,12,0,1,1,10,185,27,108,37,62,50,50,76,37,39,5,5,6,0.46,25,25,27,12,3,1.0
142,File,org.apache.synapse.endpoints.LoadbalanceEndpoint,1,1,1,1,7,0,5,1,1,0,0,13,13,6,13,0,0,0,13,190,32,84,30,41,74,37,60,31,29,5,5,5,0.88,22,22,22,13,3,1.0
143,File,org.apache.synapse.endpoints.SALoadbalanceEndpoint,1,1,1,1,11,1,6,3,1,1,2,16,15,6,16,0,2,0,14,296,56,125,46,68,115,63,91,46,45,8,8,8,0.92,27,27,28,16,4,1.0
144,File,org.apache.synapse.endpoints.WSDLEndpoint,1,1,2,1,8,0,6,1,1,0,2,23,23,10,23,0,0,3,20,295,48,167,57,86,80,72,114,55,59,13,13,15,0.48,43,43,48,23,3,1.0
145,File,org.apache.synapse.endpoints.algorithms.LoadbalanceAlgorithm,0,0,0,0,0,0,0,0,1,0,0,2,2,0,2,0,0,0,2,43,5,7,6,0,31,5,6,6,0,0,0,0,4.43,0,0,0,0,0,0.0
146,File,org.apache.synapse.endpoints.algorithms.RoundRobin,2,2,2,1,13,2,8,2,1,0,0,3,3,2,3,0,0,0,3,77,14,33,12,18,30,17,24,12,12,4,4,4,0.91,6,6,6,5,2,0.0
147,File,org.apache.synapse.endpoints.dispatch.Dispatcher,0,0,0,0,0,0,0,0,1,0,0,4,4,0,4,0,0,0,4,68,7,9,8,0,52,7,8,8,0,0,0,0,5.78,0,0,0,0,0,0.0
148,File,org.apache.synapse.endpoints.dispatch.HttpSessionDispatcher,3,3,3,1,20,2,12,5,1,0,0,4,4,1,4,0,0,0,4,128,20,58,30,29,50,27,41,27,14,4,4,5,0.86,12,12,15,4,3,0.0
149,File,org.apache.synapse.endpoints.dispatch.SimpleClientSessionDispatcher,3,3,3,1,12,1,10,1,1,0,0,4,4,1,4,0,0,0,4,98,16,53,25,25,32,22,36,22,14,4,4,5,0.6,12,12,15,7,3,0.0
150,File,org.apache.synapse.endpoints.dispatch.SoapSessionDispatcher,3,3,3,1,22,3,12,7,1,0,0,4,4,1,4,0,0,0,4,131,23,60,30,31,53,25,40,25,15,5,5,5,0.88,13,13,15,4,4,0.0
151,File,org.apache.synapse.endpoints.utils.EndpointDefinition,1,1,1,1,4,0,3,1,1,0,0,34,34,17,34,0,0,0,34,268,42,123,54,51,103,53,88,54,34,1,1,1,0.84,34,34,34,34,0,1.0
152,File,org.apache.synapse.mediators.AbstractListMediator,2,2,2,1,8,0,6,1,1,0,0,9,9,1,9,0,0,0,9,128,22,72,25,33,34,36,53,27,26,4,4,4,0.47,18,18,18,11,3,0.0
153,File,org.apache.synapse.mediators.AbstractMediator,2,2,2,1,11,0,6,5,1,0,1,14,14,2,14,0,0,9,5,222,19,103,27,52,100,39,68,27,41,3,3,3,0.97,28,28,33,14,1,0.0
154,File,org.apache.synapse.mediators.FilterMediator,0,0,0,0,0,0,0,0,1,0,0,1,1,0,1,0,0,0,1,39,4,5,4,0,30,3,4,4,0,0,0,0,6.0,0,0,0,0,0,0.0
155,File,org.apache.synapse.mediators.GetPropertyFunction,7,7,8,6,35,3,28,3,1,0,3,5,5,1,5,0,1,0,4,235,32,163,49,112,40,75,113,45,68,26,26,31,0.25,37,37,44,30,3,0.0
156,File,org.apache.synapse.mediators.ListMediator,0,0,0,0,0,0,0,0,1,0,0,6,6,0,6,0,0,0,6,72,10,11,10,0,51,9,10,10,0,0,0,0,4.64,0,0,0,0,0,0.0
157,File,org.apache.synapse.mediators.MediatorFaultHandler,1,1,2,1,11,1,6,4,1,0,2,5,5,1,5,0,1,0,4,107,16,41,17,20,50,21,31,17,14,4,4,5,1.22,9,9,10,5,1,0.0
158,File,org.apache.synapse.mediators.MediatorProperty,1,1,1,1,2,0,2,0,1,0,4,8,8,3,8,0,0,0,8,75,15,37,22,11,23,20,29,22,7,1,1,1,0.62,8,8,8,8,0,0.0
159,File,org.apache.synapse.mediators.MediatorWorker,3,3,3,1,17,1,12,4,1,0,2,4,4,2,4,0,1,0,3,114,15,59,15,37,40,29,41,15,26,6,6,6,0.68,12,12,12,4,2,0.0
160,File,org.apache.synapse.mediators.base.SequenceMediator,2,2,2,1,16,1,9,5,1,0,0,13,13,6,13,0,0,0,13,281,41,137,43,81,103,60,92,42,50,22,22,26,0.75,34,34,38,15,5,0.0
161,File,org.apache.synapse.mediators.base.SynapseMediator,8,8,10,1,47,7,32,8,1,0,0,1,1,0,1,0,0,0,1,87,11,41,16,24,35,22,30,15,15,8,8,10,0.85,8,8,10,1,2,0.0
162,File,org.apache.synapse.mediators.builtin.CacheMediator,2,2,2,1,14,1,10,2,1,0,1,20,20,9,20,0,3,0,17,353,60,230,59,145,65,101,151,57,94,15,15,17,0.28,48,48,54,22,4,0.0
163,File,org.apache.synapse.mediators.builtin.DropMediator,4,4,5,1,31,5,17,9,1,0,0,1,1,0,1,0,0,0,1,65,9,26,11,12,30,16,21,11,10,4,4,5,1.15,4,4,5,1,2,0.0
164,File,org.apache.synapse.mediators.builtin.LogMediator,2,2,2,1,9,0,8,0,1,0,5,15,15,3,15,0,7,0,8,219,29,152,50,94,38,79,114,52,62,8,8,8,0.25,41,38,43,15,4,0.0
165,File,org.apache.synapse.mediators.builtin.PropertyMediator,3,3,4,1,13,1,10,1,1,0,2,11,11,5,11,0,0,0,11,221,33,142,59,87,46,65,95,51,44,23,23,34,0.32,33,33,44,11,4,0.0
166,File,org.apache.synapse.mediators.builtin.RMSequenceMediator,2,2,2,1,12,1,10,0,1,0,4,15,15,4,15,0,5,0,10,249,41,189,61,116,20,91,128,60,68,12,12,13,0.11,37,37,39,19,3,1.0
167,File,org.apache.synapse.mediators.builtin.SendMediator,5,5,6,1,23,3,17,3,1,0,0,3,3,1,3,0,0,0,3,116,17,65,25,37,34,35,48,25,23,13,13,17,0.52,15,15,19,3,4,0.0
168,File,org.apache.synapse.mediators.builtin.ValidateMediator,2,2,2,1,16,1,10,4,2,0,1,17,17,8,17,0,2,0,15,408,59,226,84,130,126,122,164,82,82,18,18,23,0.56,43,43,49,25,4,0.0
169,File,org.apache.synapse.mediators.db.AbstractDBMediator,3,2,3,1,15,1,12,2,1,0,0,13,13,3,13,0,0,3,10,258,32,167,47,100,59,83,105,47,58,22,7,22,0.35,40,25,41,12,2,0.0
170,File,org.apache.synapse.mediators.db.DBLookupMediator,10,10,10,1,57,8,47,2,1,0,0,1,1,0,1,0,0,1,0,92,14,55,17,36,23,23,34,17,17,10,10,10,0.42,10,10,10,1,5,0.0
171,File,org.apache.synapse.mediators.db.DBReportMediator,5,5,5,1,25,3,22,0,1,0,0,1,1,0,1,0,0,1,0,57,8,28,10,16,21,11,17,10,7,5,5,5,0.75,5,5,5,1,3,0.0
172,File,org.apache.synapse.mediators.db.Statement,2,2,2,1,6,0,6,0,2,0,0,10,10,6,10,1,0,0,9,124,18,84,26,51,22,42,70,26,44,17,17,17,0.26,26,26,26,10,1,0.0
173,File,org.apache.synapse.mediators.eip.EIPConstants,0,0,0,0,0,0,0,0,1,0,3,0,0,0,0,0,0,0,0,33,5,6,5,3,22,4,5,5,0,0,0,0,3.67,0,0,0,0,0,0.0
174,File,org.apache.synapse.mediators.eip.EIPUtils,4,4,4,1,24,1,15,7,1,3,1,3,0,0,3,0,0,0,3,120,13,60,27,30,47,33,45,25,20,5,5,6,0.78,12,12,14,5,3,0.0
175,File,org.apache.synapse.mediators.eip.Target,1,1,1,1,5,0,4,0,1,0,0,13,13,6,13,0,0,0,13,154,28,78,28,37,48,33,56,28,28,10,10,10,0.62,22,22,22,13,2,0.0
176,File,org.apache.synapse.mediators.eip.aggregator.Aggregate,1,1,1,1,6,0,5,1,1,0,2,15,15,6,15,0,0,0,15,190,34,95,37,45,61,42,67,36,31,6,6,8,0.64,24,24,28,15,4,2.0
177,File,org.apache.synapse.mediators.eip.aggregator.AggregateMediator,2,2,2,1,10,1,7,1,1,0,2,29,29,14,29,0,1,0,28,453,81,266,75,160,106,112,174,74,100,22,22,24,0.4,62,62,68,37,5,3.0
178,File,org.apache.synapse.mediators.eip.splitter.CloneMediator,2,2,2,1,13,1,8,3,1,0,0,7,7,2,7,0,1,0,6,158,27,72,31,34,59,38,54,30,24,8,8,10,0.82,15,15,17,7,3,0.0
179,File,org.apache.synapse.mediators.eip.splitter.IterateMediator,2,2,2,1,13,1,9,2,1,0,0,11,11,5,11,0,0,0,11,238,42,125,46,69,71,63,89,47,42,16,16,20,0.57,26,26,30,11,5,0.0
180,File,org.apache.synapse.mediators.ext.ClassMediator,2,2,2,1,10,1,7,1,1,0,0,7,7,2,7,0,0,0,7,130,19,70,24,33,41,33,51,24,27,6,6,7,0.59,17,17,18,7,2,0.0
181,File,org.apache.synapse.mediators.ext.POJOCommandMediator,4,4,4,1,21,2,16,2,1,0,0,8,8,3,8,0,1,0,7,234,34,143,33,99,57,70,100,36,64,14,14,15,0.4,32,32,33,8,5,1.0
182,File,org.apache.synapse.mediators.filters.FilterMediator,2,2,3,1,13,1,9,2,1,0,0,8,8,3,8,0,0,0,8,158,26,95,30,54,38,43,65,30,35,9,9,10,0.4,23,23,25,13,3,0.0
183,File,org.apache.synapse.mediators.filters.InMediator,4,4,4,1,23,3,14,6,1,0,0,2,2,0,2,0,0,0,2,84,12,36,12,18,36,17,26,12,14,7,7,8,1.0,8,8,9,2,2,0.0
184,File,org.apache.synapse.mediators.filters.OutMediator,4,4,4,1,23,3,14,6,1,0,0,2,2,0,2,0,0,0,2,84,12,36,12,18,36,17,26,12,14,7,7,8,1.0,8,8,9,2,2,0.0
185,File,org.apache.synapse.mediators.filters.SwitchMediator,2,2,3,1,17,1,10,5,1,0,0,7,7,3,7,0,0,0,7,176,24,86,26,47,66,40,61,27,34,14,14,17,0.77,20,20,23,12,6,0.0
186,File,org.apache.synapse.mediators.transform.FaultMediator,2,2,3,1,11,1,9,0,1,0,3,23,23,8,23,0,6,0,17,370,55,257,77,161,58,125,180,75,105,17,17,18,0.23,60,57,69,27,4,2.0
187,File,org.apache.synapse.mediators.transform.HeaderMediator,3,3,4,1,13,1,11,0,1,0,2,11,11,4,11,0,2,0,9,223,31,155,51,93,37,73,114,50,64,24,24,27,0.24,42,42,46,11,5,0.0
188,File,org.apache.synapse.mediators.transform.XSLTMediator,4,4,5,1,27,3,20,3,1,0,3,16,16,9,16,0,4,0,12,606,94,383,112,250,131,193,266,108,158,43,43,47,0.34,76,76,84,25,5,7.0
189,File,org.apache.synapse.metrics.Counter,1,1,1,1,3,0,3,0,1,0,0,2,2,1,2,0,0,0,2,37,5,10,5,3,22,4,7,5,2,1,1,1,2.2,2,2,2,2,0,0.0
190,File,org.apache.synapse.metrics.GlobalRequestCountHandler,1,1,1,1,8,0,7,1,1,0,0,1,1,0,1,0,0,0,1,41,5,13,6,5,23,7,9,6,3,1,1,1,1.77,1,1,1,1,0,0.0
191,File,org.apache.synapse.metrics.MetricsAggregatorModule,1,1,1,1,3,0,3,0,1,0,0,5,5,0,5,0,0,0,5,60,9,27,19,7,24,17,23,19,4,1,1,1,0.89,5,5,5,5,0,0.0
192,File,org.apache.synapse.metrics.MetricsConstants,0,0,0,0,0,0,0,0,1,0,2,0,0,0,0,0,0,0,0,28,2,5,4,2,21,3,4,4,0,0,0,0,4.2,0,0,0,0,0,0.0
193,File,org.apache.synapse.registry.AbstractRegistry,4,4,4,2,23,3,15,4,1,0,1,5,5,1,5,0,1,0,4,165,28,93,24,57,44,44,66,24,42,17,17,20,0.47,21,21,24,10,3,0.0
194,File,org.apache.synapse.registry.Registry,0,0,0,0,0,0,0,0,1,0,0,8,8,0,8,0,0,0,8,88,12,14,13,0,62,12,13,13,0,0,0,0,4.43,0,0,0,0,0,0.0
195,File,org.apache.synapse.registry.RegistryEntry,0,0,0,0,0,0,0,0,1,0,0,8,8,0,8,0,0,0,8,54,11,12,11,0,31,10,11,11,0,0,0,0,2.58,0,0,0,0,0,0.0
196,File,org.apache.synapse.registry.url.SimpleURLRegistry,4,4,4,3,21,2,19,0,1,0,2,9,9,0,9,0,2,0,7,255,37,191,52,126,27,105,143,55,88,10,10,10,0.14,43,43,43,29,5,0.0
197,File,org.apache.synapse.registry.url.URLRegistryEntry,1,1,1,1,3,0,3,0,1,0,0,17,17,8,17,0,0,0,17,116,22,76,31,32,18,31,49,31,18,1,1,1,0.24,17,17,17,17,0,0.0
198,File,org.apache.synapse.startup.AbstractStartup,1,1,1,1,8,0,3,5,1,0,0,2,2,1,2,0,0,0,2,52,6,11,6,3,35,5,8,6,2,1,1,1,3.18,2,2,2,2,0,0.0
199,File,org.apache.synapse.startup.Task,0,0,0,0,0,0,0,0,1,0,0,1,1,0,1,0,0,0,1,31,3,4,3,0,24,2,3,3,0,0,0,0,6.0,0,0,0,0,0,0.0
200,File,org.apache.synapse.startup.quartz.SimpleQuartz,1,1,1,1,7,0,6,0,1,0,2,13,13,6,13,0,0,0,13,167,32,108,45,52,27,66,85,45,40,4,4,4,0.25,18,18,18,13,3,0.0
201,File,org.apache.synapse.startup.quartz.SimpleQuartzFactory,4,4,5,1,22,2,18,0,1,0,4,5,5,0,5,0,2,0,3,173,28,115,37,74,30,58,81,33,48,18,18,25,0.26,22,22,29,5,4,0.0
202,File,org.apache.synapse.startup.quartz.SimpleQuartzJob,3,3,3,1,14,1,12,0,1,0,4,3,3,0,3,0,2,0,1,71,12,59,30,30,0,35,45,27,18,7,7,7,0.0,9,9,9,3,2,0.0
203,File,org.apache.synapse.startup.quartz.SimpleQuartzSerializer,7,7,8,1,35,7,28,0,1,0,4,1,1,0,1,0,0,0,1,79,14,47,23,25,18,27,36,21,15,7,7,8,0.38,7,7,8,1,2,0.0
204,File,org.apache.synapse.startup.tasks.MessageInjector,1,1,1,1,10,0,6,4,1,0,0,6,6,5,6,0,0,0,6,130,18,54,23,25,58,32,43,23,20,5,5,5,1.07,10,10,10,9,1,0.0
205,File,org.apache.synapse.statistics.Statistics,1,1,1,1,9,0,5,3,1,0,0,6,6,6,6,0,0,0,6,100,9,42,15,22,49,20,31,15,16,5,5,5,1.17,10,10,10,6,1,0.0
206,File,org.apache.synapse.statistics.StatisticsCollector,1,1,1,1,11,0,6,5,1,0,0,9,9,3,9,0,0,0,9,154,17,62,25,30,75,30,43,19,24,2,2,2,1.21,12,12,12,9,1,0.0
207,File,org.apache.synapse.statistics.StatisticsHolder,1,1,1,1,9,0,4,4,1,0,0,8,8,4,8,0,0,0,8,116,15,43,15,16,58,17,29,14,15,4,4,4,1.35,11,11,11,8,2,0.0
208,File,org.apache.synapse.statistics.StatisticsStack,0,0,0,0,0,0,0,0,1,0,0,4,4,0,4,0,0,0,4,66,7,11,10,0,48,5,6,6,0,0,0,0,4.36,0,0,0,0,0,0.0
209,File,org.apache.synapse.statistics.StatisticsUtils,2,2,2,1,18,0,13,5,1,5,0,5,0,0,5,0,1,0,4,131,8,75,37,46,48,37,52,32,20,4,4,4,0.64,14,14,14,5,3,0.0
210,File,org.apache.synapse.statistics.impl.EndPointStatisticsStack,4,4,6,1,20,0,16,3,2,0,0,7,7,7,7,0,0,0,7,201,17,132,39,83,52,57,85,35,50,7,7,11,0.39,30,30,42,10,5,0.0
211,File,org.apache.synapse.statistics.impl.ProxyServiceStatisticsStack,1,1,2,1,12,0,7,4,1,0,1,5,5,6,5,0,1,0,4,114,9,54,23,26,51,28,38,19,19,3,3,5,0.94,9,9,13,5,1,0.0
212,File,org.apache.synapse.statistics.impl.SequenceStatisticsStack,2,2,3,1,13,0,9,3,2,0,0,8,8,6,8,0,1,0,7,167,19,91,35,44,57,40,60,29,31,5,5,7,0.63,20,20,24,11,4,0.0
213,File,org.apache.synapse.util.FixedByteArrayOutputStream,1,1,1,1,5,0,5,0,1,0,0,3,3,0,3,0,0,0,3,44,6,20,7,7,18,8,14,7,7,2,2,2,0.9,5,5,5,3,1,0.0
214,File,org.apache.synapse.util.MessageHelper,4,4,5,1,33,4,20,8,1,7,0,7,0,0,7,0,1,0,6,268,40,165,53,103,63,88,124,54,70,6,6,7,0.38,29,29,35,7,3,1.0
215,File,org.apache.synapse.util.PayloadHelper,2,2,2,1,11,0,10,0,1,21,9,21,0,0,21,0,0,0,21,302,37,255,77,162,12,128,185,75,110,5,5,5,0.05,57,57,57,37,2,0.0
216,File,org.apache.synapse.util.SimpleMap,0,0,0,0,0,0,0,0,1,0,0,22,22,0,22,0,0,0,22,42,5,26,25,0,11,24,25,25,0,0,0,0,0.42,0,0,0,0,0,0.0
217,File,org.apache.synapse.util.SimpleMapImpl,2,2,2,1,9,0,8,0,1,0,15,26,26,0,26,0,0,0,26,322,60,258,79,171,5,126,188,79,109,16,16,17,0.02,63,63,64,32,5,0.0
218,File,org.apache.synapse.util.TextFileDataSource,2,2,2,1,13,1,11,0,2,1,3,10,9,3,10,0,1,0,9,150,21,106,42,55,25,50,73,41,32,5,5,8,0.24,22,22,26,16,2,5.0
219,File,org.apache.synapse.util.UUIDGenerator,6,6,6,1,33,2,26,4,1,2,4,2,0,0,2,0,0,1,1,107,11,65,21,44,31,38,51,22,29,8,8,8,0.48,12,12,12,2,2,0.0
220,File,org.apache.synapse.util.concurrent.SynapseThreadFactory,1,1,1,1,15,0,8,7,1,0,0,2,2,3,2,0,0,0,2,72,9,24,11,12,39,18,21,11,10,1,1,1,1.63,2,2,2,2,0,0.0
221,File,org.apache.synapse.util.concurrent.SynapseThreadPool,1,1,1,1,13,0,5,8,1,0,12,3,3,0,3,0,0,0,3,89,9,33,21,20,47,18,22,19,3,1,1,1,1.42,3,3,3,3,0,0.0
