,Kind,Name,AvgCyclomatic,AvgCyclomaticModified,AvgCyclomaticStrict,AvgEssential,AvgLine,AvgLineBlank,AvgLineCode,AvgLineComment,CountDeclClass,CountDeclClassMethod,CountDeclClassVariable,CountDeclFunction,CountDeclInstanceMethod,CountDeclInstanceVariable,CountDeclMethod,CountDeclMethodDefault,CountDeclMethodPrivate,CountDeclMethodProtected,CountDeclMethodPublic,CountLine,CountLineBlank,CountLineCode,CountLineCodeDecl,CountLineCodeExe,CountLineComment,CountSemicolon,CountStmt,CountStmtDecl,CountStmtExe,MaxCyclomatic,MaxCyclomaticModified,MaxCyclomaticStrict,RatioCommentToCode,SumCyclomatic,SumCyclomaticModified,SumCyclomaticStrict,SumEssential,MaxNesting,bug
0,File,org.apache.synapse.Constants,0,0,0,0,0,0,0,0,1,0,5,0,0,57,0,0,0,0,0,217,49,69,68,62,100,66,67,67,0,0,0,0,1.45,0,0,0,0,0,0.0
1,File,org.apache.synapse.FaultHandler,3,3,3,1,13,2,11,0,1,1,0,4,3,0,4,0,1,0,3,86,14,41,14,21,31,19,29,14,15,5,5,6,0.76,9,9,11,3,2,0.0
2,File,org.apache.synapse.Mediator,0,0,0,0,0,0,0,0,1,0,0,4,4,0,4,0,0,0,4,59,7,8,7,0,44,6,7,7,0,0,0,0,5.5,0,0,0,0,0,0.0
3,File,org.apache.synapse.MessageContext,0,0,0,0,0,0,0,0,1,0,0,47,47,0,47,0,0,0,47,317,54,59,58,0,204,57,58,58,0,0,0,0,3.46,0,0,0,0,0,0.0
4,File,org.apache.synapse.SynapseException,1,1,1,1,3,0,3,0,1,0,1,3,3,0,3,0,0,0,3,41,7,13,6,4,21,5,9,6,3,1,1,1,1.62,3,3,3,3,0,0.0
5,File,org.apache.synapse.SynapseServer,5,5,5,2,31,4,26,1,1,3,1,3,0,0,3,0,1,0,2,141,21,94,32,61,26,49,66,28,38,9,9,9,0.28,16,16,17,6,4,1.0
6,File,org.apache.synapse.config.Entry,1,1,1,1,3,0,3,0,1,0,5,24,24,7,24,0,1,0,23,171,31,97,42,35,43,43,70,42,28,2,2,3,0.44,26,26,27,24,1,0.0
7,File,org.apache.synapse.config.SynapseConfiguration,1,1,2,1,11,0,6,4,1,0,1,29,29,5,29,0,1,0,28,438,46,228,75,122,164,109,165,75,90,5,5,8,0.72,55,55,65,40,4,0.0
8,File,org.apache.synapse.config.SynapseConfigurationBuilder,1,1,1,1,12,0,8,4,1,3,1,3,0,0,3,0,1,0,2,82,11,38,19,18,33,26,31,19,12,3,3,3,0.87,5,5,5,5,1,0.0
9,File,org.apache.synapse.config.Util,3,3,3,2,20,1,14,4,1,7,1,7,0,0,7,0,2,0,5,192,24,122,43,75,47,67,89,41,48,6,6,6,0.39,21,21,21,20,3,0.0
10,File,org.apache.synapse.config.XMLToObjectMapper,0,0,0,0,0,0,0,0,1,0,0,1,1,0,1,0,0,0,1,36,4,5,4,0,27,3,4,4,0,0,0,0,5.4,0,0,0,0,0,0.0
11,File,org.apache.synapse.config.xml.AbstractListMediatorFactory,3,3,3,1,14,0,14,0,1,1,1,1,0,0,1,0,0,1,0,53,6,25,15,11,22,16,20,15,5,3,3,3,0.88,3,3,3,1,2,0.0
12,File,org.apache.synapse.config.xml.AbstractListMediatorSerializer,2,2,2,1,8,0,8,0,1,2,1,2,0,0,2,0,1,1,0,54,8,28,15,11,18,16,21,15,6,3,3,3,0.64,4,4,4,2,2,0.0
13,File,org.apache.synapse.config.xml.AbstractMediatorFactory,5,5,5,1,22,2,14,6,1,0,0,1,1,0,1,0,0,1,0,52,7,21,10,9,24,9,15,9,6,5,5,5,1.14,5,5,5,1,3,0.0
14,File,org.apache.synapse.config.xml.AbstractMediatorSerializer,2,2,2,1,12,1,10,1,1,2,4,5,3,0,5,0,1,1,3,111,16,70,31,38,25,38,53,31,22,5,5,5,0.36,14,14,14,5,2,0.0
15,File,org.apache.synapse.config.xml.AnonymousListMediator,1,1,1,1,3,0,3,0,1,0,0,1,1,0,1,0,0,0,1,35,5,8,5,1,22,4,6,5,1,1,1,1,2.75,1,1,1,1,0,0.0
16,File,org.apache.synapse.config.xml.AnonymousListMediatorFactory,1,1,1,1,12,0,7,5,1,1,1,1,0,0,1,0,0,0,1,52,8,17,11,4,27,11,13,11,2,1,1,1,1.59,1,1,1,1,0,0.0
17,File,org.apache.synapse.config.xml.AnonymousListMediatorSerializer,1,1,1,1,9,0,6,3,1,2,1,2,0,0,2,0,1,0,1,55,6,21,11,8,28,13,17,11,6,2,2,2,1.33,3,3,3,2,1,0.0
18,File,org.apache.synapse.config.xml.ClassMediatorFactory,2,2,2,1,14,2,11,1,1,0,2,2,2,0,2,0,0,0,2,78,13,36,19,19,29,25,30,19,11,3,3,3,0.81,4,4,4,2,1,0.0
19,File,org.apache.synapse.config.xml.ClassMediatorSerializer,2,2,2,1,10,1,9,0,1,0,1,3,3,0,3,0,1,0,2,74,11,38,15,19,25,21,28,15,13,4,4,4,0.66,6,6,6,3,1,0.0
20,File,org.apache.synapse.config.xml.Constants,0,0,0,0,0,0,0,0,1,0,19,0,0,19,0,0,0,0,0,103,10,51,50,38,42,40,41,41,0,0,0,0,0.82,0,0,0,0,0,0.0
21,File,org.apache.synapse.config.xml.DropMediatorFactory,1,1,1,1,6,1,4,1,1,0,1,2,2,0,2,0,0,0,2,52,9,16,10,5,27,10,13,10,3,1,1,1,1.69,2,2,2,2,0,0.0
22,File,org.apache.synapse.config.xml.DropMediatorSerializer,1,1,1,1,7,1,6,0,1,0,1,3,3,0,3,0,1,0,2,58,10,30,14,12,18,17,23,14,9,3,3,3,0.6,5,5,5,3,1,0.0
23,File,org.apache.synapse.config.xml.EntryFactory,3,3,3,1,17,2,14,1,1,2,1,3,1,0,3,0,1,0,2,94,14,59,23,33,21,35,45,23,22,6,6,7,0.36,9,9,10,3,3,0.0
24,File,org.apache.synapse.config.xml.EntrySerializer,5,5,6,3,22,0,18,3,1,2,4,2,0,0,2,0,1,0,1,88,7,56,26,33,25,33,44,25,19,9,9,11,0.45,10,10,12,6,2,0.0
25,File,org.apache.synapse.config.xml.FaultMediatorFactory,9,9,11,1,62,7,53,1,1,0,12,2,2,0,2,0,0,0,2,193,26,134,53,100,33,86,106,53,53,18,18,21,0.25,19,19,22,2,3,0.0
26,File,org.apache.synapse.config.xml.FaultMediatorSerializer,4,4,4,1,25,4,21,0,1,0,3,3,3,0,3,0,1,0,2,130,24,77,22,52,29,39,54,22,32,12,12,12,0.38,14,14,14,3,1,0.0
27,File,org.apache.synapse.config.xml.FilterMediatorFactory,4,4,7,1,32,3,28,1,1,0,2,2,2,0,2,0,0,0,2,117,15,73,28,48,29,46,56,28,28,8,8,13,0.4,9,9,14,2,3,0.0
28,File,org.apache.synapse.config.xml.FilterMediatorSerializer,2,2,2,1,14,2,11,0,1,0,1,3,3,0,3,0,1,0,2,85,15,45,14,26,25,24,32,14,18,5,5,6,0.56,7,7,8,3,1,0.0
29,File,org.apache.synapse.config.xml.HeaderMediatorFactory,5,5,8,1,34,4,27,3,1,0,2,2,2,0,2,0,0,0,2,125,16,72,32,45,37,44,56,32,24,10,10,16,0.51,11,11,17,2,4,0.0
30,File,org.apache.synapse.config.xml.HeaderMediatorSerializer,3,3,4,1,18,2,16,0,1,0,1,3,3,0,3,0,1,0,2,104,15,60,16,37,29,27,38,16,22,9,9,10,0.48,11,11,12,3,2,0.0
31,File,org.apache.synapse.config.xml.InMediatorFactory,1,1,1,1,5,0,4,1,1,0,1,2,2,0,2,0,0,0,2,53,7,17,10,6,29,11,14,10,4,1,1,1,1.71,2,2,2,2,0,0.0
32,File,org.apache.synapse.config.xml.InMediatorSerializer,1,1,1,1,8,1,6,0,1,0,1,3,3,0,3,0,1,0,2,60,11,31,14,13,18,18,24,14,10,3,3,3,0.58,5,5,5,3,1,0.0
33,File,org.apache.synapse.config.xml.LogMediatorFactory,4,4,4,1,18,3,13,2,1,0,6,2,2,0,2,0,0,0,2,87,14,42,21,25,31,27,36,21,15,7,7,7,0.74,8,8,8,2,2,0.0
34,File,org.apache.synapse.config.xml.LogMediatorSerializer,3,3,3,1,12,2,10,0,1,0,1,3,3,0,3,0,1,0,2,82,14,43,14,23,25,20,28,14,14,8,8,8,0.58,10,10,10,3,1,0.0
35,File,org.apache.synapse.config.xml.MediatorFactory,0,0,0,0,0,0,0,0,1,0,0,2,2,0,2,0,0,0,2,44,5,8,7,0,31,6,7,7,0,0,0,0,3.88,0,0,0,0,0,0.0
36,File,org.apache.synapse.config.xml.MediatorFactoryFinder,2,2,2,1,13,1,9,2,1,1,4,9,8,0,9,0,4,0,5,207,28,123,58,77,56,65,84,43,41,6,6,7,0.46,19,19,20,11,2,0.0
37,File,org.apache.synapse.config.xml.MediatorPropertyFactory,8,8,12,1,64,13,50,1,1,1,1,1,0,0,1,0,0,0,1,114,19,66,29,43,29,43,52,29,23,8,8,12,0.44,8,8,12,1,4,0.0
38,File,org.apache.synapse.config.xml.MediatorSerializer,0,0,0,0,0,0,0,0,1,0,0,2,2,0,2,0,0,0,2,44,5,7,6,0,32,5,6,6,0,0,0,0,4.57,0,0,0,0,0,0.0
39,File,org.apache.synapse.config.xml.MediatorSerializerFinder,2,2,2,1,10,0,8,1,1,2,4,5,3,0,5,0,3,0,2,122,17,76,42,46,29,36,47,27,20,4,4,4,0.38,11,11,11,5,2,0.0
40,File,org.apache.synapse.config.xml.OMElementUtils,3,3,4,2,20,0,13,6,1,2,1,2,0,0,2,0,0,0,2,81,9,39,18,19,33,22,30,18,12,4,4,5,0.85,7,7,8,5,2,0.0
41,File,org.apache.synapse.config.xml.OutMediatorFactory,1,1,1,1,6,1,4,1,1,0,1,2,2,0,2,0,0,0,2,55,9,17,10,6,29,11,14,10,4,1,1,1,1.71,2,2,2,2,0,0.0
42,File,org.apache.synapse.config.xml.OutMediatorSerializer,1,1,1,1,7,1,6,0,1,0,1,3,3,0,3,0,1,0,2,59,10,31,14,13,18,18,24,14,10,3,3,3,0.58,5,5,5,3,1,0.0
43,File,org.apache.synapse.config.xml.PropertyMediatorFactory,5,5,8,1,28,1,25,2,1,0,2,2,2,0,2,0,0,0,2,105,10,66,29,43,29,42,53,28,25,9,9,15,0.44,10,10,16,2,2,1.0
44,File,org.apache.synapse.config.xml.PropertyMediatorSerializer,3,3,3,1,16,2,14,0,1,0,1,3,3,0,3,0,1,0,2,90,14,52,14,31,24,25,37,14,23,9,9,9,0.46,11,11,11,3,1,0.0
45,File,org.apache.synapse.config.xml.ProxyServiceFactory,14,14,14,1,72,4,65,2,1,3,1,3,0,0,3,0,2,0,1,286,21,215,67,153,50,103,147,61,86,41,41,42,0.23,43,43,44,3,5,0.0
46,File,org.apache.synapse.config.xml.ProxyServiceSerializer,16,16,16,1,88,6,80,1,1,2,4,2,0,0,2,0,1,0,1,241,20,180,55,136,41,106,139,55,84,31,31,32,0.23,32,32,33,2,3,0.0
47,File,org.apache.synapse.config.xml.RMSequenceMediatorFactory,7,7,11,1,51,6,44,1,1,0,2,2,2,0,2,0,0,0,2,151,21,103,39,72,27,54,70,30,40,14,14,21,0.26,15,15,22,2,3,0.0
48,File,org.apache.synapse.config.xml.RMSequenceMediatorSerializer,3,3,4,1,17,2,15,0,1,0,1,3,3,0,3,0,1,0,2,93,15,55,14,33,23,26,38,14,24,9,9,11,0.42,11,11,13,3,1,0.0
49,File,org.apache.synapse.config.xml.RegistryFactory,3,3,3,2,13,0,12,0,1,4,4,4,0,0,4,0,3,0,1,104,13,66,26,41,25,35,46,26,20,5,5,5,0.38,12,12,12,8,4,0.0
50,File,org.apache.synapse.config.xml.RegistrySerializer,2,2,2,1,15,2,13,0,1,2,4,2,0,0,2,0,1,0,1,79,13,43,22,24,23,28,34,22,12,4,4,4,0.53,5,5,5,2,1,0.0
51,File,org.apache.synapse.config.xml.SendMediatorFactory,2,2,2,1,14,2,10,2,1,0,2,2,2,0,2,0,0,0,2,114,13,35,20,15,66,22,28,20,8,4,4,4,1.89,5,5,5,2,3,0.0
52,File,org.apache.synapse.config.xml.SendMediatorSerializer,2,2,2,1,10,1,8,0,1,0,1,3,3,0,3,0,1,0,2,114,13,40,21,18,61,24,31,20,11,4,4,4,1.52,6,6,6,3,1,0.0
53,File,org.apache.synapse.config.xml.SequenceMediatorFactory,5,5,5,1,23,1,22,0,1,0,2,3,3,0,3,0,0,0,3,126,14,79,29,51,33,42,59,26,33,9,9,9,0.42,16,16,16,3,3,0.0
54,File,org.apache.synapse.config.xml.SequenceMediatorSerializer,4,4,4,1,20,2,18,0,1,0,1,4,4,0,4,0,1,0,3,133,17,83,20,55,33,39,58,20,38,10,10,10,0.4,18,18,18,4,3,0.0
55,File,org.apache.synapse.config.xml.SwitchCase,1,1,1,1,8,0,4,4,1,0,1,7,7,2,7,0,0,0,7,111,12,41,20,15,58,21,31,20,11,2,2,2,1.41,9,9,9,7,1,0.0
56,File,org.apache.synapse.config.xml.SwitchMediatorFactory,4,4,4,1,27,1,25,1,1,0,4,2,2,0,2,0,0,0,2,115,10,71,33,45,35,50,59,33,26,7,7,7,0.49,8,8,8,2,2,0.0
57,File,org.apache.synapse.config.xml.SwitchMediatorSerializer,3,3,3,1,19,1,17,0,1,0,1,3,3,0,3,0,1,0,2,108,14,64,22,40,30,34,46,22,24,9,9,9,0.47,11,11,11,3,2,0.0
58,File,org.apache.synapse.config.xml.SynapseMediatorFactory,1,1,1,1,6,1,4,1,1,0,1,2,2,0,2,0,0,0,2,56,10,17,10,6,29,11,14,10,4,1,1,1,1.71,2,2,2,2,0,0.0
59,File,org.apache.synapse.config.xml.SynapseMediatorSerializer,1,1,1,1,8,1,6,0,1,0,1,3,3,0,3,0,1,0,2,68,12,31,14,13,25,18,24,14,10,3,3,3,0.81,5,5,5,3,1,0.0
60,File,org.apache.synapse.config.xml.ValidateMediatorFactory,3,3,3,1,19,2,15,1,1,0,6,4,4,0,4,0,2,0,2,142,21,86,39,50,35,53,66,39,27,9,9,10,0.41,12,12,13,4,3,0.0
61,File,org.apache.synapse.config.xml.ValidateMediatorSerializer,2,2,2,1,13,2,11,0,1,0,1,3,3,0,3,0,1,0,2,89,15,47,22,24,27,29,37,21,16,5,5,5,0.57,7,7,7,3,1,0.0
62,File,org.apache.synapse.config.xml.XMLConfigurationBuilder,3,3,3,1,17,1,14,1,1,10,1,10,0,0,10,0,7,0,3,231,31,166,54,103,34,85,121,52,69,19,19,23,0.2,35,35,39,10,6,0.0
63,File,org.apache.synapse.config.xml.XMLConfigurationSerializer,3,3,3,1,17,2,13,2,1,5,4,5,0,0,5,0,4,0,1,145,21,92,49,52,32,57,73,47,26,7,7,7,0.35,15,15,15,5,2,0.0
64,File,org.apache.synapse.config.xml.XSLTMediatorFactory,1,1,1,1,11,1,8,0,1,0,2,4,4,0,4,0,2,0,2,100,17,54,26,26,29,34,42,26,16,4,4,4,0.54,7,7,7,4,2,0.0
65,File,org.apache.synapse.config.xml.XSLTMediatorSerializer,2,2,2,1,12,2,10,0,1,0,1,3,3,0,3,0,1,0,2,81,13,43,15,23,25,23,31,15,16,5,5,6,0.58,7,7,8,3,1,0.0
66,File,org.apache.synapse.config.xml.endpoints.AddressEndpointFactory,6,6,6,1,29,2,24,1,1,3,2,7,4,0,7,0,3,0,4,268,32,188,65,129,48,76,119,49,70,29,29,31,0.26,42,42,44,7,5,1.0
67,File,org.apache.synapse.config.xml.endpoints.AddressEndpointSerializer,7,7,7,1,38,5,32,0,1,1,1,3,2,1,3,0,1,0,2,188,25,112,34,77,51,60,84,33,51,18,18,18,0.46,23,23,23,3,2,1.0
68,File,org.apache.synapse.config.xml.endpoints.EndpointAbstractFactory,7,7,7,7,51,6,38,7,1,1,0,1,0,0,1,0,0,0,1,85,11,45,23,30,29,23,31,18,13,7,7,7,0.64,7,7,7,7,2,0.0
69,File,org.apache.synapse.config.xml.endpoints.EndpointAbstractSerializer,7,7,7,7,26,2,17,7,1,1,0,1,0,0,1,0,0,0,1,57,6,22,5,14,29,10,18,5,13,7,7,7,1.32,7,7,7,7,1,0.0
70,File,org.apache.synapse.config.xml.endpoints.EndpointFactory,0,0,0,0,0,0,0,0,1,0,0,1,1,0,1,0,0,0,1,48,4,7,6,0,37,5,6,6,0,0,0,0,5.29,0,0,0,0,0,0.0
71,File,org.apache.synapse.config.xml.endpoints.EndpointSerializer,0,0,0,0,0,0,0,0,1,0,0,1,1,0,1,0,0,0,1,39,4,6,5,0,29,4,5,5,0,0,0,0,4.83,0,0,0,0,0,0.0
72,File,org.apache.synapse.config.xml.endpoints.FailoverEndpointFactory,1,1,1,1,8,1,6,0,1,3,2,7,4,0,7,0,4,0,3,116,23,64,33,33,29,38,50,31,19,3,3,3,0.45,11,11,11,7,2,0.0
73,File,org.apache.synapse.config.xml.endpoints.FailoverEndpointSerializer,4,4,4,1,30,7,23,0,1,0,0,1,1,1,1,0,0,0,1,76,13,36,22,19,27,27,32,22,10,4,4,4,0.75,4,4,4,1,1,0.0
74,File,org.apache.synapse.config.xml.endpoints.IndirectEndpointFactory,1,1,1,1,4,0,4,0,1,3,2,6,3,0,6,0,3,0,3,77,13,39,20,16,25,23,31,20,11,2,2,2,0.64,7,7,7,6,1,0.0
75,File,org.apache.synapse.config.xml.endpoints.IndirectEndpointSerializer,3,3,3,1,17,4,13,0,1,0,0,1,1,1,1,0,0,0,1,56,9,24,14,10,23,16,20,14,6,3,3,3,0.96,3,3,3,1,1,0.0
76,File,org.apache.synapse.config.xml.endpoints.LoadbalanceEndpointFactory,1,1,1,1,11,2,8,0,1,3,2,7,4,0,7,0,4,0,3,136,28,76,39,41,33,46,59,36,23,4,4,5,0.43,12,12,13,7,2,0.0
77,File,org.apache.synapse.config.xml.endpoints.LoadbalanceEndpointSerializer,6,6,6,1,43,9,33,1,1,0,0,1,1,1,1,0,0,0,1,91,15,48,26,27,28,34,41,26,15,6,6,6,0.58,6,6,6,1,1,0.0
78,File,org.apache.synapse.config.xml.endpoints.SALoadbalanceEndpointFactory,2,2,2,1,17,3,10,4,1,3,2,7,4,0,7,0,4,0,3,186,34,94,49,53,59,58,74,45,29,7,7,7,0.63,15,15,15,7,2,0.0
79,File,org.apache.synapse.config.xml.endpoints.SALoadbalanceEndpointSerializer,4,4,4,1,30,6,24,0,1,0,1,2,2,1,2,0,1,0,1,109,20,71,39,41,18,53,63,39,24,8,8,8,0.25,9,9,9,2,1,0.0
80,File,org.apache.synapse.config.xml.endpoints.WSDLEndpointFactory,6,6,7,1,34,4,28,2,1,3,2,7,4,0,7,0,4,0,3,311,46,223,84,150,42,98,146,63,83,23,23,25,0.19,47,47,51,7,5,0.0
81,File,org.apache.synapse.config.xml.endpoints.WSDLEndpointSerializer,8,8,8,1,42,6,34,1,1,1,1,3,2,1,3,0,1,0,2,177,28,117,38,79,32,63,88,36,52,15,15,15,0.27,24,24,24,3,2,0.0
82,File,org.apache.synapse.config.xml.endpoints.XMLToEndpointMapper,1,1,1,1,6,0,4,2,1,1,1,3,2,0,3,0,1,0,2,57,7,21,11,8,29,10,15,11,4,2,2,2,1.38,4,4,4,3,1,0.0
83,File,org.apache.synapse.config.xml.endpoints.utils.LoadbalanceAlgorithmFactory,3,3,3,1,16,4,12,0,1,1,0,1,0,0,1,0,0,0,1,53,9,22,13,8,22,14,18,13,5,3,3,3,1.0,3,3,3,1,1,0.0
84,File,org.apache.synapse.config.xml.endpoints.utils.WSDL11EndpointBuilder,4,4,4,2,28,4,18,5,1,1,1,4,3,0,4,0,2,0,2,167,27,99,48,55,41,63,79,46,33,10,10,10,0.41,16,16,16,11,4,0.0
85,File,org.apache.synapse.config.xml.endpoints.utils.WSDL20EndpointBuilder,0,0,0,0,0,0,0,0,1,0,0,0,0,0,0,0,0,0,0,109,19,17,16,0,73,15,16,16,0,0,0,0,4.29,0,0,0,0,0,0.0
86,File,org.apache.synapse.core.SynapseEnvironment,0,0,0,0,0,0,0,0,1,0,0,5,5,0,5,0,0,0,5,65,8,11,10,0,46,9,10,10,0,0,0,0,4.18,0,0,0,0,0,1.0
87,File,org.apache.synapse.core.axis2.AnonymousServiceFactory,4,4,5,2,33,2,25,5,1,3,8,3,0,0,3,0,2,0,1,155,20,97,33,64,38,55,71,30,41,11,11,14,0.39,14,14,17,6,4,0.0
88,File,org.apache.synapse.core.axis2.AsyncCallback,1,1,1,1,2,0,2,0,1,0,0,9,9,3,9,0,0,0,9,77,16,33,18,9,28,15,25,18,7,1,1,1,0.85,9,9,9,9,0,0.0
89,File,org.apache.synapse.core.axis2.Axis2FlexibleMEPClient,5,5,7,1,44,5,30,8,1,7,1,7,0,0,7,0,5,0,2,382,49,255,86,170,78,138,177,80,97,19,19,23,0.31,40,40,50,7,3,4.0
90,File,org.apache.synapse.core.axis2.Axis2MessageContext,1,1,1,1,5,0,5,0,1,3,1,58,55,9,58,0,2,0,56,474,81,341,117,180,52,161,248,116,132,11,11,11,0.15,86,86,93,66,5,1.0
91,File,org.apache.synapse.core.axis2.Axis2Sender,3,3,4,1,20,3,14,2,1,3,1,3,0,0,3,0,1,0,2,107,16,62,27,31,29,34,43,24,19,6,6,9,0.47,9,9,12,3,2,0.0
92,File,org.apache.synapse.core.axis2.Axis2SynapseEnvironment,1,1,1,1,12,1,9,1,1,0,1,7,7,2,7,0,0,0,7,140,22,82,31,45,36,39,53,28,25,6,6,6,0.44,13,13,13,7,3,1.0
93,File,org.apache.synapse.core.axis2.DynamicAxisOperation,2,2,2,1,21,3,11,6,2,0,0,9,9,0,9,1,1,0,7,250,41,130,42,75,79,72,95,39,56,9,9,10,0.61,22,22,23,9,4,0.0
94,File,org.apache.synapse.core.axis2.MessageContextCreatorForAxis2,1,1,1,1,5,0,5,0,1,3,3,3,0,0,3,0,0,0,3,63,10,31,20,10,22,20,25,19,6,2,2,3,0.71,4,4,5,3,1,0.0
95,File,org.apache.synapse.core.axis2.ProxyService,1,1,1,1,7,0,6,0,1,2,3,52,50,23,52,0,2,0,50,618,78,390,139,214,150,187,275,137,138,38,38,40,0.38,90,90,92,52,7,0.0
96,File,org.apache.synapse.core.axis2.ProxyServiceMessageReceiver,13,13,13,1,70,5,59,5,1,0,2,2,2,1,2,0,0,0,2,185,19,132,33,98,34,65,89,29,60,25,25,26,0.26,26,26,27,2,5,0.0
97,File,org.apache.synapse.core.axis2.SynapseCallbackReceiver,6,6,8,1,39,5,29,4,1,0,1,5,5,2,5,0,2,0,3,255,37,173,50,116,46,94,124,50,74,18,18,23,0.27,32,32,41,8,4,1.0
98,File,org.apache.synapse.core.axis2.SynapseDispatcher,1,1,1,1,4,0,4,0,1,0,4,3,3,0,3,0,0,0,3,64,11,31,24,12,23,23,27,24,3,1,1,1,0.74,3,3,3,3,0,0.0
99,File,org.apache.synapse.core.axis2.SynapseMessageReceiver,10,10,11,1,42,3,38,1,1,0,1,1,1,0,1,0,0,0,1,83,8,51,19,30,24,30,38,19,19,10,10,11,0.47,10,10,11,1,3,0.0
100,File,org.apache.synapse.core.axis2.SynapseModule,2,2,2,1,20,2,16,1,1,1,3,6,5,0,6,0,1,0,5,183,27,125,58,73,31,81,97,53,44,8,8,8,0.25,15,15,15,6,3,0.0
101,File,org.apache.synapse.core.axis2.TimeoutHandler,3,3,3,1,19,4,11,4,1,0,0,4,4,3,4,0,2,0,2,133,25,59,25,30,49,31,47,26,21,8,8,8,0.83,13,13,13,4,7,1.0
102,File,org.apache.synapse.endpoints.AddressEndpoint,2,2,2,1,11,1,7,2,1,0,1,12,12,6,12,0,0,0,12,227,35,112,39,61,80,52,78,37,41,10,10,10,0.71,27,27,27,12,2,1.0
103,File,org.apache.synapse.endpoints.Endpoint,0,0,0,0,0,0,0,0,1,0,0,7,7,0,7,0,0,0,7,100,10,11,10,0,79,9,10,10,0,0,0,0,7.18,0,0,0,0,0,0.0
104,File,org.apache.synapse.endpoints.FailoverEndpoint,2,2,2,1,9,0,7,1,1,0,0,9,9,5,9,0,0,0,9,165,26,75,23,41,64,37,57,25,32,7,7,7,0.85,19,19,19,12,4,0.0
105,File,org.apache.synapse.endpoints.IndirectEndpoint,1,1,1,1,8,0,6,2,1,0,1,10,10,5,10,0,1,0,9,146,21,75,28,39,50,34,53,28,25,5,5,5,0.67,18,18,18,10,3,0.0
106,File,org.apache.synapse.endpoints.LoadbalanceEndpoint,1,1,1,1,7,0,5,1,1,0,0,13,13,6,13,0,0,0,13,190,32,84,30,41,74,37,60,31,29,5,5,5,0.88,22,22,22,13,3,0.0
107,File,org.apache.synapse.endpoints.SALoadbalanceEndpoint,1,1,1,1,11,1,6,3,1,1,2,16,15,6,16,0,2,0,14,296,56,125,46,68,115,63,91,46,45,8,8,8,0.92,27,27,28,16,4,0.0
108,File,org.apache.synapse.endpoints.WSDLEndpoint,1,1,1,1,7,0,5,1,1,0,1,20,20,10,20,0,0,0,20,248,38,144,53,72,66,66,100,51,49,11,11,11,0.46,36,36,36,20,3,0.0
109,File,org.apache.synapse.endpoints.algorithms.LoadbalanceAlgorithm,0,0,0,0,0,0,0,0,1,0,0,2,2,0,2,0,0,0,2,43,5,7,6,0,31,5,6,6,0,0,0,0,4.43,0,0,0,0,0,0.0
110,File,org.apache.synapse.endpoints.algorithms.RoundRobin,2,2,2,1,13,2,8,2,1,0,0,3,3,2,3,0,0,0,3,77,14,33,12,18,30,17,24,12,12,4,4,4,0.91,6,6,6,5,2,0.0
111,File,org.apache.synapse.endpoints.dispatch.Dispatcher,0,0,0,0,0,0,0,0,1,0,0,4,4,0,4,0,0,0,4,68,7,9,8,0,52,7,8,8,0,0,0,0,5.78,0,0,0,0,0,0.0
112,File,org.apache.synapse.endpoints.dispatch.HttpSessionDispatcher,3,3,3,1,20,2,12,5,1,0,0,4,4,1,4,0,0,0,4,128,20,58,30,29,50,27,41,27,14,4,4,5,0.86,12,12,15,4,3,0.0
113,File,org.apache.synapse.endpoints.dispatch.SimpleClientSessionDispatcher,3,3,3,1,12,1,10,1,1,0,0,4,4,1,4,0,0,0,4,98,16,53,25,25,32,22,36,22,14,4,4,5,0.6,12,12,15,7,3,0.0
114,File,org.apache.synapse.endpoints.dispatch.SoapSessionDispatcher,3,3,3,1,22,3,12,7,1,0,0,4,4,1,4,0,0,0,4,134,23,63,33,31,53,28,43,28,15,5,5,5,0.84,13,13,15,4,4,0.0
115,File,org.apache.synapse.endpoints.utils.EndpointDefinition,1,1,1,1,5,0,3,2,1,0,0,28,28,14,28,0,0,0,28,237,35,102,45,42,100,44,73,45,28,1,1,1,0.98,28,28,28,28,0,0.0
116,File,org.apache.synapse.mediators.AbstractListMediator,1,1,1,1,5,0,5,0,1,0,1,7,7,1,7,0,0,0,7,83,13,47,20,19,23,23,34,20,14,3,3,3,0.49,9,9,9,9,3,0.0
117,File,org.apache.synapse.mediators.AbstractMediator,1,1,1,1,9,0,4,5,1,0,0,6,6,2,6,0,0,0,6,100,11,34,15,16,55,16,24,15,9,2,2,3,1.62,7,7,9,6,1,0.0
118,File,org.apache.synapse.mediators.FilterMediator,0,0,0,0,0,0,0,0,1,0,0,1,1,0,1,0,0,0,1,39,4,5,4,0,30,3,4,4,0,0,0,0,6.0,0,0,0,0,0,0.0
119,File,org.apache.synapse.mediators.GetPropertyFunction,5,5,7,5,24,1,19,4,1,0,1,4,4,1,4,0,0,0,4,150,16,95,34,62,39,49,70,30,40,14,14,24,0.41,20,20,30,20,3,2.0
120,File,org.apache.synapse.mediators.ListMediator,0,0,0,0,0,0,0,0,1,0,0,6,6,0,6,0,0,0,6,72,10,11,10,0,51,9,10,10,0,0,0,0,4.64,0,0,0,0,0,0.0
121,File,org.apache.synapse.mediators.MediatorFaultHandler,1,1,1,1,9,1,3,5,1,0,1,4,4,1,4,0,0,0,4,87,13,24,14,7,50,14,19,14,5,1,1,1,2.08,4,4,4,4,0,0.0
122,File,org.apache.synapse.mediators.MediatorProperty,1,1,1,1,2,0,2,0,1,0,4,8,8,3,8,0,0,0,8,75,15,37,22,11,23,20,29,22,7,1,1,1,0.62,8,8,8,8,0,0.0
123,File,org.apache.synapse.mediators.base.SequenceMediator,2,2,2,1,11,0,7,3,1,0,2,14,14,6,14,0,1,0,13,227,29,126,47,68,72,61,89,45,44,17,17,19,0.57,30,30,32,16,4,0.0
124,File,org.apache.synapse.mediators.base.SynapseMediator,5,5,5,1,32,0,26,6,1,0,2,1,1,0,1,0,0,0,1,77,5,39,18,21,33,23,30,17,13,5,5,5,0.85,5,5,5,1,2,0.0
125,File,org.apache.synapse.mediators.builtin.DropMediator,5,5,5,1,30,0,21,9,1,0,2,1,1,0,1,0,0,0,1,67,5,32,12,17,30,19,25,12,13,5,5,5,0.94,5,5,5,1,2,0.0
126,File,org.apache.synapse.mediators.builtin.LogMediator,2,2,2,1,8,0,7,0,1,0,7,15,15,3,15,0,7,0,8,195,22,142,53,88,31,76,109,53,56,7,7,7,0.22,36,33,37,15,3,0.0
127,File,org.apache.synapse.mediators.builtin.PropertyMediator,3,3,3,1,12,0,10,1,1,0,4,12,12,5,12,0,1,0,11,219,20,154,61,99,45,74,106,54,52,26,26,32,0.29,37,37,43,12,3,1.0
128,File,org.apache.synapse.mediators.builtin.RMSequenceMediator,2,2,2,1,10,0,10,0,1,0,6,15,15,4,15,0,5,0,10,235,32,184,59,110,19,93,132,58,74,13,13,13,0.1,38,38,39,19,2,0.0
129,File,org.apache.synapse.mediators.builtin.SendMediator,4,4,4,1,20,1,15,3,1,0,2,3,3,1,3,0,0,0,3,110,13,63,25,36,34,35,47,25,22,10,10,11,0.54,12,12,13,3,5,0.0
130,File,org.apache.synapse.mediators.builtin.ValidateMediator,2,2,2,1,13,0,9,3,2,0,4,20,20,8,20,0,4,0,16,418,55,239,92,139,129,129,175,90,85,10,10,12,0.54,44,44,49,28,3,0.0
131,File,org.apache.synapse.mediators.ext.ClassMediator,2,2,2,1,12,0,10,1,1,0,2,7,7,2,7,0,1,0,6,146,20,91,37,50,35,48,67,35,32,7,7,7,0.38,18,18,18,7,4,0.0
132,File,org.apache.synapse.mediators.filters.FilterMediator,2,2,2,1,11,0,9,1,1,0,2,8,8,3,8,0,0,0,8,147,19,91,28,52,37,46,66,28,38,8,8,9,0.41,18,18,19,13,3,0.0
133,File,org.apache.synapse.mediators.filters.InMediator,2,2,2,1,17,0,11,6,1,0,2,2,2,0,2,0,0,0,2,75,6,33,12,17,36,17,24,12,12,4,4,4,1.09,5,5,5,2,2,0.0
134,File,org.apache.synapse.mediators.filters.OutMediator,2,2,2,1,18,0,11,6,1,0,2,2,2,0,2,0,0,0,2,76,7,33,12,17,36,17,24,12,12,4,4,4,1.09,5,5,5,2,2,0.0
135,File,org.apache.synapse.mediators.filters.SwitchMediator,2,2,2,1,14,0,9,4,1,0,2,7,7,3,7,0,0,0,7,159,14,86,30,45,59,44,64,30,34,12,12,12,0.69,18,18,18,12,6,0.0
136,File,org.apache.synapse.mediators.transform.FaultMediator,2,2,2,1,9,0,8,0,1,0,5,24,24,8,24,0,7,0,17,338,47,248,77,156,43,126,177,76,101,13,13,13,0.17,55,52,62,28,3,2.0
137,File,org.apache.synapse.mediators.transform.HeaderMediator,3,3,3,1,10,0,9,0,1,0,4,12,12,4,12,0,3,0,9,203,23,145,49,88,35,71,108,47,61,21,21,23,0.24,39,39,42,12,3,1.0
138,File,org.apache.synapse.mediators.transform.XSLTMediator,2,2,2,1,13,1,10,1,1,0,3,13,13,5,13,0,4,0,9,282,41,177,63,103,67,90,124,60,64,13,13,15,0.38,32,32,35,16,3,1.0
139,File,org.apache.synapse.metrics.Constants,0,0,0,0,0,0,0,0,1,0,2,0,0,0,0,0,0,0,0,28,2,5,4,2,21,3,4,4,0,0,0,0,4.2,0,0,0,0,0,0.0
140,File,org.apache.synapse.metrics.Counter,1,1,1,1,3,0,3,0,1,0,0,2,2,1,2,0,0,0,2,37,5,10,5,3,22,4,7,5,2,1,1,1,2.2,2,2,2,2,0,0.0
141,File,org.apache.synapse.metrics.GlobalRequestCountHandler,1,1,1,1,8,0,7,1,1,0,0,1,1,0,1,0,0,0,1,41,5,13,6,5,23,7,9,6,3,1,1,1,1.77,1,1,1,1,0,0.0
142,File,org.apache.synapse.metrics.MetricsAggregatorModule,1,1,1,1,3,0,3,0,1,0,0,5,5,0,5,0,0,0,5,60,9,27,19,7,24,17,23,19,4,1,1,1,0.89,5,5,5,5,0,0.0
143,File,org.apache.synapse.registry.AbstractRegistry,3,3,3,2,20,3,12,4,1,0,1,5,5,1,5,0,1,0,4,150,29,77,24,47,44,42,58,24,34,11,11,14,0.57,15,15,18,10,3,0.0
144,File,org.apache.synapse.registry.Registry,0,0,0,0,0,0,0,0,1,0,0,8,8,0,8,0,0,0,8,87,12,14,13,0,61,12,13,13,0,0,0,0,4.36,0,0,0,0,0,0.0
145,File,org.apache.synapse.registry.RegistryEntry,0,0,0,0,0,0,0,0,1,0,0,8,8,0,8,0,0,0,8,54,11,12,11,0,31,10,11,11,0,0,0,0,2.58,0,0,0,0,0,0.0
146,File,org.apache.synapse.registry.url.SimpleURLRegistry,4,4,4,3,21,3,18,0,1,0,2,9,9,0,9,0,2,0,7,255,44,184,51,123,27,103,138,54,84,10,10,10,0.15,40,40,40,27,6,0.0
147,File,org.apache.synapse.registry.url.URLRegistryEntry,1,1,1,1,3,0,3,0,1,0,0,17,17,8,17,0,0,0,17,116,22,76,31,32,18,31,49,31,18,1,1,1,0.24,17,17,17,17,0,0.0
148,File,org.apache.synapse.statistics.Statistics,1,1,1,1,9,0,5,3,1,0,0,6,6,6,6,0,0,0,6,100,9,42,15,22,49,20,31,15,16,5,5,5,1.17,10,10,10,6,1,0.0
149,File,org.apache.synapse.statistics.StatisticsCollector,1,1,1,1,11,0,6,5,1,0,0,9,9,3,9,0,0,0,9,154,17,62,25,30,75,30,43,19,24,2,2,2,1.21,12,12,12,9,1,0.0
150,File,org.apache.synapse.statistics.StatisticsHolder,1,1,1,1,9,0,4,4,1,0,0,8,8,4,8,0,0,0,8,118,16,44,16,16,58,18,30,15,15,4,4,4,1.32,11,11,11,8,2,0.0
151,File,org.apache.synapse.statistics.StatisticsStack,0,0,0,0,0,0,0,0,1,0,0,4,4,0,4,0,0,0,4,66,7,11,10,0,48,5,6,6,0,0,0,0,4.36,0,0,0,0,0,0.0
152,File,org.apache.synapse.statistics.StatisticsUtils,2,2,2,1,18,0,13,5,1,5,0,5,0,0,5,0,1,0,4,131,8,75,37,46,48,37,52,32,20,4,4,4,0.64,14,14,14,5,3,0.0
153,File,org.apache.synapse.statistics.impl.EndPointStatisticsStack,4,4,6,1,20,0,16,3,2,0,0,7,7,7,7,0,0,0,7,201,17,132,39,83,52,57,85,35,50,7,7,11,0.39,30,30,42,10,5,0.0
154,File,org.apache.synapse.statistics.impl.ProxyServiceStatisticsStack,1,1,2,1,12,0,7,4,1,0,1,5,5,6,5,0,1,0,4,114,9,54,23,26,51,28,38,19,19,3,3,5,0.94,9,9,13,5,1,0.0
155,File,org.apache.synapse.statistics.impl.SequenceStatisticsStack,2,2,3,1,13,0,9,3,2,0,0,8,8,6,8,0,1,0,7,167,19,91,35,44,57,40,60,29,31,5,5,7,0.63,20,20,24,11,4,0.0
156,File,org.apache.synapse.util.UUIDGenerator,6,6,6,1,33,2,26,4,1,2,4,2,0,0,2,0,0,1,1,107,11,65,21,44,31,38,51,22,29,8,8,8,0.48,12,12,12,2,2,0.0
