,Kind,Name,AvgCyclomatic,AvgCyclomaticModified,AvgCyclomaticStrict,AvgEssential,AvgLine,AvgLineBlank,AvgLineCode,AvgLineComment,CountDeclClass,CountDeclClassMethod,CountDeclClassVariable,CountDeclFunction,CountDeclInstanceMethod,CountDeclInstanceVariable,CountDeclMethod,CountDeclMethodDefault,CountDeclMethodPrivate,CountDeclMethodProtected,CountDeclMethodPublic,CountLine,CountLineBlank,CountLineCode,CountLineCodeDecl,CountLineCodeExe,CountLineComment,CountSemicolon,CountStmt,CountStmtDecl,CountStmtExe,MaxCyclomatic,MaxCyclomaticModified,MaxCyclomaticStrict,RatioCommentToCode,SumCyclomatic,SumCyclomaticModified,SumCyclomaticStrict,SumEssential,MaxNesting,bug
0,File,org.apache.poi.dev.RecordGenerator,3,3,4,1,37,2,32,2,1,2,0,2,0,0,2,0,1,0,1,141,10,74,28,46,57,39,46,25,21,4,4,6,0.77,6,6,8,2,3,1.0
1,File,org.apache.poi.hpsf.DocumentSummaryInformation,1,1,1,1,9,0,4,4,1,0,0,16,16,0,16,0,0,0,16,271,50,83,22,27,138,25,47,21,26,2,2,2,1.66,21,21,21,16,1,2.0
2,File,org.apache.poi.hpsf.HPSFException,1,1,1,1,8,0,4,3,1,0,0,5,5,1,5,0,0,0,5,131,19,27,8,7,85,9,15,8,7,1,1,1,3.15,5,5,5,5,0,1.0
3,File,org.apache.poi.hpsf.HPSFRuntimeException,1,1,1,1,8,0,4,3,1,0,0,5,5,1,5,0,0,0,5,131,19,27,8,7,85,9,15,8,7,1,1,1,3.15,5,5,5,5,0,1.0
4,File,org.apache.poi.hpsf.MarkUnsupportedException,1,1,1,1,4,0,4,0,1,0,0,4,4,0,4,0,0,0,4,92,7,20,6,4,65,5,10,6,4,1,1,1,3.25,4,4,4,4,0,1.0
5,File,org.apache.poi.hpsf.NoPropertySetStreamException,1,1,1,1,4,0,4,0,1,0,0,4,4,0,4,0,0,0,4,97,7,21,7,4,69,5,10,6,4,1,1,1,3.29,4,4,4,4,0,1.0
6,File,org.apache.poi.hpsf.NoSingleSectionException,1,1,1,1,4,0,4,0,1,0,0,4,4,0,4,0,0,0,4,97,7,20,6,4,70,5,10,6,4,1,1,1,3.5,4,4,4,4,0,1.0
7,File,org.apache.poi.hpsf.Property,2,2,2,1,26,1,14,11,1,0,0,6,6,3,6,0,0,2,4,274,30,94,28,51,150,51,64,28,36,7,5,8,1.6,14,12,15,6,2,4.0
8,File,org.apache.poi.hpsf.PropertySet,1,1,1,1,17,0,7,9,1,2,2,20,18,6,20,0,1,3,16,528,74,165,60,74,291,74,103,48,55,4,4,4,1.76,28,28,28,23,1,3.0
9,File,org.apache.poi.hpsf.PropertySetFactory,3,3,3,3,22,0,12,10,1,1,0,1,0,0,1,0,0,0,1,97,5,17,7,7,75,6,10,5,5,3,3,3,4.41,3,3,3,3,1,2.0
10,File,org.apache.poi.hpsf.Section,1,1,1,1,15,0,8,6,1,0,0,10,10,7,10,0,0,2,8,278,49,94,27,47,135,51,70,29,41,4,4,4,1.44,18,18,18,12,2,6.0
11,File,org.apache.poi.hpsf.SpecialPropertySet,1,1,1,1,4,0,4,0,1,0,0,10,10,1,10,0,0,0,10,169,35,47,15,10,87,14,25,15,10,1,1,1,1.85,10,10,10,10,0,1.0
12,File,org.apache.poi.hpsf.SummaryInformation,1,1,1,1,8,0,4,3,1,0,0,19,19,0,19,0,0,0,19,290,59,89,25,24,142,25,47,24,23,2,2,2,1.6,21,21,21,19,1,1.0
13,File,org.apache.poi.hpsf.UnexpectedPropertySetTypeException,1,1,1,1,4,0,4,0,1,0,0,4,4,0,4,0,0,0,4,97,7,21,7,4,69,5,10,6,4,1,1,1,3.29,4,4,4,4,0,1.0
14,File,org.apache.poi.hpsf.Util,2,2,2,1,18,0,8,9,1,5,1,5,0,0,5,0,0,0,5,188,19,48,19,25,121,30,43,21,22,4,4,4,2.52,12,12,12,8,2,4.0
15,File,org.apache.poi.hpsf.Variant,0,0,0,0,0,0,0,0,1,0,47,0,0,0,0,0,0,0,0,341,50,51,49,47,240,48,49,49,0,0,0,0,4.71,0,0,0,0,0,3.0
16,File,org.apache.poi.hpsf.littleendian.Byte,1,1,1,1,8,0,4,4,1,0,1,2,2,0,2,0,0,0,2,93,8,13,5,3,72,4,7,5,2,1,1,1,5.54,2,2,2,2,0,0.0
17,File,org.apache.poi.hpsf.littleendian.ClassID,2,2,2,1,14,0,11,2,1,0,1,3,3,0,3,0,0,0,3,130,12,41,11,25,77,30,37,14,23,4,4,4,1.88,6,6,6,3,2,0.0
18,File,org.apache.poi.hpsf.littleendian.DWord,1,1,1,1,11,0,6,4,1,0,1,3,3,0,3,0,0,0,3,113,11,24,9,9,78,11,16,10,6,2,2,2,3.25,4,4,4,3,1,0.0
19,File,org.apache.poi.hpsf.littleendian.LittleEndian,1,1,1,1,11,0,5,6,1,0,0,4,4,1,4,0,0,0,4,134,17,22,8,7,95,11,16,9,7,2,2,2,4.32,4,4,4,3,1,0.0
20,File,org.apache.poi.hpsf.littleendian.Word,1,1,1,1,8,0,4,4,1,0,1,2,2,0,2,0,0,0,2,92,7,13,5,3,72,4,7,5,2,1,1,1,5.54,2,2,2,2,0,0.0
21,File,org.apache.poi.hpsf.wellknown.PropertyIDMap,1,1,1,1,15,0,11,3,1,3,35,6,3,0,6,0,0,0,6,234,26,110,48,81,98,83,92,48,44,2,2,2,0.89,8,8,8,6,1,3.0
22,File,org.apache.poi.hpsf.wellknown.SectionIDMap,1,1,1,1,14,0,7,6,1,2,4,6,4,0,6,0,0,0,6,213,28,62,21,29,123,20,30,16,14,3,3,3,1.98,9,9,9,8,2,1.0
23,File,org.apache.poi.hssf.dev.BiffViewer,12,3,13,1,68,11,50,6,1,6,0,9,3,2,9,0,4,0,5,713,120,472,48,376,124,256,286,41,245,88,9,88,0.26,115,30,119,9,5,4.0
24,File,org.apache.poi.hssf.dev.EFBiffViewer,1,1,1,1,11,0,10,0,2,1,0,5,4,1,5,0,0,0,5,132,14,60,20,25,58,24,32,20,12,3,3,4,0.97,7,7,8,5,2,0.0
25,File,org.apache.poi.hssf.dev.EFHSSF,2,1,2,1,16,2,14,0,2,1,0,8,7,5,8,0,0,0,8,227,33,136,42,76,58,70,86,41,45,10,5,10,0.43,19,14,20,8,2,0.0
26,File,org.apache.poi.hssf.dev.FormulaViewer,2,2,2,1,19,0,13,5,1,1,0,6,5,1,6,0,0,0,6,218,23,100,37,45,95,54,67,37,30,3,3,5,0.95,12,12,14,6,2,5.0
27,File,org.apache.poi.hssf.dev.HSSF,4,4,5,1,77,7,40,30,1,1,0,4,3,4,4,0,0,0,4,409,45,181,52,111,186,105,125,51,74,10,10,11,1.03,19,19,20,4,3,2.0
28,File,org.apache.poi.hssf.eventmodel.HSSFEventFactory,4,4,4,1,32,2,22,9,1,0,0,3,3,0,3,0,0,0,3,186,20,79,26,34,93,32,45,24,21,10,10,11,1.18,12,12,13,3,5,2.0
29,File,org.apache.poi.hssf.eventmodel.HSSFListener,0,0,0,0,0,0,0,0,1,0,0,1,1,0,1,0,0,0,1,78,7,6,4,0,65,3,4,4,0,0,0,0,10.83,0,0,0,0,0,0.0
30,File,org.apache.poi.hssf.eventmodel.HSSFRequest,2,2,2,1,18,1,10,7,1,0,0,4,4,1,4,0,0,1,3,161,19,52,18,20,92,24,33,20,13,3,3,3,1.77,8,8,8,4,2,0.0
31,File,org.apache.poi.hssf.model.Sheet,1,1,1,1,21,1,11,9,1,3,1,75,72,16,75,0,4,26,45,1920,233,911,185,520,788,453,585,183,402,16,16,17,0.86,134,134,140,94,5,20.0
32,File,org.apache.poi.hssf.model.Workbook,2,1,2,1,24,1,16,7,1,2,3,58,56,10,58,0,2,32,24,1673,230,973,145,727,504,657,738,141,597,27,4,27,0.52,125,81,125,62,2,14.0
33,File,org.apache.poi.hssf.record.AreaFormatRecord,1,1,1,1,9,0,5,3,1,0,1,25,25,8,25,0,0,2,23,353,55,162,42,70,137,62,89,41,48,2,2,2,0.85,26,26,26,25,1,1.0
34,File,org.apache.poi.hssf.record.AreaRecord,1,1,1,1,8,0,4,3,1,0,1,17,17,4,17,0,0,2,15,253,42,97,30,34,115,36,55,29,26,2,2,2,1.19,18,18,18,17,1,1.0
35,File,org.apache.poi.hssf.record.AxisRecord,1,1,1,1,9,0,5,3,1,0,4,19,19,5,19,0,0,2,17,303,48,130,36,57,126,51,72,35,37,2,2,2,0.97,20,20,20,19,1,1.0
36,File,org.apache.poi.hssf.record.AxisUsedRecord,1,1,1,1,8,0,5,2,1,0,1,11,11,1,11,0,0,2,9,193,36,67,21,22,91,24,37,20,17,2,2,2,1.36,12,12,12,11,1,1.0
37,File,org.apache.poi.hssf.record.BOFRecord,1,1,1,1,10,0,5,4,1,0,11,21,21,6,21,0,0,2,19,361,54,138,43,61,171,61,84,42,42,2,2,2,1.24,22,22,22,21,1,1.0
38,File,org.apache.poi.hssf.record.BackupRecord,1,1,1,1,7,0,5,2,1,0,1,11,11,1,11,0,0,2,9,170,21,63,18,21,88,21,34,17,17,2,2,2,1.4,12,12,12,11,1,0.0
39,File,org.apache.poi.hssf.record.BarRecord,1,1,1,1,8,0,5,3,1,0,1,23,23,7,23,0,0,2,21,322,50,138,39,55,135,53,78,38,40,2,2,2,0.98,24,24,24,23,1,1.0
40,File,org.apache.poi.hssf.record.BeginRecord,1,1,1,1,6,0,4,1,1,0,1,9,9,0,9,0,0,2,7,143,17,50,15,15,77,15,26,14,12,2,2,2,1.54,10,10,10,9,1,0.0
41,File,org.apache.poi.hssf.record.BlankRecord,1,1,1,1,10,0,7,2,1,0,1,22,22,3,22,0,0,2,20,347,42,178,34,74,127,55,92,32,60,6,6,7,0.71,36,36,43,35,1,1.0
42,File,org.apache.poi.hssf.record.BookBoolRecord,1,1,1,1,7,0,5,2,1,0,1,11,11,1,11,0,0,2,9,170,21,63,18,21,87,21,34,17,17,2,2,2,1.38,12,12,12,11,1,0.0
43,File,org.apache.poi.hssf.record.BoolErrRecord,1,1,1,1,10,0,7,2,1,0,1,28,28,5,28,0,0,2,26,411,50,221,42,93,140,71,115,40,75,6,6,7,0.63,44,44,51,41,1,2.0
44,File,org.apache.poi.hssf.record.BoundSheetRecord,1,1,1,1,9,0,5,3,1,0,1,19,19,5,19,0,0,2,17,286,38,120,31,49,129,46,67,30,37,2,2,2,1.07,20,20,20,19,1,3.0
45,File,org.apache.poi.hssf.record.CalcCountRecord,1,1,1,1,7,0,4,2,1,0,1,11,11,1,11,0,0,2,9,172,21,62,18,20,89,21,34,17,17,2,2,2,1.44,12,12,12,11,1,1.0
46,File,org.apache.poi.hssf.record.CalcModeRecord,1,1,1,1,8,0,4,3,1,0,4,11,11,1,11,0,0,2,9,197,27,65,21,23,105,24,37,20,17,2,2,2,1.62,12,12,12,11,1,1.0
47,File,org.apache.poi.hssf.record.CategorySeriesAxisRecord,1,1,1,1,9,0,5,3,1,0,1,23,23,7,23,0,0,2,21,325,51,142,39,58,133,54,79,38,41,2,2,2,0.94,24,24,24,23,1,1.0
48,File,org.apache.poi.hssf.record.CellValueRecordInterface,0,0,0,0,0,0,0,0,1,0,0,9,9,0,9,0,0,0,9,139,20,13,11,0,106,10,11,11,0,0,0,0,8.15,0,0,0,0,0,1.0
49,File,org.apache.poi.hssf.record.ChartFormatRecord,1,1,1,1,6,0,5,0,1,0,1,19,19,6,19,0,0,2,17,222,28,118,32,47,79,47,68,31,37,2,2,2,0.67,20,20,20,19,1,0.0
50,File,org.apache.poi.hssf.record.ChartRecord,1,1,1,1,9,0,5,2,1,0,1,17,17,4,17,0,0,2,15,265,45,112,30,46,109,42,61,29,32,2,2,2,0.97,18,18,18,17,1,1.0
51,File,org.apache.poi.hssf.record.CodepageRecord,1,1,1,1,7,0,5,2,1,0,2,11,11,1,11,0,0,2,9,179,23,64,19,22,94,22,35,18,17,2,2,2,1.47,12,12,12,11,1,0.0
52,File,org.apache.poi.hssf.record.ColumnInfoRecord,1,1,1,1,8,0,5,3,1,0,4,25,25,6,25,0,0,2,23,358,52,150,41,60,157,61,88,40,48,2,2,2,1.05,26,26,26,25,1,1.0
53,File,org.apache.poi.hssf.record.ContinueRecord,1,1,1,1,13,0,7,5,1,1,1,13,12,1,13,0,0,3,10,270,41,102,33,46,129,48,66,33,33,4,4,4,1.26,17,17,17,13,1,2.0
54,File,org.apache.poi.hssf.record.CountryRecord,1,1,1,1,7,0,5,2,1,0,1,13,13,2,13,0,0,2,11,200,26,76,21,27,99,27,42,20,22,2,2,2,1.3,14,14,14,13,1,0.0
55,File,org.apache.poi.hssf.record.DBCellRecord,1,1,1,1,9,0,6,2,1,0,1,15,15,2,15,0,0,2,13,241,30,112,26,44,99,43,65,28,37,3,3,3,0.88,21,21,21,15,1,2.0
56,File,org.apache.poi.hssf.record.DSFRecord,1,1,1,1,7,0,5,2,1,0,1,11,11,1,11,0,0,2,9,168,21,63,18,21,85,21,34,17,17,2,2,2,1.35,12,12,12,11,1,0.0
57,File,org.apache.poi.hssf.record.DatRecord,1,1,1,1,8,0,4,3,1,0,1,19,19,5,19,0,0,2,17,273,44,107,33,38,123,40,61,32,29,2,2,2,1.15,20,20,20,19,1,1.0
58,File,org.apache.poi.hssf.record.DataFormatRecord,1,1,1,1,9,0,5,3,1,0,1,19,19,5,19,0,0,2,17,285,47,122,33,50,117,46,67,32,35,2,2,2,0.96,20,20,20,19,1,1.0
59,File,org.apache.poi.hssf.record.DateWindow1904Record,1,1,1,1,7,0,5,2,1,0,1,11,11,1,11,0,0,2,9,169,21,64,19,21,86,21,34,17,17,2,2,2,1.34,12,12,12,11,1,0.0
60,File,org.apache.poi.hssf.record.DefaultColWidthRecord,1,1,1,1,7,0,5,2,1,0,1,11,11,1,11,0,0,2,9,168,21,63,19,20,84,21,34,17,17,2,2,2,1.33,12,12,12,11,1,1.0
61,File,org.apache.poi.hssf.record.DefaultDataLabelTextPropertiesRecord,1,1,1,1,9,0,5,3,1,0,4,11,11,1,11,0,0,2,9,207,36,70,24,25,102,27,40,23,17,2,2,2,1.46,12,12,12,11,1,1.0
62,File,org.apache.poi.hssf.record.DefaultRowHeightRecord,1,1,1,1,7,0,5,2,1,0,1,13,13,2,13,0,0,2,11,193,25,76,22,26,92,27,42,20,22,2,2,2,1.21,14,14,14,13,1,1.0
63,File,org.apache.poi.hssf.record.DeltaRecord,1,1,1,1,7,0,4,2,1,0,2,11,11,1,11,0,0,2,9,170,22,63,19,21,86,22,35,18,17,2,2,2,1.37,12,12,12,11,1,1.0
64,File,org.apache.poi.hssf.record.DimensionsRecord,1,1,1,1,8,0,5,2,1,0,1,17,17,5,17,0,0,2,15,247,33,106,28,42,110,43,62,27,35,2,2,2,1.04,18,18,18,17,1,1.0
65,File,org.apache.poi.hssf.record.EOFRecord,1,1,1,1,6,0,4,1,1,0,1,9,9,0,9,0,0,2,7,144,17,50,15,15,78,15,26,14,12,2,2,2,1.56,10,10,10,9,1,1.0
66,File,org.apache.poi.hssf.record.EndRecord,1,1,1,1,6,0,4,1,1,0,1,9,9,0,9,0,0,2,7,143,17,50,15,15,77,15,26,14,12,2,2,2,1.54,10,10,10,9,1,0.0
67,File,org.apache.poi.hssf.record.ExtSSTInfoSubRecord,1,1,1,1,5,0,4,0,1,0,1,13,13,3,13,0,0,2,11,164,21,75,23,26,72,28,42,21,21,1,1,1,0.96,13,13,13,13,0,2.0
68,File,org.apache.poi.hssf.record.ExtSSTRecord,1,1,1,1,8,0,6,1,1,0,1,14,14,2,14,0,0,2,12,214,27,105,27,46,82,43,62,28,34,2,2,2,0.78,18,18,18,14,1,2.0
69,File,org.apache.poi.hssf.record.ExtendedFormatRecord,1,1,1,1,14,0,5,8,1,0,80,95,95,9,95,0,0,2,93,1878,233,681,209,355,972,252,351,189,162,3,3,3,1.43,98,98,98,95,1,1.0
70,File,org.apache.poi.hssf.record.FnGroupCountRecord,1,1,1,1,7,0,5,2,1,0,2,11,11,1,11,0,0,2,9,176,23,64,19,22,90,22,35,18,17,2,2,2,1.41,12,12,12,11,1,0.0
71,File,org.apache.poi.hssf.record.FontBasisRecord,1,1,1,1,9,0,5,2,1,0,1,19,19,5,19,0,0,2,17,289,48,127,33,54,115,48,69,32,37,2,2,2,0.91,20,20,20,19,1,1.0
72,File,org.apache.poi.hssf.record.FontIndexRecord,1,1,1,1,8,0,5,2,1,0,1,11,11,1,11,0,0,2,9,193,36,67,21,22,91,24,37,20,17,2,2,2,1.36,12,12,12,11,1,1.0
73,File,org.apache.poi.hssf.record.FontRecord,1,1,1,1,11,0,5,5,1,0,13,37,37,11,37,0,0,2,35,594,79,258,74,118,273,107,148,68,80,3,3,3,1.06,40,40,40,37,2,2.0
74,File,org.apache.poi.hssf.record.FooterRecord,1,1,1,1,9,0,6,3,1,0,1,13,13,2,13,0,0,2,11,221,27,94,24,36,105,32,51,23,28,3,3,3,1.12,18,18,18,13,1,2.0
75,File,org.apache.poi.hssf.record.FormatRecord,1,1,1,1,9,0,5,3,1,0,1,15,15,4,15,0,0,2,13,240,30,97,26,39,114,38,55,25,30,2,2,2,1.18,16,16,16,15,1,3.0
76,File,org.apache.poi.hssf.record.FormulaRecord,1,1,1,1,10,0,7,2,1,0,2,35,35,9,35,0,3,2,30,508,75,276,66,115,159,103,158,64,94,6,6,7,0.58,54,54,61,48,1,10.0
77,File,org.apache.poi.hssf.record.FrameRecord,1,1,1,1,9,0,5,3,1,0,3,17,17,4,17,0,0,2,15,268,43,104,32,40,122,40,59,31,28,2,2,2,1.17,18,18,18,17,1,1.0
78,File,org.apache.poi.hssf.record.GridsetRecord,1,1,1,1,7,0,5,2,1,0,1,11,11,1,11,0,0,2,9,179,21,69,18,23,89,22,36,17,19,2,2,2,1.29,13,13,13,11,1,1.0
79,File,org.apache.poi.hssf.record.GutsRecord,1,1,1,1,8,0,5,3,1,0,1,17,17,4,17,0,0,2,15,249,33,101,27,38,119,39,58,26,32,2,2,2,1.18,18,18,18,17,1,1.0
80,File,org.apache.poi.hssf.record.HCenterRecord,1,1,1,1,7,0,5,2,1,0,1,11,11,1,11,0,0,2,9,173,21,69,18,23,83,22,36,17,19,2,2,2,1.2,13,13,13,11,1,1.0
81,File,org.apache.poi.hssf.record.HeaderRecord,1,1,1,1,9,0,6,3,1,0,1,13,13,2,13,0,0,2,11,223,28,95,24,37,105,33,52,23,29,3,3,3,1.11,18,18,18,13,1,2.0
82,File,org.apache.poi.hssf.record.HideObjRecord,1,1,1,1,7,0,5,2,1,0,4,11,11,1,11,0,0,2,9,178,21,66,21,24,92,24,37,20,17,2,2,2,1.39,12,12,12,11,1,0.0
83,File,org.apache.poi.hssf.record.IndexRecord,1,1,1,1,7,0,6,1,1,0,2,17,17,5,17,0,0,2,15,228,26,124,30,49,84,52,76,32,44,2,2,2,0.68,23,23,23,17,1,2.0
84,File,org.apache.poi.hssf.record.InterfaceEndRecord,1,1,1,1,6,0,4,1,1,0,1,9,9,0,9,0,0,2,7,143,17,50,15,15,77,15,26,14,12,2,2,2,1.54,10,10,10,9,1,0.0
85,File,org.apache.poi.hssf.record.InterfaceHdrRecord,1,1,1,1,7,0,5,2,1,0,2,11,11,1,11,0,0,2,9,177,23,64,19,22,92,22,35,18,17,2,2,2,1.44,12,12,12,11,1,0.0
86,File,org.apache.poi.hssf.record.IterationRecord,1,1,1,1,7,0,5,2,1,0,1,11,11,1,11,0,0,2,9,177,21,69,18,23,87,22,36,17,19,2,2,2,1.26,13,13,13,11,1,1.0
87,File,org.apache.poi.hssf.record.LabelRecord,1,1,1,1,8,0,6,2,1,0,1,21,21,6,21,0,0,2,19,313,40,141,34,46,132,39,69,32,37,4,4,6,0.94,29,29,34,27,1,3.0
88,File,org.apache.poi.hssf.record.LabelSSTRecord,1,1,1,1,9,0,7,1,1,0,1,24,24,4,24,0,0,2,22,329,38,191,37,80,100,61,100,35,65,6,6,7,0.52,38,38,45,37,1,1.0
89,File,org.apache.poi.hssf.record.LegendRecord,1,1,1,1,10,0,5,4,1,0,10,35,35,13,35,0,0,2,33,494,66,226,66,103,203,93,130,65,65,2,2,2,0.9,36,36,36,35,1,2.0
90,File,org.apache.poi.hssf.record.LineFormatRecord,1,1,1,1,10,0,5,4,1,0,14,25,25,8,25,0,0,2,23,398,54,170,55,79,175,73,100,54,46,2,2,2,1.03,26,26,26,25,1,1.0
91,File,org.apache.poi.hssf.record.LinkedDataRecord,1,1,1,1,10,0,5,4,1,0,9,21,21,6,21,0,0,2,19,343,50,145,44,66,149,60,83,43,40,2,2,2,1.03,22,22,22,21,1,1.0
92,File,org.apache.poi.hssf.record.MMSRecord,1,1,1,1,7,0,5,2,1,0,1,13,13,2,13,0,0,2,11,193,25,76,21,27,95,27,42,20,22,2,2,2,1.25,14,14,14,13,1,0.0
93,File,org.apache.poi.hssf.record.MergeCellsRecord,1,1,1,1,12,0,8,3,2,0,1,15,15,6,15,0,0,2,13,319,47,143,40,69,129,69,91,39,52,2,2,2,0.9,20,20,20,15,1,1.0
94,File,org.apache.poi.hssf.record.MulBlankRecord,1,1,1,1,10,0,6,3,1,0,1,14,14,4,14,0,1,2,11,250,32,98,28,39,120,40,56,27,29,2,2,2,1.22,17,17,17,14,1,1.0
95,File,org.apache.poi.hssf.record.MulRKRecord,1,1,1,1,9,0,6,3,2,0,1,15,15,6,15,0,1,2,12,260,35,111,33,42,114,46,64,32,32,2,2,2,1.03,18,18,18,15,1,0.0
96,File,org.apache.poi.hssf.record.NumberFormatIndexRecord,1,1,1,1,8,0,5,2,1,0,1,11,11,1,11,0,0,2,9,193,36,67,21,22,91,24,37,20,17,2,2,2,1.36,12,12,12,11,1,1.0
97,File,org.apache.poi.hssf.record.NumberRecord,1,1,1,1,9,0,7,2,1,0,1,24,24,4,24,0,0,2,22,353,41,192,38,80,120,62,101,36,65,6,6,7,0.63,38,38,45,37,1,1.0
98,File,org.apache.poi.hssf.record.PasswordRecord,1,1,1,1,7,0,5,2,1,0,1,11,11,1,11,0,0,2,9,169,21,63,18,21,87,21,34,17,17,2,2,2,1.38,12,12,12,11,1,1.0
99,File,org.apache.poi.hssf.record.PasswordRev4Record,1,1,1,1,7,0,5,2,1,0,1,11,11,1,11,0,0,2,9,170,21,63,18,21,87,21,34,17,17,2,2,2,1.38,12,12,12,11,1,0.0
100,File,org.apache.poi.hssf.record.PlotGrowthRecord,1,1,1,1,8,0,5,2,1,0,1,13,13,2,13,0,0,2,11,217,39,82,24,30,97,30,45,23,22,2,2,2,1.18,14,14,14,13,1,1.0
101,File,org.apache.poi.hssf.record.PrecisionRecord,1,1,1,1,8,0,5,2,1,0,1,11,11,1,11,0,0,2,9,177,21,70,18,24,87,22,36,17,19,2,2,2,1.24,13,13,13,11,1,0.0
102,File,org.apache.poi.hssf.record.PrintGridlinesRecord,1,1,1,1,8,0,5,2,1,0,1,11,11,1,11,0,0,2,9,176,21,70,19,23,85,22,36,17,19,2,2,2,1.21,13,13,13,11,1,1.0
103,File,org.apache.poi.hssf.record.PrintHeadersRecord,1,1,1,1,7,0,5,2,1,0,1,11,11,1,11,0,0,2,9,174,21,69,18,23,84,22,36,17,19,2,2,2,1.22,13,13,13,11,1,1.0
104,File,org.apache.poi.hssf.record.PrintSetupRecord,1,1,1,1,5,0,5,0,1,0,9,47,47,11,47,0,0,2,45,426,56,290,81,122,88,114,163,72,91,2,2,2,0.3,48,48,48,47,1,1.0
105,File,org.apache.poi.hssf.record.ProtectRecord,1,1,1,1,7,0,5,2,1,0,1,11,11,1,11,0,0,2,9,176,21,70,18,24,86,22,36,17,19,2,2,2,1.23,13,13,13,11,1,1.0
106,File,org.apache.poi.hssf.record.ProtectionRev4Record,1,1,1,1,7,0,5,2,1,0,1,11,11,1,11,0,0,2,9,176,21,71,19,24,85,22,36,17,19,2,2,2,1.2,13,13,13,11,1,0.0
107,File,org.apache.poi.hssf.record.RKRecord,1,1,1,1,9,0,6,2,1,1,5,23,22,4,23,0,0,2,21,338,38,173,46,70,127,58,90,41,49,4,4,6,0.73,31,31,36,29,1,1.0
108,File,org.apache.poi.hssf.record.Record,1,1,1,1,10,0,4,5,1,0,0,14,14,4,14,0,0,3,11,244,38,60,21,22,146,27,38,21,17,1,1,1,2.43,10,10,10,10,0,1.0
109,File,org.apache.poi.hssf.record.RecordFactory,5,5,5,1,41,3,35,4,1,5,3,5,0,0,5,0,1,0,4,359,34,247,43,159,82,88,113,43,70,10,10,10,0.33,25,25,25,5,7,3.0
110,File,org.apache.poi.hssf.record.RecordFormatException,1,1,1,1,4,0,4,0,1,0,0,1,1,0,1,0,0,0,1,70,4,9,4,1,57,2,4,3,1,1,1,1,6.33,1,1,1,1,0,0.0
111,File,org.apache.poi.hssf.record.RefModeRecord,1,1,1,1,7,0,4,2,1,0,3,11,11,1,11,0,0,2,9,173,21,64,20,22,88,23,36,19,17,2,2,2,1.38,12,12,12,11,1,1.0
112,File,org.apache.poi.hssf.record.RefreshAllRecord,1,1,1,1,7,0,5,2,1,0,1,11,11,1,11,0,0,2,9,175,21,70,18,24,85,22,36,17,19,2,2,2,1.21,13,13,13,11,1,0.0
113,File,org.apache.poi.hssf.record.RowRecord,1,1,1,1,9,0,6,3,1,0,1,36,36,13,36,0,0,2,34,510,77,241,59,105,195,92,135,57,78,4,4,4,0.81,44,44,44,41,1,1.0
114,File,org.apache.poi.hssf.record.SSTRecord,2,2,2,1,26,1,17,7,1,0,6,38,38,9,38,7,11,2,18,1219,154,701,173,439,366,317,394,146,248,13,13,13,0.52,85,85,89,52,6,5.0
115,File,org.apache.poi.hssf.record.SaveRecalcRecord,1,1,1,1,7,0,5,2,1,0,1,11,11,1,11,0,0,2,9,167,21,63,18,21,83,21,34,17,17,2,2,2,1.32,13,13,13,11,1,1.0
116,File,org.apache.poi.hssf.record.SelectionRecord,1,1,1,1,8,0,5,2,1,0,1,19,19,6,19,0,0,2,17,277,38,120,32,48,120,51,72,31,41,2,2,2,1.0,20,20,20,19,1,1.0
117,File,org.apache.poi.hssf.record.SeriesChartGroupIndexRecord,1,1,1,1,8,0,5,2,1,0,1,11,11,1,11,0,0,2,9,193,36,67,21,22,91,24,37,20,17,2,2,2,1.36,12,12,12,11,1,1.0
118,File,org.apache.poi.hssf.record.SeriesLabelsRecord,1,1,1,1,8,0,4,3,1,0,1,23,23,7,23,0,0,2,21,313,48,127,39,46,139,48,73,38,35,2,2,2,1.09,24,24,24,23,1,1.0
119,File,org.apache.poi.hssf.record.SeriesListRecord,1,1,1,1,8,0,4,2,1,0,1,11,11,1,11,0,0,2,9,191,36,65,21,20,91,24,37,20,17,2,2,2,1.4,12,12,12,11,1,1.0
120,File,org.apache.poi.hssf.record.SeriesRecord,1,1,1,1,11,0,6,4,1,0,13,21,21,6,21,0,0,2,19,364,51,154,48,74,160,66,89,47,42,2,2,2,1.04,22,22,22,21,1,1.0
121,File,org.apache.poi.hssf.record.SheetPropertiesRecord,1,1,1,1,9,0,5,3,1,0,4,23,23,7,23,0,0,2,21,331,49,135,42,53,148,53,78,41,37,2,2,2,1.1,24,24,24,23,1,1.0
122,File,org.apache.poi.hssf.record.StyleRecord,1,1,1,1,10,0,6,3,1,0,3,24,24,5,24,0,1,2,21,399,58,181,40,73,162,59,92,38,54,3,3,3,0.9,32,32,32,24,1,2.0
123,File,org.apache.poi.hssf.record.TabIdRecord,1,1,1,1,9,0,6,2,1,0,1,11,11,1,11,0,0,2,9,188,23,80,21,32,86,33,49,23,26,2,2,2,1.07,15,15,15,11,1,0.0
124,File,org.apache.poi.hssf.record.UnicodeString,1,1,1,1,11,0,7,3,1,0,1,22,22,3,22,1,0,3,18,366,52,166,40,67,151,57,89,39,50,3,3,5,0.91,31,31,34,22,2,3.0
125,File,org.apache.poi.hssf.record.UnitsRecord,1,1,1,1,8,0,5,2,1,0,1,11,11,1,11,0,0,2,9,193,36,67,21,22,91,24,37,20,17,2,2,2,1.36,12,12,12,11,1,1.0
126,File,org.apache.poi.hssf.record.UnknownRecord,1,1,1,1,9,0,6,2,1,0,0,9,9,4,9,0,0,3,6,177,22,68,19,29,87,26,39,18,21,3,3,3,1.28,12,12,12,9,1,3.0
127,File,org.apache.poi.hssf.record.UseSelFSRecord,1,1,1,1,7,0,5,2,1,0,3,11,11,1,11,0,0,2,9,176,21,65,20,23,91,23,36,19,17,2,2,2,1.4,12,12,12,11,1,0.0
128,File,org.apache.poi.hssf.record.VCenterRecord,1,1,1,1,7,0,5,2,1,0,1,11,11,1,11,0,0,2,9,173,21,69,18,23,83,22,36,17,19,2,2,2,1.2,13,13,13,11,1,1.0
129,File,org.apache.poi.hssf.record.ValueRangeRecord,1,1,1,1,8,0,5,3,1,0,1,39,39,15,39,0,0,2,37,483,69,222,63,88,193,90,131,62,69,2,2,2,0.87,40,40,40,39,1,0.0
130,File,org.apache.poi.hssf.record.WSBoolRecord,1,1,1,1,8,0,5,3,1,0,10,29,29,2,29,0,0,2,27,418,69,178,56,74,185,61,92,46,46,2,2,2,1.04,30,30,30,29,1,1.0
131,File,org.apache.poi.hssf.record.WindowOneRecord,1,1,1,1,8,0,5,3,1,0,7,37,37,9,37,0,0,2,35,504,79,229,64,95,205,91,130,58,72,2,2,2,0.9,38,38,38,37,1,0.0
132,File,org.apache.poi.hssf.record.WindowProtectRecord,1,1,1,1,7,0,5,2,1,0,1,11,11,1,11,0,0,2,9,175,21,70,18,24,85,22,36,17,19,2,2,2,1.21,13,13,13,11,1,0.0
133,File,org.apache.poi.hssf.record.WindowTwoRecord,1,1,1,1,8,0,5,3,1,0,1,47,47,19,47,0,0,2,45,618,100,283,75,120,238,106,157,72,85,3,3,3,0.84,50,50,50,47,1,1.0
134,File,org.apache.poi.hssf.record.WriteAccessRecord,1,1,1,1,9,0,6,2,1,0,1,11,11,1,11,0,0,2,9,191,24,80,23,35,89,32,46,22,24,2,2,2,1.11,13,13,13,11,1,1.0
135,File,org.apache.poi.hssf.record.aggregates.RowRecordsAggregate,1,1,1,1,8,0,6,2,1,0,0,14,14,4,14,0,0,2,12,219,32,100,32,35,87,38,59,31,28,4,4,5,0.87,20,20,23,16,2,3.0
136,File,org.apache.poi.hssf.record.aggregates.ValueRecordsAggregate,1,1,1,1,9,0,6,2,1,0,1,13,13,4,13,0,0,2,11,276,30,103,31,37,143,37,58,30,28,4,4,6,1.39,20,20,23,15,2,4.0
137,File,org.apache.poi.hssf.record.formula.AddPtg,1,1,1,1,5,0,4,0,1,1,3,12,11,0,12,0,0,1,11,150,23,63,21,22,64,20,36,19,17,4,4,5,1.02,15,15,16,12,2,4.0
138,File,org.apache.poi.hssf.record.formula.AreaPtg,1,1,1,1,6,0,5,0,1,0,2,23,23,4,23,0,0,0,23,244,34,145,39,55,68,53,79,37,42,2,2,2,0.47,25,25,25,23,1,8.0
139,File,org.apache.poi.hssf.record.formula.AttrPtg,1,1,1,1,4,0,4,0,1,0,2,20,20,9,20,0,0,0,20,208,27,113,38,43,69,48,69,36,33,1,1,1,0.61,20,20,20,20,0,6.0
140,File,org.apache.poi.hssf.record.formula.DividePtg,1,1,1,1,4,0,4,0,1,0,2,8,8,0,8,0,0,0,8,121,15,42,15,12,64,13,22,13,9,1,1,1,1.52,8,8,8,8,0,4.0
141,File,org.apache.poi.hssf.record.formula.ExpPtg,1,1,1,1,3,0,3,0,1,0,2,5,5,0,5,0,0,0,5,99,11,24,10,4,64,5,11,9,2,1,1,1,2.67,5,5,5,5,0,5.0
142,File,org.apache.poi.hssf.record.formula.FormulaParser,1,1,1,1,7,0,6,1,1,1,2,29,28,7,29,0,25,0,4,450,97,204,54,117,154,111,162,55,107,5,5,5,0.75,51,51,55,29,3,6.0
143,File,org.apache.poi.hssf.record.formula.FormulaUtil,1,1,1,1,11,1,10,0,1,19,0,20,1,0,20,0,7,0,13,318,50,205,50,111,63,82,118,51,67,6,6,6,0.31,35,35,35,25,2,0.0
144,File,org.apache.poi.hssf.record.formula.IntPtg,1,1,1,1,6,0,5,0,1,2,2,12,10,3,12,0,1,1,10,165,23,78,25,33,64,30,50,24,26,7,7,10,0.82,19,19,22,12,4,4.0
145,File,org.apache.poi.hssf.record.formula.MemErrPtg,1,1,1,1,4,0,3,0,1,0,2,9,9,2,9,0,0,0,9,123,15,45,17,10,63,14,24,16,8,1,1,1,1.4,9,9,9,9,0,3.0
146,File,org.apache.poi.hssf.record.formula.MultiplyPtg,1,1,1,1,4,0,4,0,1,0,2,8,8,0,8,0,0,0,8,121,15,42,15,12,64,13,22,13,9,1,1,1,1.52,8,8,8,8,0,4.0
147,File,org.apache.poi.hssf.record.formula.NamePtg,1,1,1,1,4,0,4,0,1,0,2,5,5,3,5,0,0,0,5,108,12,32,14,8,66,13,19,13,6,1,1,1,2.06,5,5,5,5,0,6.0
148,File,org.apache.poi.hssf.record.formula.OperationPtg,0,0,0,0,0,0,0,0,1,0,3,3,3,0,3,0,0,0,3,79,7,10,8,3,62,7,8,8,0,0,0,0,6.2,0,0,0,0,0,2.0
149,File,org.apache.poi.hssf.record.formula.ParenthesisPtg,1,1,1,1,4,0,3,0,1,0,0,6,6,0,6,0,0,0,6,103,13,29,10,5,61,6,13,8,5,1,1,1,2.1,6,6,6,6,0,4.0
150,File,org.apache.poi.hssf.record.formula.PowerPtg,1,1,1,1,4,0,4,0,1,0,2,8,8,0,8,0,0,0,8,121,15,42,15,12,64,13,22,13,9,1,1,1,1.52,8,8,8,8,0,5.0
151,File,org.apache.poi.hssf.record.formula.Ptg,3,1,3,1,19,3,14,1,1,1,0,8,7,0,8,0,0,0,8,219,42,79,16,55,98,43,50,16,34,14,2,14,1.24,18,6,18,5,1,11.0
152,File,org.apache.poi.hssf.record.formula.SubtractPtg,1,1,1,1,4,0,4,0,1,0,2,8,8,0,8,0,0,0,8,121,15,42,15,12,64,13,22,13,9,1,1,1,1.52,8,8,8,8,0,4.0
153,File,org.apache.poi.hssf.record.formula.UnknownPtg,1,1,1,1,4,0,3,0,1,0,0,5,5,1,5,0,0,0,5,98,11,23,9,2,64,4,10,8,2,1,1,1,2.78,5,5,5,5,0,3.0
154,File,org.apache.poi.hssf.record.formula.ValueReferencePtg,1,1,1,1,4,0,4,0,1,0,2,14,14,4,14,0,0,0,14,161,22,75,26,24,67,29,44,25,19,1,1,1,0.89,14,14,14,14,0,0.0
155,File,org.apache.poi.hssf.record.formula.ValueVariableFunctionPtg,1,1,1,1,4,0,4,0,1,0,2,9,9,6,9,0,0,0,9,130,15,52,23,15,63,20,30,21,9,1,1,1,1.21,9,9,9,9,0,1.0
156,File,org.apache.poi.hssf.usermodel.HSSFCell,3,2,3,1,27,1,18,7,1,0,8,26,26,12,26,0,3,4,19,913,103,518,78,306,292,237,308,76,232,24,19,25,0.56,90,71,95,36,4,7.0
157,File,org.apache.poi.hssf.usermodel.HSSFCellStyle,1,1,1,1,12,0,4,8,1,0,42,42,42,3,42,0,0,1,41,884,144,230,91,98,510,100,143,90,53,1,1,1,2.22,42,42,42,42,0,2.0
158,File,org.apache.poi.hssf.usermodel.HSSFColorConstants,0,0,0,0,0,0,0,0,1,0,41,0,0,0,0,0,0,0,0,118,4,45,43,41,109,42,43,43,0,0,0,0,2.42,0,0,0,0,0,0.0
159,File,org.apache.poi.hssf.usermodel.HSSFDataFormat,2,2,2,1,23,0,19,3,1,5,1,5,0,0,5,0,1,0,4,241,17,104,12,70,120,69,81,13,68,4,4,5,1.15,11,11,12,7,2,4.0
160,File,org.apache.poi.hssf.usermodel.HSSFDateUtil,1,1,1,1,16,0,10,5,1,6,3,7,1,0,7,0,4,0,3,210,22,88,28,47,108,32,43,22,21,2,2,2,1.23,10,10,10,7,1,1.0
161,File,org.apache.poi.hssf.usermodel.HSSFErrorConstants,0,0,0,0,0,0,0,0,1,0,7,0,0,0,0,0,0,0,0,77,4,11,9,7,69,8,9,9,0,0,0,0,6.27,0,0,0,0,0,0.0
162,File,org.apache.poi.hssf.usermodel.HSSFFont,1,1,1,1,9,0,4,5,1,0,13,20,20,2,20,0,0,1,19,390,71,103,39,35,216,39,60,38,22,1,1,1,2.1,20,20,20,20,0,1.0
163,File,org.apache.poi.hssf.usermodel.HSSFRow,1,1,1,1,14,0,8,5,1,0,1,24,24,5,24,0,3,5,16,492,75,211,49,93,210,85,128,48,80,5,5,5,1.0,42,42,44,29,1,0.0
164,File,org.apache.poi.hssf.usermodel.HSSFSheet,1,1,1,1,11,0,6,4,1,0,3,47,47,5,47,0,5,3,39,740,128,327,104,132,286,121,182,94,88,5,5,5,0.87,60,60,63,47,2,4.0
165,File,org.apache.poi.hssf.usermodel.HSSFWorkbook,1,1,1,1,14,1,8,5,1,0,3,26,26,2,26,1,1,0,24,537,87,230,81,106,223,114,153,82,71,5,5,5,0.97,40,40,40,28,2,12.0
166,File,org.apache.poi.hssf.util.HSSFColor,1,1,1,1,4,0,4,0,41,1,121,125,124,0,125,0,0,0,125,1418,217,955,410,295,246,286,452,290,162,1,1,1,0.26,125,125,125,125,0,1.0
167,File,org.apache.poi.hssf.util.RKUtil,2,2,2,1,20,2,11,7,1,1,0,2,1,0,2,0,1,0,1,113,10,26,6,10,77,8,13,6,7,3,3,3,2.96,4,4,4,2,1,0.0
168,File,org.apache.poi.hssf.util.Region,1,1,1,1,9,0,5,4,1,0,0,16,16,4,16,0,0,0,16,257,35,96,24,32,126,27,47,23,24,3,3,9,1.31,19,19,28,18,1,0.0
169,File,org.apache.poi.poifs.common.POIFSConstants,0,0,0,0,0,0,0,0,1,0,4,0,0,0,0,0,0,0,0,69,3,8,6,4,59,5,6,6,0,0,0,0,7.38,0,0,0,0,0,0.0
170,File,org.apache.poi.poifs.dev.POIFSViewEngine,5,5,5,1,45,3,35,6,1,2,1,2,0,0,2,0,1,0,1,165,17,77,20,38,72,26,37,17,20,6,6,6,0.94,10,10,10,2,4,0.0
171,File,org.apache.poi.poifs.dev.POIFSViewable,0,0,0,0,0,0,0,0,1,0,0,4,4,0,4,0,0,0,4,115,14,9,7,0,93,6,7,7,0,0,0,0,10.33,0,0,0,0,0,0.0
172,File,org.apache.poi.poifs.dev.POIFSViewer,4,4,4,1,27,1,23,2,1,2,0,2,0,0,2,0,1,0,1,130,14,53,15,24,64,24,33,14,19,5,5,5,1.21,8,8,8,2,2,0.0
173,File,org.apache.poi.poifs.eventfilesystem.POIFSReader,2,2,2,1,28,1,18,7,2,1,0,9,8,2,9,1,1,0,7,364,43,190,59,90,133,66,91,48,43,7,7,7,0.7,24,24,26,9,4,0.0
174,File,org.apache.poi.poifs.eventfilesystem.POIFSReaderEvent,1,1,1,1,8,0,4,4,1,0,0,4,4,3,4,1,0,0,3,117,14,28,12,6,76,12,17,11,6,1,1,1,2.71,4,4,4,4,0,0.0
175,File,org.apache.poi.poifs.eventfilesystem.POIFSReaderListener,0,0,0,0,0,0,0,0,1,0,0,1,1,0,1,0,0,0,1,77,7,5,3,0,66,2,3,3,0,0,0,0,13.2,0,0,0,0,0,0.0
176,File,org.apache.poi.poifs.eventfilesystem.POIFSReaderRegistry,2,2,2,1,20,2,12,5,1,0,0,6,6,3,6,4,2,0,0,221,32,85,28,34,105,30,46,22,24,5,5,5,1.24,15,15,15,6,3,0.0
177,File,org.apache.poi.poifs.filesystem.BATManaged,0,0,0,0,0,0,0,0,1,0,0,2,2,0,2,0,0,0,2,85,9,6,4,0,71,3,4,4,0,0,0,0,11.83,0,0,0,0,0,0.0
178,File,org.apache.poi.poifs.filesystem.DirectoryEntry,0,0,0,0,0,0,0,0,1,0,0,7,7,0,7,0,0,0,7,164,21,20,18,0,124,10,11,11,0,0,0,0,6.2,0,0,0,0,0,1.0
179,File,org.apache.poi.poifs.filesystem.DirectoryNode,1,1,1,1,17,0,8,7,1,0,0,18,18,3,18,4,0,1,13,446,63,175,56,73,209,64,92,43,49,4,4,4,1.19,27,27,27,18,2,1.0
180,File,org.apache.poi.poifs.filesystem.DocumentDescriptor,2,2,3,1,18,0,13,4,1,0,0,4,4,3,4,0,0,0,4,153,15,60,12,26,79,22,34,13,21,4,4,5,1.32,11,11,13,4,2,0.0
181,File,org.apache.poi.poifs.filesystem.DocumentEntry,0,0,0,0,0,0,0,0,1,0,0,1,1,0,1,0,0,0,1,77,7,6,4,0,65,2,3,3,0,0,0,0,10.83,0,0,0,0,0,0.0
182,File,org.apache.poi.poifs.filesystem.DocumentInputStream,1,1,2,1,28,0,10,17,1,0,1,13,13,6,13,0,2,0,11,487,42,152,37,64,294,56,82,27,55,6,6,9,1.93,25,25,28,15,1,0.0
183,File,org.apache.poi.poifs.filesystem.DocumentNode,1,1,1,1,10,0,4,6,1,0,0,9,9,1,9,2,0,1,6,204,32,50,18,13,123,18,28,16,12,1,1,1,2.46,9,9,9,9,0,0.0
184,File,org.apache.poi.poifs.filesystem.DocumentOutputStream,1,1,1,1,15,0,6,8,1,0,0,8,8,3,8,2,1,0,5,214,24,61,24,16,130,20,31,16,15,2,2,2,2.13,10,10,10,8,1,0.0
185,File,org.apache.poi.poifs.filesystem.Entry,0,0,0,0,0,0,0,0,1,0,0,6,6,0,6,0,0,0,6,133,17,10,8,0,107,7,8,8,0,0,0,0,10.7,0,0,0,0,0,0.0
186,File,org.apache.poi.poifs.filesystem.EntryNode,1,1,1,1,12,0,5,7,1,0,0,10,10,2,10,0,0,4,6,231,35,58,20,16,139,21,33,19,14,2,2,3,2.4,11,11,12,9,1,0.0
187,File,org.apache.poi.poifs.filesystem.POIFSDocument,1,1,2,1,19,0,12,6,3,0,0,26,26,14,26,12,0,0,14,669,79,362,94,158,231,148,201,77,124,7,7,7,0.64,50,50,54,28,3,0.0
188,File,org.apache.poi.poifs.filesystem.POIFSDocumentPath,3,3,3,1,24,0,14,9,1,0,0,9,9,2,9,0,0,0,9,314,29,141,24,62,145,49,77,26,51,6,6,7,1.03,27,27,30,14,5,0.0
189,File,org.apache.poi.poifs.filesystem.POIFSFileSystem,1,1,1,1,22,1,12,8,1,1,0,17,16,3,17,3,1,0,13,519,70,247,87,113,203,100,131,67,64,5,5,5,0.82,31,31,31,17,3,2.0
190,File,org.apache.poi.poifs.filesystem.POIFSWriterEvent,1,1,1,1,9,0,5,4,1,0,0,5,5,4,5,1,0,0,4,128,15,33,13,8,81,13,19,11,8,1,1,1,2.45,5,5,5,5,0,0.0
191,File,org.apache.poi.poifs.filesystem.POIFSWriterListener,0,0,0,0,0,0,0,0,1,0,0,1,1,0,1,0,0,0,1,77,7,5,3,0,66,2,3,3,0,0,0,0,13.2,0,0,0,0,0,0.0
192,File,org.apache.poi.poifs.property.Child,0,0,0,0,0,0,0,0,1,0,0,4,4,0,4,0,0,0,4,102,13,8,6,0,82,5,6,6,0,0,0,0,10.25,0,0,0,0,0,0.0
193,File,org.apache.poi.poifs.property.DirectoryProperty,1,1,1,1,19,0,11,7,2,0,0,10,10,2,10,0,0,2,8,310,42,133,34,62,138,61,82,30,52,6,6,6,1.04,19,19,19,10,3,0.0
194,File,org.apache.poi.poifs.property.DocumentProperty,1,1,1,1,10,0,4,5,1,0,0,7,7,1,7,0,0,2,5,162,24,41,13,12,99,15,23,11,12,1,1,1,2.41,7,7,7,7,0,0.0
195,File,org.apache.poi.poifs.property.Parent,0,0,0,0,0,0,0,0,1,0,0,4,4,0,4,0,0,0,4,114,17,12,10,0,86,7,8,8,0,0,0,0,7.17,0,0,0,0,0,0.0
196,File,org.apache.poi.poifs.property.Property,1,1,1,1,13,0,7,5,1,2,17,30,28,17,30,3,0,11,16,577,82,263,88,134,233,144,175,85,90,3,3,3,0.89,34,34,34,28,2,1.0
197,File,org.apache.poi.poifs.property.PropertyConstants,0,0,0,0,0,0,0,0,1,0,4,0,0,0,0,0,0,0,0,75,6,8,6,4,62,5,6,6,0,0,0,0,7.75,0,0,0,0,0,0.0
198,File,org.apache.poi.poifs.property.PropertyFactory,3,2,3,1,27,3,19,5,1,1,0,2,1,0,2,1,1,0,0,139,17,47,14,26,76,23,29,14,15,6,4,6,1.62,7,5,7,2,3,0.0
199,File,org.apache.poi.poifs.property.PropertyTable,1,1,1,1,15,0,8,5,1,0,0,11,11,3,11,0,1,0,10,281,40,115,35,42,127,49,70,32,38,6,6,6,1.1,21,21,21,11,2,0.0
200,File,org.apache.poi.poifs.property.RootProperty,1,1,1,1,11,0,5,5,1,0,0,3,3,0,3,1,0,1,1,114,15,25,11,6,75,11,15,9,6,1,1,1,3.0,3,3,3,3,0,0.0
201,File,org.apache.poi.poifs.storage.BATBlock,1,1,1,1,14,0,8,5,1,7,4,11,4,2,11,1,3,0,7,274,34,115,43,50,126,55,73,39,34,5,5,5,1.1,19,19,19,11,2,0.0
202,File,org.apache.poi.poifs.storage.BigBlock,1,1,1,1,15,0,5,10,1,0,0,3,3,0,3,1,0,1,1,127,14,19,11,2,95,6,9,7,2,1,1,1,5.0,2,2,2,2,0,0.0
203,File,org.apache.poi.poifs.storage.BlockAllocationTableReader,3,3,3,1,31,1,18,10,1,0,0,7,7,1,7,5,1,0,1,322,35,143,44,65,145,60,82,36,46,9,9,9,1.01,21,21,21,10,3,0.0
204,File,org.apache.poi.poifs.storage.BlockAllocationTableWriter,1,1,1,1,15,0,9,5,1,0,0,8,8,3,8,1,0,0,7,241,33,90,33,35,119,41,55,31,24,3,3,4,1.32,13,13,14,10,2,0.0
205,File,org.apache.poi.poifs.storage.BlockList,0,0,0,0,0,0,0,0,1,0,0,4,4,0,4,0,0,0,4,118,14,12,10,0,93,6,7,7,0,0,0,0,7.75,0,0,0,0,0,0.0
206,File,org.apache.poi.poifs.storage.BlockListImpl,1,1,2,1,16,0,9,6,1,0,0,6,6,2,6,0,0,2,4,189,22,66,17,24,102,19,31,13,18,3,3,3,1.55,11,11,12,6,2,0.0
207,File,org.apache.poi.poifs.storage.BlockWritable,0,0,0,0,0,0,0,0,1,0,0,1,1,0,1,0,0,0,1,83,8,8,6,0,68,4,5,5,0,0,0,0,8.5,0,0,0,0,0,0.0
208,File,org.apache.poi.poifs.storage.DocumentBlock,1,1,1,1,17,0,10,6,1,3,1,9,6,2,9,1,1,0,7,260,33,111,39,49,117,46,61,32,29,4,4,4,1.05,15,15,15,9,3,1.0
209,File,org.apache.poi.poifs.storage.HeaderBlockConstants,0,0,0,0,0,0,0,0,1,0,9,0,0,0,0,0,0,0,0,87,7,21,18,10,60,16,17,17,0,0,0,0,2.86,0,0,0,0,0,1.0
210,File,org.apache.poi.poifs.storage.HeaderBlockReader,1,1,1,1,12,0,8,4,1,0,0,7,7,6,7,0,0,0,7,199,31,76,31,29,93,38,49,29,20,4,4,4,1.22,11,11,11,7,1,1.0
211,File,org.apache.poi.poifs.storage.HeaderBlockWriter,1,1,1,1,21,0,13,7,1,1,1,6,5,6,6,2,0,0,4,240,29,102,31,54,110,60,70,29,41,4,4,4,1.08,10,10,10,6,2,1.0
212,File,org.apache.poi.poifs.storage.ListManagedBlock,0,0,0,0,0,0,0,0,1,0,0,1,1,0,1,0,0,0,1,81,8,7,5,0,67,3,4,4,0,0,0,0,9.57,0,0,0,0,0,0.0
213,File,org.apache.poi.poifs.storage.PropertyBlock,1,1,1,1,17,0,10,5,2,1,1,5,4,1,5,1,1,1,2,169,20,62,23,22,88,29,39,23,16,3,3,3,1.42,9,9,9,5,1,0.0
214,File,org.apache.poi.poifs.storage.RawDataBlock,2,2,2,1,20,0,12,7,1,0,0,3,3,2,3,0,0,0,3,145,17,45,16,16,84,14,21,11,10,4,4,4,1.87,7,7,7,3,1,1.0
215,File,org.apache.poi.poifs.storage.RawDataBlockList,3,3,3,3,25,2,15,8,1,0,0,1,1,0,1,0,0,0,1,99,11,22,9,7,67,8,12,7,5,3,3,3,3.05,3,3,3,3,2,0.0
216,File,org.apache.poi.poifs.storage.SmallBlockTableReader,1,1,1,1,26,1,12,13,1,1,0,1,0,0,1,0,0,0,1,101,10,19,11,5,72,7,9,7,2,1,1,1,3.79,1,1,1,1,0,0.0
217,File,org.apache.poi.poifs.storage.SmallBlockTableWriter,1,1,1,1,16,0,9,6,1,0,0,5,5,4,5,0,0,0,5,178,23,59,23,20,96,28,38,21,17,4,4,4,1.63,9,9,9,5,3,1.0
218,File,org.apache.poi.poifs.storage.SmallDocumentBlock,1,1,1,1,17,0,11,5,1,8,3,12,4,1,12,0,4,0,8,323,41,149,49,69,134,66,88,43,45,4,4,4,0.9,22,22,22,12,3,0.0
219,File,org.apache.poi.poifs.storage.SmallDocumentBlockList,1,1,1,1,10,0,5,5,1,0,0,1,1,0,1,0,0,0,1,82,8,11,5,2,64,3,5,4,1,1,1,1,5.82,1,1,1,1,0,0.0
220,File,org.apache.poi.util.BinaryTree,1,1,2,1,19,0,13,5,15,17,6,111,94,17,111,2,45,7,57,2228,235,1227,191,620,773,388,595,195,400,15,15,17,0.63,216,216,230,129,5,0.0
221,File,org.apache.poi.util.BitField,1,1,1,1,14,0,4,9,1,0,0,18,18,2,18,0,0,0,18,362,42,92,24,28,229,26,47,24,23,3,3,3,2.49,23,23,23,18,2,0.0
222,File,org.apache.poi.util.ByteField,1,1,1,1,14,0,5,8,1,0,1,11,11,2,11,0,0,0,11,257,31,73,27,21,154,22,35,18,17,2,2,2,2.11,12,12,12,11,1,0.0
223,File,org.apache.poi.util.FixedField,0,0,0,0,0,0,0,0,1,0,0,4,4,0,4,0,0,0,4,120,15,13,11,0,93,7,8,8,0,0,0,0,7.15,0,0,0,0,0,0.0
224,File,org.apache.poi.util.HexDump,2,2,2,1,16,0,12,4,1,8,5,9,1,0,9,0,4,0,5,247,18,128,31,58,101,56,78,29,49,9,9,11,0.79,21,21,23,9,3,5.0
225,File,org.apache.poi.util.IntList,2,2,2,1,21,0,10,9,1,0,1,25,25,2,25,0,1,0,24,678,74,279,48,124,327,108,164,54,110,4,4,7,1.17,59,59,65,29,3,0.0
226,File,org.apache.poi.util.IntegerField,1,1,1,1,14,0,5,8,1,0,0,11,11,2,11,0,0,0,11,256,31,69,26,17,157,21,34,17,17,2,2,2,2.28,12,12,12,11,1,0.0
227,File,org.apache.poi.util.LittleEndian,1,1,1,1,14,0,5,8,2,29,3,31,2,0,31,1,3,0,27,595,68,198,62,69,329,70,110,53,57,6,4,6,1.66,41,39,41,31,1,3.0
228,File,org.apache.poi.util.LittleEndianConsts,0,0,0,0,0,0,0,0,1,0,5,0,0,0,0,0,0,0,0,75,6,9,7,5,61,6,7,7,0,0,0,0,6.78,0,0,0,0,0,0.0
229,File,org.apache.poi.util.LongField,1,1,1,1,13,0,5,8,1,0,0,11,11,2,11,0,0,0,11,253,31,70,26,18,153,21,34,17,17,2,2,2,2.19,12,12,12,11,1,0.0
230,File,org.apache.poi.util.POILogFactory,1,1,1,1,13,0,7,5,1,2,2,3,1,0,3,0,1,0,2,127,16,31,12,10,81,14,18,12,6,2,2,2,2.61,4,4,4,3,1,0.0
231,File,org.apache.poi.util.POILogger,3,3,3,1,27,1,14,11,1,0,5,25,25,1,25,1,3,0,21,820,96,383,77,153,342,84,164,55,109,17,17,17,0.89,79,79,79,35,2,0.0
232,File,org.apache.poi.util.ShortField,1,1,1,1,13,0,5,8,1,0,0,11,11,2,11,0,0,0,11,253,31,70,26,18,153,21,34,17,17,2,2,2,2.19,12,12,12,11,1,0.0
233,File,org.apache.poi.util.ShortList,2,2,2,1,21,0,10,9,1,0,1,25,25,2,25,0,1,0,24,678,74,279,48,124,327,108,164,54,110,4,4,7,1.17,59,59,65,29,3,0.0
234,File,org.apache.poi.util.StringUtil,3,3,4,1,25,0,18,6,1,6,0,7,1,0,7,0,2,0,5,261,22,136,28,66,104,47,69,24,45,6,6,10,0.76,21,21,31,11,3,7.0
