Unnamed: 0,Kind,Name,AvgCyclomatic,AvgCyclomaticModified,AvgCyclomaticStrict,AvgEssential,AvgLine,AvgLineBlank,AvgLineCode,AvgLineComment,CountDeclClass,CountDeclClassMethod,CountDeclClassVariable,CountDeclFunction,CountDeclInstanceMethod,CountDeclInstanceVariable,CountDeclMethod,CountDeclMethodDefault,CountDeclMethodPrivate,CountDeclMethodProtected,CountDeclMethodPublic,CountLine,CountLineBlank,CountLineCode,CountLineCodeDecl,CountLineCodeExe,CountLineComment,CountSemicolon,CountStmt,CountStmtDecl,CountStmtExe,MaxCyclomatic,MaxCyclomaticModified,MaxCyclomaticStrict,RatioCommentToCode,SumCyclomatic,SumCyclomaticModified,SumCyclomaticStrict,SumEssential,MaxNesting,bug
0,File,org.apache.lucene.LucenePackage,1,1,1,1,2,0,2,1,1,1,0,2,1,0,2,0,1,0,1,28,4,7,4,1,18,2,5,4,1,1,1,1,2.57,2,2,2,2,0,0
1,File,org.apache.lucene.analysis.Analyzer,1,1,1,1,17,0,4,13,1,0,0,2,2,0,2,0,0,0,2,58,6,9,5,1,43,4,6,5,1,1,1,1,4.78,1,1,1,1,0,0
2,File,org.apache.lucene.analysis.CharTokenizer,3,3,3,3,15,2,11,3,1,0,2,4,4,5,4,0,0,2,2,85,15,46,16,31,30,26,37,16,21,9,9,9,0.65,11,11,11,9,3,0
3,File,org.apache.lucene.analysis.ISOLatin1AccentFilter,23,2,23,1,46,0,45,23,1,1,0,3,2,0,3,0,0,0,3,168,4,138,7,127,91,61,68,8,60,67,3,67,0.66,70,6,70,3,2,1
4,File,org.apache.lucene.analysis.KeywordAnalyzer,1,1,1,1,4,0,4,0,1,0,0,1,1,0,1,0,0,0,1,30,3,8,5,1,19,3,5,4,1,1,1,1,2.38,1,1,1,1,0,0
5,File,org.apache.lucene.analysis.KeywordTokenizer,2,2,2,2,8,0,7,0,1,0,1,3,3,2,3,0,0,0,3,58,9,31,13,15,18,19,26,13,13,4,4,4,0.58,6,6,6,6,3,0
6,File,org.apache.lucene.analysis.LengthFilter,2,2,2,2,13,0,8,5,1,0,0,2,2,2,2,0,0,0,2,60,6,23,8,8,31,12,17,9,8,3,3,4,1.35,4,4,5,4,2,0
7,File,org.apache.lucene.analysis.LetterTokenizer,1,1,1,1,4,0,3,1,1,0,0,2,2,0,2,0,0,1,1,39,6,10,5,2,23,4,7,5,2,1,1,1,2.3,2,2,2,2,0,0
8,File,org.apache.lucene.analysis.LowerCaseFilter,1,1,1,1,6,1,5,0,1,0,0,2,2,0,2,0,0,0,2,41,7,14,6,6,20,7,11,6,5,2,2,2,1.43,3,3,3,2,1,0
9,File,org.apache.lucene.analysis.LowerCaseTokenizer,1,1,1,1,4,0,3,1,1,0,0,2,2,0,2,0,0,1,1,42,4,10,5,2,28,4,7,5,2,1,1,1,2.8,2,2,2,2,0,0
10,File,org.apache.lucene.analysis.PerFieldAnalyzerWrapper,1,1,1,1,7,0,4,3,1,0,0,4,4,2,4,0,0,0,4,80,9,24,12,8,47,12,18,12,6,2,2,2,1.96,5,5,5,4,1,1
11,File,org.apache.lucene.analysis.PorterStemFilter,2,2,2,1,8,0,7,1,1,0,0,2,2,1,2,0,0,0,2,59,5,20,8,10,35,10,15,8,7,3,3,3,1.75,4,4,4,2,2,0
12,File,org.apache.lucene.analysis.PorterStemmer,5,4,6,4,14,0,12,2,1,1,2,27,26,6,27,2,12,0,13,546,70,340,52,260,140,231,365,56,309,34,24,37,0.41,160,134,178,124,5,0
13,File,org.apache.lucene.analysis.SimpleAnalyzer,1,1,1,1,3,0,3,0,1,0,0,1,1,0,1,0,0,0,1,27,4,7,4,1,16,3,5,4,1,1,1,1,2.29,1,1,1,1,0,0
14,File,org.apache.lucene.analysis.StopAnalyzer,1,1,1,1,4,0,3,1,1,0,1,6,6,1,6,0,0,0,6,74,12,33,20,11,29,13,20,14,6,1,1,1,0.88,6,6,6,6,0,0
15,File,org.apache.lucene.analysis.StopFilter,1,1,1,1,10,0,5,5,1,2,0,7,5,2,7,0,0,0,7,115,13,44,16,18,58,25,36,18,18,4,4,4,1.32,12,12,12,9,2,0
16,File,org.apache.lucene.analysis.Token,1,1,1,1,8,0,3,4,1,0,0,9,9,5,9,0,0,0,9,122,16,40,17,26,70,26,39,17,22,3,3,3,1.75,12,12,12,9,1,2
17,File,org.apache.lucene.analysis.TokenFilter,1,1,1,1,4,0,3,1,1,0,0,2,2,1,2,0,0,1,1,41,8,11,6,2,22,5,8,6,2,1,1,1,2.0,2,2,2,2,0,0
18,File,org.apache.lucene.analysis.TokenStream,1,1,1,1,2,0,1,1,1,0,0,2,2,0,2,0,0,0,2,39,5,6,5,0,28,3,5,5,0,1,1,1,4.67,1,1,1,1,0,1
19,File,org.apache.lucene.analysis.Tokenizer,1,1,1,1,3,0,2,1,1,0,0,3,3,1,3,0,0,2,1,44,8,13,8,2,23,6,10,8,2,1,1,1,1.77,3,3,3,3,0,0
20,File,org.apache.lucene.analysis.WhitespaceAnalyzer,1,1,1,1,3,0,3,0,1,0,0,1,1,0,1,0,0,0,1,27,4,7,4,1,16,3,5,4,1,1,1,1,2.29,1,1,1,1,0,0
21,File,org.apache.lucene.analysis.WhitespaceTokenizer,1,1,1,1,4,0,3,1,1,0,0,2,2,0,2,0,0,1,1,35,5,10,5,2,20,4,7,5,2,1,1,1,2.0,2,2,2,2,0,0
22,File,org.apache.lucene.analysis.WordlistLoader,2,2,2,1,21,0,13,8,1,3,0,3,0,0,3,0,1,0,2,104,7,52,20,28,45,29,39,21,18,4,4,4,0.87,8,8,8,3,2,0
23,File,org.apache.lucene.analysis.standard.CharStream,0,0,0,0,0,0,0,0,1,0,0,10,10,0,10,10,0,0,0,96,13,13,12,0,70,11,12,12,0,0,0,0,5.38,0,0,0,0,0,1
24,File,org.apache.lucene.analysis.standard.FastCharStream,1,1,1,1,5,0,5,0,1,0,0,14,14,6,14,0,1,0,13,121,18,82,28,45,32,39,60,27,33,5,5,5,0.39,20,20,20,14,2,0
25,File,org.apache.lucene.analysis.standard.ParseException,5,3,5,1,27,0,20,7,1,0,0,5,5,5,5,0,0,1,4,191,13,109,22,75,69,66,84,23,61,12,10,13,0.63,25,17,26,8,3,1
26,File,org.apache.lucene.analysis.standard.StandardAnalyzer,1,1,1,1,5,0,3,1,1,0,1,6,6,1,6,0,0,0,6,77,11,32,16,11,34,18,25,16,9,1,1,1,1.06,6,6,6,6,0,0
27,File,org.apache.lucene.analysis.standard.StandardFilter,3,3,4,2,18,2,13,3,1,0,2,2,2,0,2,0,0,0,2,68,13,34,13,23,23,17,25,13,12,6,6,8,0.68,7,7,9,5,3,0
28,File,org.apache.lucene.analysis.standard.StandardTokenizer,3,2,3,1,11,0,10,0,1,1,1,14,13,9,14,0,3,0,11,206,18,166,32,112,22,112,150,41,109,14,10,14,0.13,46,38,46,17,4,0
29,File,org.apache.lucene.analysis.standard.StandardTokenizerConstants,0,0,0,0,0,0,0,0,1,0,0,0,0,18,0,0,0,0,0,44,5,38,37,33,1,19,20,20,0,0,0,0,0.03,0,0,0,0,0,0
30,File,org.apache.lucene.analysis.standard.StandardTokenizerTokenManager,22,13,22,12,53,0,53,0,1,5,22,21,16,11,21,0,13,1,7,1221,7,1213,126,1037,1,587,860,79,781,414,237,415,0.0,470,285,474,261,6,1
31,File,org.apache.lucene.analysis.standard.Token,1,1,1,1,13,0,5,7,1,1,0,2,1,8,2,0,0,0,2,81,10,19,9,3,52,8,12,9,3,1,2,1,2.74,2,3,2,2,1,0
32,File,org.apache.lucene.analysis.standard.TokenMgrError,3,1,3,1,14,0,10,4,1,2,4,6,4,1,6,0,0,2,4,133,13,72,16,50,48,37,47,17,30,12,4,13,0.67,18,10,19,6,3,0
33,File,org.apache.lucene.document.DateField,1,1,1,1,7,0,5,1,1,6,1,7,1,0,7,0,1,0,6,105,14,43,18,23,49,22,35,18,17,5,5,5,1.14,12,12,12,7,2,0
34,File,org.apache.lucene.document.DateTools,3,3,3,1,17,0,10,6,2,6,8,10,4,1,10,0,3,0,7,239,25,122,34,90,92,73,106,34,72,8,8,8,0.75,31,31,31,10,1,0
35,File,org.apache.lucene.document.Document,2,2,2,1,14,0,7,6,1,0,0,14,14,2,14,0,0,0,14,260,25,115,41,65,123,67,103,48,55,4,4,5,1.07,35,35,39,22,2,1
36,File,org.apache.lucene.document.Field,2,2,2,1,13,0,7,4,4,0,12,26,26,12,26,0,4,0,22,512,69,245,62,181,200,141,211,62,149,17,17,17,0.82,69,69,72,26,2,1
37,File,org.apache.lucene.document.NumberTools,5,5,5,1,32,4,20,7,1,2,6,2,0,0,2,0,0,0,2,127,20,51,17,37,56,25,36,15,21,6,6,6,1.1,10,10,10,2,1,0
38,File,org.apache.lucene.index.CompoundFileReader,1,1,1,1,8,0,6,1,3,0,0,19,19,9,19,1,0,2,16,239,45,137,52,60,57,64,98,49,49,6,6,7,0.42,29,29,30,19,3,1
39,File,org.apache.lucene.index.CompoundFileWriter,3,3,3,1,26,3,16,6,2,0,0,6,6,8,6,0,1,0,5,234,34,120,41,81,81,69,95,40,55,8,8,8,0.68,22,22,22,6,2,1
40,File,org.apache.lucene.index.DocumentWriter,5,5,6,1,30,3,24,5,2,1,0,11,10,17,11,5,6,0,0,413,55,302,97,209,86,202,270,99,171,23,23,24,0.28,64,64,67,20,7,6
41,File,org.apache.lucene.index.FieldInfo,1,1,1,1,10,0,10,0,1,0,0,1,1,7,1,1,0,0,0,41,5,20,11,7,17,15,17,10,7,1,1,1,0.85,1,1,1,1,0,1
42,File,org.apache.lucene.index.FieldInfos,2,2,2,1,11,0,7,4,1,0,5,19,19,2,19,2,2,0,15,293,31,167,61,93,101,80,124,58,66,7,7,7,0.6,41,41,41,23,2,1
43,File,org.apache.lucene.index.FieldsReader,3,3,3,1,25,3,21,1,1,0,0,5,5,4,5,4,1,0,0,173,24,123,42,80,30,68,86,40,46,11,11,13,0.24,17,17,19,5,5,9
44,File,org.apache.lucene.index.FieldsWriter,3,3,3,1,24,2,18,3,1,0,3,4,4,3,4,3,1,0,0,140,22,90,33,57,28,55,71,33,38,11,11,11,0.31,15,15,15,4,4,2
45,File,org.apache.lucene.index.FilterIndexReader,1,1,1,1,1,0,1,0,4,0,0,40,40,3,40,0,0,5,35,143,30,79,54,41,34,48,92,51,41,1,1,1,0.43,40,40,40,40,0,4
46,File,org.apache.lucene.index.IndexFileNameFilter,6,6,6,6,10,0,10,0,1,0,0,1,1,0,1,0,0,0,1,44,5,15,5,7,24,10,17,6,11,6,6,6,1.6,6,6,6,6,2,0
47,File,org.apache.lucene.index.IndexFileNames,0,0,0,0,0,0,0,0,1,0,5,0,0,0,0,0,0,0,0,53,8,14,10,9,31,6,7,7,0,0,0,0,2.21,0,0,0,0,0,2
48,File,org.apache.lucene.index.IndexModifier,1,1,1,1,14,0,7,6,1,0,0,26,26,10,26,0,0,4,22,514,37,222,47,129,255,100,160,47,113,3,3,3,1.15,41,41,41,26,2,2
49,File,org.apache.lucene.index.IndexReader,1,1,1,1,12,0,7,5,4,17,9,60,43,8,60,2,4,8,46,740,91,339,124,186,319,181,259,123,136,12,12,12,0.94,69,69,70,40,4,11
50,File,org.apache.lucene.index.IndexWriter,1,1,2,1,12,0,7,4,6,0,9,51,51,16,51,1,12,1,37,829,118,407,132,253,350,219,321,138,183,8,8,9,0.86,94,94,104,55,4,22
51,File,org.apache.lucene.index.MultiReader,1,1,2,1,7,0,6,1,4,0,0,45,45,17,45,1,4,7,33,422,65,317,101,182,79,180,270,109,161,6,6,7,0.25,89,89,94,60,3,9
52,File,org.apache.lucene.index.MultipleTermPositions,1,1,1,1,6,0,5,0,3,0,0,19,19,8,19,7,1,0,11,194,36,120,43,61,38,64,96,45,51,5,5,6,0.32,30,30,32,19,2,2
53,File,org.apache.lucene.index.ParallelReader,1,1,1,1,5,0,4,0,4,0,0,46,46,9,46,0,0,5,41,370,72,246,102,130,58,129,209,103,106,7,7,7,0.24,82,82,83,49,2,6
54,File,org.apache.lucene.index.SegmentInfo,1,1,1,1,5,0,5,0,1,0,0,1,1,3,1,0,0,0,1,31,4,12,7,3,18,8,10,7,3,1,1,1,1.5,1,1,1,1,0,6
55,File,org.apache.lucene.index.SegmentInfos,2,2,2,1,18,1,15,4,1,1,1,5,4,2,5,0,0,0,5,136,18,87,27,54,45,48,66,27,39,6,6,6,0.52,14,14,14,5,3,7
56,File,org.apache.lucene.index.SegmentMergeInfo,2,2,2,1,9,0,8,0,1,0,0,5,5,6,5,5,0,0,0,80,9,54,17,27,19,28,41,17,24,5,5,5,0.35,12,12,12,5,4,0
57,File,org.apache.lucene.index.SegmentMergeQueue,1,1,1,1,5,0,5,0,1,0,0,3,3,0,3,2,0,1,0,42,6,21,10,10,15,10,16,10,6,2,2,2,0.71,5,5,5,3,1,0
58,File,org.apache.lucene.index.SegmentMerger,3,3,3,1,19,1,14,4,1,0,0,18,18,15,18,7,11,0,0,421,57,283,98,189,100,186,248,105,143,8,8,8,0.35,57,57,60,21,6,8
59,File,org.apache.lucene.index.SegmentReader,2,2,2,1,9,0,8,1,2,7,1,39,32,20,39,5,6,8,20,510,77,380,113,229,64,195,293,110,183,11,11,26,0.17,91,91,113,47,3,11
60,File,org.apache.lucene.index.SegmentTermDocs,2,2,3,1,12,1,10,1,1,0,0,12,12,16,12,1,0,3,8,200,35,142,44,92,36,89,120,43,77,10,10,11,0.25,31,31,36,20,3,2
61,File,org.apache.lucene.index.SegmentTermEnum,2,2,2,1,10,1,8,2,1,0,0,13,13,14,13,8,0,1,4,196,34,123,35,73,46,67,94,33,61,7,7,7,0.37,26,26,27,13,3,2
62,File,org.apache.lucene.index.SegmentTermPositionVector,2,2,3,1,12,0,8,4,1,0,1,3,3,2,3,0,0,0,3,64,6,31,10,16,27,15,23,10,13,3,3,4,0.87,7,7,9,3,1,1
63,File,org.apache.lucene.index.SegmentTermPositions,1,1,1,1,5,0,4,0,1,0,0,8,8,3,8,2,0,2,4,79,15,48,16,22,21,28,41,17,24,3,3,3,0.44,12,12,12,8,1,4
64,File,org.apache.lucene.index.SegmentTermVector,1,1,1,1,6,0,5,1,1,0,0,8,8,3,8,1,0,0,7,89,13,50,17,24,26,29,43,19,24,4,4,4,0.52,15,15,15,8,3,0
65,File,org.apache.lucene.index.Term,1,1,1,1,5,0,3,1,1,0,0,12,12,2,12,2,1,0,9,104,16,47,18,21,44,21,36,17,19,2,2,3,0.94,15,15,16,12,1,1
66,File,org.apache.lucene.index.TermBuffer,1,1,1,1,9,0,8,0,1,1,1,9,8,4,9,0,2,1,6,119,20,83,28,51,20,49,67,27,40,3,3,3,0.24,17,17,17,11,2,0
67,File,org.apache.lucene.index.TermDocs,0,0,0,0,0,0,0,0,1,0,0,8,8,0,8,8,0,0,0,81,14,12,11,0,55,10,11,11,0,0,0,0,4.58,0,0,0,0,0,0
68,File,org.apache.lucene.index.TermEnum,3,3,3,3,20,0,7,13,1,0,0,5,5,0,5,0,0,0,5,61,10,15,8,5,36,9,12,8,4,3,3,3,2.4,3,3,3,3,2,0
69,File,org.apache.lucene.index.TermFreqVector,0,0,0,0,0,0,0,0,1,0,0,6,6,0,6,0,0,0,6,68,11,9,8,0,48,7,8,8,0,0,0,0,5.33,0,0,0,0,0,0
70,File,org.apache.lucene.index.TermInfo,1,1,1,1,5,0,5,0,1,0,0,5,5,4,5,5,0,0,0,58,9,32,12,18,17,20,26,11,15,1,1,1,0.53,5,5,5,5,0,0
71,File,org.apache.lucene.index.TermInfosReader,2,2,2,1,9,0,8,1,1,0,0,16,16,10,16,6,6,1,3,214,38,147,44,96,38,78,115,44,71,4,4,8,0.26,35,35,44,28,2,4
72,File,org.apache.lucene.index.TermInfosWriter,2,2,2,1,13,1,11,3,1,0,1,6,6,10,6,3,3,0,0,151,29,84,31,55,52,52,66,25,41,7,7,9,0.62,14,14,16,6,1,2
73,File,org.apache.lucene.index.TermPositionVector,0,0,0,0,0,0,0,0,1,0,0,2,2,0,2,0,0,0,2,42,4,5,4,0,33,3,4,4,0,0,0,0,6.6,0,0,0,0,0,0
74,File,org.apache.lucene.index.TermPositions,0,0,0,0,0,0,0,0,1,0,0,1,1,0,1,1,0,0,0,40,4,7,5,0,29,3,4,4,0,0,0,0,4.14,0,0,0,0,0,3
75,File,org.apache.lucene.index.TermVectorOffsetInfo,1,1,1,1,4,0,4,0,1,0,1,8,8,2,8,0,0,0,8,66,13,38,15,16,15,20,33,15,18,5,5,5,0.39,12,12,12,12,1,0
76,File,org.apache.lucene.index.TermVectorsReader,5,5,5,1,29,3,20,6,1,0,0,9,9,7,9,5,3,1,0,315,44,201,61,140,75,137,185,66,119,13,13,14,0.37,47,47,50,9,4,2
77,File,org.apache.lucene.index.TermVectorsWriter,3,3,3,1,16,1,12,2,3,0,7,16,16,16,16,2,4,0,10,373,62,227,76,156,88,144,198,77,121,11,11,11,0.39,50,50,52,16,4,0
78,File,org.apache.lucene.queryParser.CharStream,0,0,0,0,0,0,0,0,1,0,0,10,10,0,10,10,0,0,0,96,13,13,12,0,70,11,12,12,0,0,0,0,5.38,0,0,0,0,0,0
79,File,org.apache.lucene.queryParser.FastCharStream,1,1,1,1,5,0,5,0,1,0,0,14,14,6,14,0,1,0,13,121,18,82,28,45,32,39,60,27,33,5,5,5,0.39,20,20,20,14,2,0
80,File,org.apache.lucene.queryParser.MultiFieldQueryParser,3,3,3,1,21,0,11,9,1,3,0,10,7,1,10,0,0,6,4,268,24,126,38,69,119,70,101,43,58,7,7,7,0.94,30,30,31,12,4,1
81,File,org.apache.lucene.queryParser.ParseException,5,3,5,1,27,0,20,7,1,0,0,5,5,5,5,0,0,1,4,192,13,110,22,76,69,67,85,23,62,12,10,13,0.63,25,17,26,8,3,0
82,File,org.apache.lucene.queryParser.QueryParser,4,4,5,1,20,0,16,3,4,3,11,52,49,32,52,0,11,9,32,1268,87,927,172,672,254,535,716,190,526,60,47,61,0.27,255,217,285,77,5,7
83,File,org.apache.lucene.queryParser.QueryParserConstants,0,0,0,0,0,0,0,0,1,0,0,0,0,36,0,0,0,0,0,78,5,72,71,67,1,37,38,38,0,0,0,0,0.01,0,0,0,0,0,1
84,File,org.apache.lucene.queryParser.QueryParserTokenManager,8,6,9,4,28,0,28,0,1,1,8,35,34,11,35,0,27,1,7,1055,7,1047,142,767,1,493,703,120,583,135,91,143,0.0,308,237,320,172,6,4
85,File,org.apache.lucene.queryParser.Token,1,1,1,1,13,0,5,7,1,1,0,2,1,8,2,0,0,0,2,81,10,19,9,3,52,8,12,9,3,1,2,1,2.74,2,3,2,2,1,0
86,File,org.apache.lucene.queryParser.TokenMgrError,3,1,3,1,14,0,10,4,1,2,4,6,4,1,6,0,0,2,4,133,13,72,16,50,48,37,47,17,30,12,4,13,0.67,18,10,19,6,3,0
87,File,org.apache.lucene.search.BooleanClause,1,1,1,1,4,0,3,0,2,0,3,12,12,2,12,0,1,0,11,111,26,54,22,23,32,24,41,22,19,3,3,3,0.59,17,17,18,14,1,1
88,File,org.apache.lucene.search.BooleanQuery,2,2,2,1,12,0,8,3,5,4,2,30,26,5,30,0,0,1,29,460,64,282,94,186,134,158,238,101,137,10,10,11,0.48,78,78,82,47,4,4
89,File,org.apache.lucene.search.BooleanScorer,2,2,2,1,10,1,9,1,5,0,2,17,17,25,17,2,1,1,13,266,48,198,63,124,42,119,164,64,100,10,10,12,0.21,42,42,48,25,4,1
90,File,org.apache.lucene.search.BooleanScorer2,2,2,2,1,10,0,7,3,5,0,1,29,29,13,29,4,8,1,16,359,37,229,63,135,113,94,147,64,83,6,6,6,0.49,58,58,58,36,2,4
91,File,org.apache.lucene.search.CachingWrapperFilter,1,1,1,1,7,0,5,1,1,0,0,5,5,2,5,0,0,0,5,80,13,39,16,15,30,19,30,16,14,3,3,3,0.77,8,8,8,5,1,3
92,File,org.apache.lucene.search.ConjunctionScorer,1,1,2,1,6,0,5,1,2,0,0,13,13,4,13,1,5,0,7,127,23,84,28,49,31,45,70,30,40,4,4,5,0.37,24,24,27,13,2,1
93,File,org.apache.lucene.search.ConstantScoreQuery,1,1,1,1,4,0,4,0,3,0,0,20,20,7,20,0,0,1,19,164,34,102,39,43,29,49,75,39,36,3,3,4,0.28,24,24,25,22,1,1
94,File,org.apache.lucene.search.ConstantScoreRangeQuery,3,3,3,1,8,0,7,1,1,0,0,10,10,5,10,0,0,0,10,138,15,81,25,52,45,49,70,24,46,8,8,10,0.56,33,33,36,15,1,0
95,File,org.apache.lucene.search.DefaultSimilarity,1,1,1,1,4,0,3,1,1,0,0,6,6,0,6,0,0,0,6,50,7,21,8,6,22,7,14,8,6,1,1,1,1.05,6,6,6,6,0,0
96,File,org.apache.lucene.search.DisjunctionMaxQuery,2,2,2,1,8,0,7,1,2,0,0,19,19,4,19,0,0,1,18,256,31,149,49,90,81,95,138,57,81,8,8,8,0.54,42,42,44,23,3,1
97,File,org.apache.lucene.search.DisjunctionMaxScorer,2,2,2,1,12,0,9,2,1,0,0,11,11,4,11,0,4,0,7,189,18,117,34,80,58,67,95,35,60,6,6,6,0.5,28,28,30,19,3,2
98,File,org.apache.lucene.search.DisjunctionSumScorer,2,2,2,2,13,0,9,4,2,0,0,12,12,7,12,1,1,2,8,239,27,128,32,79,89,61,94,32,62,9,9,9,0.7,34,34,34,26,4,1
99,File,org.apache.lucene.search.ExactPhraseScorer,3,3,3,3,13,1,11,3,1,0,0,2,2,0,2,1,0,1,0,51,7,28,8,16,21,16,22,8,14,6,6,6,0.75,7,7,7,6,4,1
100,File,org.apache.lucene.search.Explanation,1,1,1,1,6,0,5,0,1,0,0,11,11,3,11,0,1,0,10,107,18,65,21,38,27,42,61,24,37,4,4,4,0.42,18,18,18,11,2,2
101,File,org.apache.lucene.search.FieldCache,1,1,1,1,5,0,4,1,4,0,2,11,11,2,11,0,0,0,11,177,22,37,30,4,118,19,24,22,2,1,1,1,3.19,1,1,1,1,0,0
102,File,org.apache.lucene.search.FieldCacheImpl,3,3,3,2,17,0,14,2,4,0,2,18,18,5,18,6,0,0,12,402,40,292,92,196,76,158,222,84,138,8,8,9,0.26,60,60,66,39,5,2
103,File,org.apache.lucene.search.FieldDoc,1,1,1,1,4,0,3,1,1,0,0,2,2,1,2,0,0,0,2,63,6,12,6,3,45,5,8,5,3,1,1,1,3.75,2,2,2,2,0,0
104,File,org.apache.lucene.search.FieldDocSortedHitQueue,5,4,6,2,22,0,15,6,1,0,0,5,5,2,5,3,1,1,0,167,18,87,28,62,63,55,78,29,49,21,15,22,0.72,29,23,30,12,3,0
105,File,org.apache.lucene.search.FieldSortedHitQueue,2,1,2,1,12,0,9,2,5,8,1,27,19,3,27,10,0,1,16,359,40,212,69,140,107,114,166,74,92,10,6,10,0.5,56,52,57,39,3,2
106,File,org.apache.lucene.search.Filter,0,0,0,0,0,0,0,0,1,0,0,1,1,0,1,0,0,0,1,29,3,7,6,0,19,5,6,6,0,0,0,0,2.71,0,0,0,0,0,0
107,File,org.apache.lucene.search.FilteredQuery,1,1,1,1,10,0,8,1,3,0,0,20,20,2,20,0,0,1,19,178,24,102,29,63,52,54,83,39,44,5,5,5,0.51,29,29,30,26,2,4
108,File,org.apache.lucene.search.FilteredTermEnum,2,2,2,1,7,0,6,1,1,0,0,9,9,2,9,0,0,3,6,91,13,48,18,25,31,28,42,18,24,6,6,6,0.65,13,13,14,11,3,0
109,File,org.apache.lucene.search.FuzzyQuery,2,2,2,1,10,0,7,2,3,0,2,13,13,4,13,0,0,2,11,201,30,117,44,70,58,70,100,45,55,6,6,6,0.5,28,28,29,18,4,1
110,File,org.apache.lucene.search.FuzzyTermEnum,2,2,2,1,16,1,7,8,1,1,1,14,13,10,14,0,7,1,6,306,39,120,39,67,149,75,106,45,61,13,13,14,1.24,36,36,38,19,3,0
111,File,org.apache.lucene.search.Hit,1,1,1,1,9,0,4,4,1,0,0,8,8,4,8,1,1,0,6,124,18,48,17,25,58,27,38,17,21,2,2,2,1.21,10,10,10,8,1,1
112,File,org.apache.lucene.search.HitCollector,0,0,0,0,0,0,0,0,1,0,0,1,1,0,1,0,0,0,1,51,2,4,3,0,45,2,3,3,0,0,0,0,11.25,0,0,0,0,0,0
113,File,org.apache.lucene.search.HitIterator,1,1,1,1,7,0,3,3,1,0,0,5,5,2,5,1,0,0,4,77,10,26,12,10,41,13,20,12,8,2,2,2,1.58,6,6,6,5,1,0
114,File,org.apache.lucene.search.HitQueue,1,1,1,1,5,0,5,0,1,0,0,2,2,0,2,1,0,1,0,34,4,15,7,7,15,7,11,7,4,2,2,2,1.0,3,3,3,2,1,0
115,File,org.apache.lucene.search.Hits,2,2,2,1,10,1,8,2,2,0,0,12,12,15,12,3,4,0,5,191,34,121,41,68,57,69,94,42,52,6,6,7,0.47,25,25,26,12,1,1
116,File,org.apache.lucene.search.IndexSearcher,1,1,1,1,6,0,5,0,2,0,0,15,15,2,15,0,1,0,14,147,22,85,35,37,42,39,61,32,29,3,3,3,0.49,21,21,21,15,1,2
117,File,org.apache.lucene.search.MatchAllDocsQuery,1,1,1,1,4,0,4,0,3,0,0,20,20,7,20,1,0,1,18,157,29,107,43,41,22,54,81,43,38,3,3,3,0.21,24,24,24,22,2,1
118,File,org.apache.lucene.search.MultiPhraseQuery,2,2,2,1,12,1,9,2,2,0,0,20,20,9,20,0,0,1,19,324,55,207,67,140,68,127,174,72,102,8,8,8,0.33,47,47,50,24,4,1
119,File,org.apache.lucene.search.MultiSearcher,1,1,1,1,8,0,7,2,3,0,0,27,27,5,27,0,0,2,25,316,54,203,78,115,84,132,183,90,93,6,6,6,0.41,51,51,52,36,3,3
120,File,org.apache.lucene.search.MultiTermQuery,2,2,2,1,7,0,6,1,1,0,0,7,7,1,7,0,0,1,6,97,14,51,21,28,35,30,43,20,23,4,4,4,0.69,12,12,12,9,3,0
121,File,org.apache.lucene.search.NonMatchingScorer,1,1,1,1,1,0,1,0,1,0,0,6,6,0,6,0,0,0,6,40,10,14,10,8,17,10,17,10,7,1,1,1,1.21,6,6,6,6,0,0
122,File,org.apache.lucene.search.ParallelMultiSearcher,2,2,2,1,17,0,13,3,3,0,0,13,13,12,13,0,0,0,13,290,32,191,66,110,76,96,126,54,72,7,7,7,0.4,31,31,31,16,3,0
123,File,org.apache.lucene.search.PhrasePositions,1,1,1,1,7,0,7,1,1,0,0,5,5,6,5,5,0,0,0,70,9,46,15,23,28,28,37,15,22,2,2,2,0.61,8,8,8,5,1,1
124,File,org.apache.lucene.search.PhraseQuery,1,1,2,1,11,1,8,2,2,0,0,20,20,9,20,0,0,1,19,299,56,184,64,126,66,115,155,64,91,6,6,6,0.36,39,39,42,24,2,0
125,File,org.apache.lucene.search.PhraseQueue,1,1,1,1,5,0,5,0,1,0,0,2,2,0,2,1,0,1,0,34,4,15,7,7,15,7,11,7,4,2,2,2,1.0,3,3,3,2,1,1
126,File,org.apache.lucene.search.PhraseScorer,2,2,2,1,8,0,7,1,1,0,0,13,13,9,13,1,3,3,6,154,28,107,31,67,35,66,95,34,61,5,5,6,0.33,29,29,33,15,3,1
127,File,org.apache.lucene.search.PrefixQuery,1,1,2,1,9,0,8,1,1,0,0,6,6,1,6,0,0,0,6,90,10,57,22,35,26,32,43,22,21,3,3,5,0.46,10,10,13,8,3,0
128,File,org.apache.lucene.search.Query,2,2,2,1,11,0,7,4,1,1,0,12,11,1,12,0,0,1,11,206,19,91,38,52,97,56,79,41,38,8,8,9,1.07,23,23,24,11,3,0
129,File,org.apache.lucene.search.QueryFilter,1,1,1,1,7,1,6,1,2,0,0,6,6,2,6,0,0,0,6,87,14,43,15,20,33,20,32,16,16,3,3,3,0.77,9,9,9,6,1,2
130,File,org.apache.lucene.search.QueryTermVector,2,2,2,1,9,0,8,0,1,0,0,10,10,2,10,0,1,0,9,137,18,94,36,52,25,56,77,40,37,5,5,5,0.27,22,22,22,10,4,0
131,File,org.apache.lucene.search.RangeFilter,4,4,6,2,20,1,15,4,1,2,0,7,5,5,7,0,0,0,7,195,22,121,31,77,54,61,88,29,59,10,10,15,0.45,34,34,44,18,7,0
132,File,org.apache.lucene.search.RangeQuery,3,3,4,2,13,0,10,2,1,0,0,9,9,3,9,0,0,0,9,167,22,105,29,64,44,59,85,29,56,9,9,11,0.42,35,35,42,20,6,0
133,File,org.apache.lucene.search.RemoteSearchable,1,1,1,1,5,0,4,0,1,1,0,12,11,1,12,0,0,0,12,115,26,64,29,23,26,29,45,25,20,4,4,5,0.41,15,15,16,12,1,2
134,File,org.apache.lucene.search.ReqExclScorer,3,3,3,2,15,0,11,5,1,0,0,7,7,3,7,0,1,0,6,144,12,87,17,52,57,38,61,15,46,6,6,6,0.66,23,23,24,18,3,0
135,File,org.apache.lucene.search.ReqOptSumScorer,1,1,2,1,9,0,7,2,1,0,0,6,6,3,6,0,0,0,6,97,10,50,17,27,38,25,36,15,21,6,6,7,0.76,11,11,12,10,2,0
136,File,org.apache.lucene.search.ScoreDoc,1,1,1,1,5,0,4,1,1,0,0,1,1,2,1,0,0,0,1,35,4,9,5,2,22,5,7,5,2,1,1,1,2.44,1,1,1,1,0,0
137,File,org.apache.lucene.search.ScoreDocComparator,1,1,1,1,3,0,3,0,3,0,2,9,9,0,9,3,0,0,6,93,12,32,9,18,49,16,27,13,14,3,3,3,1.53,10,10,10,10,1,0
138,File,org.apache.lucene.search.Scorer,1,1,1,1,9,0,4,4,1,0,0,9,9,1,9,0,0,2,7,110,13,29,13,9,68,14,22,13,9,3,3,3,2.34,7,7,7,6,2,0
139,File,org.apache.lucene.search.Searchable,0,0,0,0,0,0,0,0,1,0,0,10,10,0,10,10,0,0,0,127,15,19,18,0,94,15,16,16,0,0,0,0,4.95,0,0,0,0,0,2
140,File,org.apache.lucene.search.Searcher,1,1,1,1,10,0,3,6,1,0,0,22,22,1,22,0,0,1,21,194,19,65,35,17,110,31,46,30,16,2,2,2,1.69,14,14,14,13,1,1
141,File,org.apache.lucene.search.Similarity,1,1,1,1,12,0,3,9,1,5,2,14,9,0,14,0,0,0,14,304,23,53,30,16,232,32,43,30,13,2,2,2,4.38,9,9,9,8,1,3
142,File,org.apache.lucene.search.SimilarityDelegator,1,1,1,1,3,0,3,0,1,0,0,7,7,1,7,0,0,0,7,58,11,25,10,7,22,9,17,10,7,1,1,1,0.88,7,7,7,7,0,0
143,File,org.apache.lucene.search.SloppyPhraseScorer,4,4,4,2,20,2,18,2,1,0,0,2,2,1,2,1,0,1,0,67,10,42,15,28,20,29,38,16,22,8,8,8,0.48,9,9,9,5,3,1
144,File,org.apache.lucene.search.Sort,1,1,1,1,7,0,4,3,1,0,2,13,13,1,13,0,0,0,13,225,22,60,25,26,143,29,46,25,21,3,3,3,2.38,16,16,16,13,2,0
145,File,org.apache.lucene.search.SortComparator,1,1,1,1,7,1,6,0,2,0,0,5,5,0,5,0,0,1,4,65,10,23,10,10,32,10,15,11,4,1,1,1,1.39,4,4,4,4,0,0
146,File,org.apache.lucene.search.SortComparatorSource,0,0,0,0,0,0,0,0,1,0,0,1,1,0,1,1,0,0,0,28,3,9,8,0,16,5,6,6,0,0,0,0,1.78,0,0,0,0,0,0
147,File,org.apache.lucene.search.SortField,1,1,1,1,9,0,5,3,1,0,9,14,14,5,14,0,0,0,14,227,35,90,34,52,105,56,74,33,41,6,4,6,1.17,23,21,23,14,1,0
148,File,org.apache.lucene.search.TermQuery,1,1,1,1,8,1,6,0,2,0,0,15,15,6,15,0,0,1,14,175,37,112,48,68,31,69,91,44,47,4,4,4,0.28,21,21,22,15,1,1
149,File,org.apache.lucene.search.TermScorer,2,2,2,1,15,0,11,5,1,0,1,9,9,10,9,1,0,1,7,187,22,119,37,78,67,71,95,35,60,6,6,6,0.56,25,25,25,16,3,0
150,File,org.apache.lucene.search.TopDocCollector,1,1,2,1,6,0,5,1,1,0,0,5,5,4,5,1,0,0,4,75,11,35,15,17,31,19,28,15,13,3,3,4,0.89,9,9,10,5,2,0
151,File,org.apache.lucene.search.TopDocs,1,1,1,1,4,0,3,1,1,0,0,3,3,3,3,1,0,0,2,47,5,17,8,5,25,9,13,8,5,1,1,1,1.47,3,3,3,3,0,0
152,File,org.apache.lucene.search.TopFieldDocCollector,1,1,1,1,8,0,6,2,1,0,0,3,3,0,3,0,0,0,3,61,8,23,10,10,31,12,18,10,8,2,2,2,1.35,5,5,5,3,1,0
153,File,org.apache.lucene.search.TopFieldDocs,1,1,1,1,10,0,4,6,1,0,0,1,1,1,1,1,0,0,0,46,5,9,5,2,32,4,6,4,2,1,1,1,3.56,1,1,1,1,0,0
154,File,org.apache.lucene.search.Weight,0,0,0,0,0,0,0,0,1,0,0,6,6,0,6,6,0,0,0,61,9,11,10,0,41,9,10,10,0,0,0,0,3.73,0,0,0,0,0,0
155,File,org.apache.lucene.search.WildcardQuery,1,1,1,1,4,0,3,0,1,0,0,3,3,0,3,0,0,1,2,47,6,17,8,5,24,8,13,8,5,2,2,2,1.41,4,4,4,3,1,1
156,File,org.apache.lucene.search.WildcardTermEnum,3,3,4,3,24,1,16,5,1,1,2,6,5,6,6,0,0,1,5,198,23,115,30,64,60,56,79,31,48,13,13,16,0.52,22,22,25,20,5,0
157,File,org.apache.lucene.search.spans.NearSpans,2,2,3,1,9,0,7,1,3,0,0,27,27,15,27,0,11,1,15,326,58,240,66,151,72,128,197,69,128,13,13,15,0.3,68,68,82,39,3,1
158,File,org.apache.lucene.search.spans.SpanFirstQuery,1,1,1,1,6,0,5,1,2,0,0,17,17,3,17,0,0,0,17,136,28,84,26,53,30,49,75,33,42,3,3,5,0.36,25,25,27,23,2,0
159,File,org.apache.lucene.search.spans.SpanNearQuery,2,2,2,1,10,0,8,1,1,0,0,12,12,4,12,0,0,0,12,174,27,113,41,69,41,74,105,43,62,6,6,6,0.36,31,31,31,19,3,1
160,File,org.apache.lucene.search.spans.SpanNotQuery,2,2,2,1,11,1,8,2,2,0,0,17,17,6,17,0,0,0,17,181,38,118,27,86,43,65,100,37,63,6,6,11,0.36,34,34,46,23,2,0
161,File,org.apache.lucene.search.spans.SpanOrQuery,2,2,2,1,13,1,11,1,3,0,0,19,19,6,19,0,1,1,17,241,38,180,46,114,37,97,147,60,87,6,6,7,0.21,49,49,51,28,3,1
162,File,org.apache.lucene.search.spans.SpanQuery,1,1,1,1,3,0,3,0,1,0,0,4,4,0,4,0,0,1,3,49,10,16,13,1,23,12,14,13,1,1,1,1,1.44,1,1,1,1,0,0
163,File,org.apache.lucene.search.spans.SpanScorer,2,2,2,1,8,0,7,0,1,0,0,7,7,8,7,1,1,0,5,104,18,71,27,38,18,44,58,26,32,4,4,5,0.25,14,14,16,7,1,2
164,File,org.apache.lucene.search.spans.SpanTermQuery,1,1,1,1,9,0,7,0,2,0,0,15,15,6,15,0,0,0,15,136,24,87,23,56,25,53,75,34,41,3,3,3,0.29,23,23,24,19,2,1
165,File,org.apache.lucene.search.spans.SpanWeight,1,1,1,1,13,2,10,1,1,0,0,7,7,7,7,0,0,0,7,147,31,98,46,60,22,69,81,42,39,6,6,6,0.22,12,12,12,7,2,2
166,File,org.apache.lucene.search.spans.Spans,0,0,0,0,0,0,0,0,1,0,0,5,5,0,5,5,0,0,0,53,8,9,8,0,36,7,8,8,0,0,0,0,4.0,0,0,0,0,0,0
167,File,org.apache.lucene.store.BufferedIndexInput,2,2,2,1,9,0,8,1,1,0,1,8,8,4,8,0,1,2,5,109,19,64,22,42,37,39,54,21,33,4,4,4,0.58,14,14,15,6,2,3
168,File,org.apache.lucene.store.BufferedIndexOutput,2,2,2,1,12,0,8,4,1,0,1,8,8,3,8,0,0,1,7,121,14,60,18,37,50,33,47,18,29,8,8,8,0.83,14,14,14,6,4,2
169,File,org.apache.lucene.store.Directory,0,0,0,0,0,0,0,0,1,0,0,11,11,0,11,0,0,0,11,83,15,24,23,0,44,13,14,14,0,0,0,0,1.83,0,0,0,0,0,6
170,File,org.apache.lucene.store.FSDirectory,2,2,2,1,9,0,7,1,5,5,6,41,36,10,41,1,3,5,32,523,71,351,104,202,108,160,254,102,152,11,11,11,0.31,84,84,85,43,3,14
171,File,org.apache.lucene.store.IndexInput,2,2,2,1,12,0,8,4,1,0,0,13,13,1,13,0,0,0,13,156,19,68,27,38,70,40,55,28,27,4,4,4,1.03,14,14,15,7,2,0
172,File,org.apache.lucene.store.IndexOutput,1,1,2,1,11,0,7,4,1,0,0,13,13,0,13,0,0,0,13,138,18,57,20,29,63,34,46,20,26,4,4,7,1.11,11,11,14,6,2,1
173,File,org.apache.lucene.store.Lock,2,2,2,1,14,0,10,4,2,0,1,7,7,2,7,0,0,1,6,107,14,44,18,22,49,23,33,18,15,4,4,4,1.11,7,7,7,3,2,2
174,File,org.apache.lucene.store.MMapDirectory,1,1,1,1,7,0,6,0,3,0,0,17,17,10,17,0,1,0,16,201,34,140,50,78,32,81,109,49,60,6,6,6,0.23,27,27,27,17,1,0
175,File,org.apache.lucene.store.RAMDirectory,1,1,1,1,8,0,6,2,2,0,0,19,19,1,19,0,1,0,18,200,24,111,44,62,65,59,86,48,38,5,5,5,0.59,27,27,27,19,2,12
176,File,org.apache.lucene.store.RAMFile,0,0,0,0,0,0,0,0,1,0,0,0,0,3,0,0,0,0,0,25,3,7,6,2,15,5,6,6,0,0,0,0,2.14,0,0,0,0,0,1
177,File,org.apache.lucene.store.RAMInputStream,1,1,1,1,5,0,5,0,1,0,0,5,5,3,5,0,0,0,5,63,9,34,17,18,20,20,27,17,10,3,3,3,0.59,7,7,7,5,1,2
178,File,org.apache.lucene.store.RAMOutputStream,1,1,1,1,8,0,7,0,1,0,0,8,8,2,8,1,0,0,7,107,16,68,25,41,25,37,52,25,27,5,5,5,0.37,15,15,15,8,2,4
179,File,org.apache.lucene.util.BitVector,1,1,1,1,8,0,6,3,1,0,1,8,8,3,8,0,0,0,8,136,17,77,39,47,51,35,48,23,25,3,3,3,0.66,10,10,10,8,2,2
180,File,org.apache.lucene.util.Constants,1,1,1,1,1,0,1,1,1,0,8,1,1,0,1,0,1,0,0,46,5,12,11,8,30,9,11,11,0,1,1,1,2.5,1,1,1,1,0,0
181,File,org.apache.lucene.util.Parameter,1,1,1,1,6,0,4,1,1,0,1,5,5,1,5,0,2,2,1,73,14,32,16,12,27,17,25,16,9,2,2,2,0.84,7,7,7,5,1,0
182,File,org.apache.lucene.util.PriorityQueue,1,1,2,1,10,0,8,3,1,0,0,11,11,3,11,0,2,2,7,147,14,89,25,56,55,51,71,26,45,4,4,7,0.62,19,19,24,12,2,0
183,File,org.apache.lucene.util.SmallFloat,3,3,3,2,14,0,9,5,1,6,0,6,0,0,6,0,0,0,6,125,11,57,18,37,60,29,45,18,27,4,4,4,1.05,18,18,18,12,1,0
184,File,org.apache.lucene.util.StringHelper,2,2,2,2,10,0,6,4,1,1,0,2,1,0,2,0,1,0,1,50,6,16,7,7,28,8,13,8,5,4,4,4,1.75,5,5,5,4,2,0
185,File,org.apache.lucene.util.ToStringUtils,2,2,2,1,5,0,5,0,1,1,0,1,0,0,1,0,0,0,1,25,2,8,3,3,15,3,6,3,3,2,2,2,1.88,2,2,2,1,1,0
