Kind,Name,AvgCyclomatic,AvgCyclomaticModified,AvgCyclomaticStrict,AvgEssential,AvgLine,AvgLineBlank,AvgLineCode,AvgLineComment,CountDeclClass,CountDeclClassMethod,CountDeclClassVariable,CountDeclFunction,CountDeclInstanceMethod,CountDeclInstanceVariable,CountDeclMethod,CountDeclMethodDefault,CountDeclMethodPrivate,CountDeclMethodProtected,CountDeclMethodPublic,CountLine,CountLineBlank,CountLineCode,CountLineCodeDecl,CountLineCodeExe,CountLineComment,CountSemicolon,CountStmt,CountStmtDecl,CountStmtExe,MaxCyclomatic,MaxCyclomaticModified,MaxCyclomaticStrict,RatioCommentToCode,SumCyclomatic,SumCyclomaticModified,SumCyclomaticStrict,SumEssential,MaxNesting,bug
File,javax.xml.parsers.DocumentBuilder,1,1,1,1,13,0,4,9,1,0,0,10,10,0,10,0,0,1,9,224,14,36,24,7,174,22,30,20,10,2,2,2,4.83,7,7,7,4,1,1.0
File,javax.xml.parsers.DocumentBuilderFactory,1,1,1,1,17,1,6,10,1,1,2,7,6,2,7,0,0,1,6,227,16,49,16,29,162,19,28,14,14,6,6,6,3.31,11,11,11,10,1,1.0
File,javax.xml.parsers.FactoryConfigurationError,1,1,1,1,7,0,3,4,1,0,0,5,5,1,5,0,0,0,5,145,8,20,8,7,117,8,14,8,6,1,1,1,5.85,5,5,5,5,0,1.0
File,javax.xml.parsers.ParserConfigurationException,1,1,1,1,7,0,3,4,1,0,0,2,2,0,2,0,0,0,2,117,4,9,4,2,104,3,6,4,2,1,1,1,11.56,2,2,2,2,0,1.0
File,javax.xml.parsers.SAXParser,2,2,2,1,20,0,8,11,1,0,0,8,8,0,8,0,0,1,7,235,14,55,25,23,166,30,44,20,24,5,5,6,3.02,13,13,14,5,1,1.0
File,javax.xml.parsers.SAXParserFactory,1,1,1,1,17,1,6,10,1,1,2,7,6,2,7,0,0,1,6,228,17,48,16,28,163,20,29,15,14,6,6,6,3.4,11,11,11,10,1,1.0
File,org.apache.html.dom.HTMLAnchorElementImpl,1,1,1,1,4,0,4,0,1,0,0,27,27,0,27,0,0,0,27,252,61,120,34,30,71,32,62,32,30,2,2,3,0.59,29,29,31,27,1,0.0
File,org.apache.html.dom.HTMLAppletElementImpl,1,1,1,1,4,0,4,0,1,0,0,23,23,0,23,0,0,0,23,219,52,100,29,23,67,26,50,27,23,1,1,1,0.67,23,23,23,23,0,0.0
File,org.apache.html.dom.HTMLAreaElementImpl,1,1,1,1,4,0,4,0,1,0,0,17,17,0,17,0,0,0,17,191,40,82,24,22,69,24,44,22,22,2,2,3,0.84,19,19,21,17,1,0.0
File,org.apache.html.dom.HTMLBRElementImpl,1,1,1,1,5,0,4,1,1,0,0,3,3,0,3,0,0,0,3,100,13,20,9,3,67,6,10,7,3,1,1,1,3.35,3,3,3,3,0,0.0
File,org.apache.html.dom.HTMLBaseElementImpl,1,1,1,1,5,0,4,1,1,0,0,5,5,0,5,0,0,0,5,111,16,28,11,5,67,8,14,9,5,1,1,1,2.39,5,5,5,5,0,0.0
File,org.apache.html.dom.HTMLBaseFontElementImpl,1,1,1,1,4,0,4,0,1,0,0,7,7,0,7,0,0,0,7,124,21,36,13,7,67,10,18,11,7,1,1,1,1.86,7,7,7,7,0,0.0
File,org.apache.html.dom.HTMLBodyElementImpl,1,1,1,1,4,0,4,0,1,0,0,13,13,0,13,0,0,0,13,159,32,60,19,13,67,16,30,17,13,1,1,1,1.12,13,13,13,13,0,0.0
File,org.apache.html.dom.HTMLBuilder,3,3,3,1,13,0,11,1,1,0,0,10,10,6,10,0,0,0,10,276,46,128,38,60,102,56,86,29,57,9,9,9,0.8,30,30,32,10,3,0.0
File,org.apache.html.dom.HTMLButtonElementImpl,1,1,1,1,5,0,5,0,1,0,0,12,12,0,12,0,0,0,12,170,32,69,19,20,69,20,36,17,19,2,2,3,1.0,15,15,17,12,1,0.0
File,org.apache.html.dom.HTMLCollectionImpl,3,2,4,2,25,0,13,11,2,0,11,13,13,3,13,5,3,2,3,560,69,201,40,113,290,82,122,39,83,14,7,23,1.44,44,34,53,26,4,0.0
File,org.apache.html.dom.HTMLDListElementImpl,1,1,1,1,5,0,4,1,1,0,0,3,3,0,3,0,0,0,3,100,13,20,9,3,67,6,10,7,3,1,1,1,3.35,3,3,3,3,0,0.0
File,org.apache.html.dom.HTMLDOMImplementationImpl,1,1,1,1,12,0,5,6,1,1,1,3,2,0,3,0,1,0,2,130,15,27,13,7,88,11,16,10,6,2,2,2,3.26,4,4,4,3,1,0.0
File,org.apache.html.dom.HTMLDirectoryElementImpl,1,1,1,1,5,0,4,1,1,0,0,3,3,0,3,0,0,0,3,100,13,20,9,3,67,6,10,7,3,1,1,1,3.35,3,3,3,3,0,0.0
File,org.apache.html.dom.HTMLDivElementImpl,1,1,1,1,5,0,4,1,1,0,0,3,3,0,3,0,0,0,3,99,12,20,9,3,67,6,10,7,3,1,1,1,3.35,3,3,3,3,0,0.0
File,org.apache.html.dom.HTMLDocumentImpl,2,2,2,1,16,0,13,3,1,2,2,32,30,6,32,0,3,0,29,767,103,442,87,234,222,225,305,81,224,5,5,7,0.5,71,71,79,43,4,0.0
File,org.apache.html.dom.HTMLElementImpl,1,1,1,1,9,0,6,2,1,0,0,23,23,0,23,6,0,0,17,340,56,156,39,57,128,54,90,34,56,4,4,4,0.82,35,35,38,27,3,0.0
File,org.apache.html.dom.HTMLFieldSetElementImpl,1,1,1,1,9,0,4,5,1,0,0,1,1,0,1,0,0,0,1,88,9,12,7,1,67,4,6,5,1,1,1,1,5.58,1,1,1,1,0,0.0
File,org.apache.html.dom.HTMLFontElementImpl,1,1,1,1,4,0,4,0,1,0,0,7,7,0,7,0,0,0,7,118,20,36,13,7,62,10,18,11,7,1,1,1,1.72,7,7,7,7,0,0.0
File,org.apache.html.dom.HTMLFormControl,0,0,0,0,0,0,0,0,1,0,0,0,0,0,0,0,0,0,0,70,2,4,2,0,64,1,2,2,0,0,0,0,16.0,0,0,0,0,0,0.0
File,org.apache.html.dom.HTMLFormElementImpl,1,1,1,1,4,0,4,0,1,0,0,17,17,1,17,0,0,0,17,191,42,77,24,17,72,20,39,22,17,2,2,2,0.94,18,18,18,17,1,0.0
File,org.apache.html.dom.HTMLFrameElementImpl,1,1,1,1,4,0,4,0,1,0,0,17,17,0,17,0,0,0,17,184,41,76,23,17,67,20,38,21,17,1,1,1,0.88,17,17,17,17,0,0.0
File,org.apache.html.dom.HTMLFrameSetElementImpl,1,1,1,1,5,0,4,1,1,0,0,5,5,0,5,0,0,0,5,112,17,28,11,5,67,8,14,9,5,1,1,1,2.39,5,5,5,5,0,0.0
File,org.apache.html.dom.HTMLHRElementImpl,1,1,1,1,4,0,4,0,1,0,0,9,9,0,9,0,0,0,9,136,25,44,15,9,67,12,22,13,9,1,1,1,1.52,9,9,9,9,0,0.0
File,org.apache.html.dom.HTMLHeadElementImpl,1,1,1,1,5,0,4,1,1,0,0,3,3,0,3,0,0,0,3,100,13,20,9,3,67,6,10,7,3,1,1,1,3.35,3,3,3,3,0,0.0
File,org.apache.html.dom.HTMLHeadingElementImpl,1,1,1,1,5,0,4,1,1,0,0,3,3,0,3,0,0,0,3,100,13,20,9,3,67,6,10,7,3,1,1,1,3.35,3,3,3,3,0,0.0
File,org.apache.html.dom.HTMLHtmlElementImpl,1,1,1,1,5,0,4,1,1,0,0,3,3,0,3,0,0,0,3,100,13,20,9,3,67,6,10,7,3,1,1,1,3.35,3,3,3,3,0,0.0
File,org.apache.html.dom.HTMLIFrameElementImpl,1,1,1,1,4,0,4,0,1,0,0,21,21,0,21,0,0,0,21,207,48,92,27,21,67,24,46,25,21,1,1,1,0.73,21,21,21,21,0,0.0
File,org.apache.html.dom.HTMLImageElementImpl,1,1,1,1,4,0,4,0,1,0,0,27,27,0,27,0,0,0,27,244,61,116,33,27,67,30,58,31,27,1,1,1,0.58,27,27,27,27,0,0.0
File,org.apache.html.dom.HTMLInputElementImpl,1,1,1,1,4,0,4,0,1,0,0,38,38,0,38,0,0,0,38,331,85,169,45,42,77,42,84,43,41,2,2,3,0.46,41,41,43,38,1,0.0
File,org.apache.html.dom.HTMLIsIndexElementImpl,1,1,1,1,5,0,4,1,1,0,0,3,3,0,3,0,0,0,3,100,13,20,9,3,67,6,10,7,3,1,1,1,3.35,3,3,3,3,0,0.0
File,org.apache.html.dom.HTMLLIElementImpl,1,1,1,1,5,0,4,1,1,0,0,5,5,0,5,0,0,0,5,112,17,28,11,5,67,8,14,9,5,1,1,1,2.39,5,5,5,5,0,0.0
File,org.apache.html.dom.HTMLLabelElementImpl,1,1,1,1,6,0,5,1,1,0,0,5,5,0,5,0,0,0,5,121,18,34,12,10,69,12,20,10,10,2,2,3,2.03,7,7,9,5,1,0.0
File,org.apache.html.dom.HTMLLegendElementImpl,1,1,1,1,6,0,5,1,1,0,0,5,5,0,5,0,0,0,5,121,18,34,12,10,69,12,20,10,10,2,2,3,2.03,7,7,9,5,1,0.0
File,org.apache.html.dom.HTMLLinkElementImpl,1,1,1,1,4,0,4,0,1,0,0,19,19,0,19,0,0,0,19,196,45,84,25,19,67,22,42,23,19,1,1,1,0.8,19,19,19,19,0,0.0
File,org.apache.html.dom.HTMLMapElementImpl,1,1,1,1,5,0,4,1,1,0,0,4,4,1,4,0,0,0,4,112,18,27,11,6,67,9,15,9,6,2,2,2,2.48,5,5,5,4,1,0.0
File,org.apache.html.dom.HTMLMenuElementImpl,1,1,1,1,5,0,4,1,1,0,0,3,3,0,3,0,0,0,3,100,13,20,9,3,67,6,10,7,3,1,1,1,3.35,3,3,3,3,0,0.0
File,org.apache.html.dom.HTMLMetaElementImpl,1,1,1,1,4,0,4,0,1,0,0,9,9,0,9,0,0,0,9,137,26,44,15,9,67,12,22,13,9,1,1,1,1.52,9,9,9,9,0,0.0
File,org.apache.html.dom.HTMLModElementImpl,1,1,1,1,5,0,4,1,1,0,0,5,5,0,5,0,0,0,5,113,18,28,11,5,67,8,14,9,5,1,1,1,2.39,5,5,5,5,0,0.0
File,org.apache.html.dom.HTMLOListElementImpl,1,1,1,1,4,0,4,0,1,0,0,7,7,0,7,0,0,0,7,124,21,36,13,7,67,10,18,11,7,1,1,1,1.86,7,7,7,7,0,0.0
File,org.apache.html.dom.HTMLObjectElementImpl,1,1,1,1,4,0,4,0,1,0,0,35,35,0,35,0,0,0,35,297,75,155,41,38,67,39,76,39,37,2,2,2,0.43,36,36,36,35,1,0.0
File,org.apache.html.dom.HTMLOptGroupElementImpl,1,1,1,1,5,0,4,1,1,0,0,5,5,0,5,0,0,0,5,112,17,28,11,5,67,8,14,9,5,1,1,1,2.39,5,5,5,5,0,0.0
File,org.apache.html.dom.HTMLOptionElementImpl,1,1,1,1,9,0,7,1,1,0,0,15,15,0,15,0,0,0,15,246,42,115,31,42,89,47,73,29,44,5,5,6,0.77,25,25,27,18,3,0.0
File,org.apache.html.dom.HTMLParagraphElementImpl,1,1,1,1,5,0,4,1,1,0,0,3,3,0,3,0,0,0,3,100,13,20,9,3,67,6,10,7,3,1,1,1,3.35,3,3,3,3,0,0.0
File,org.apache.html.dom.HTMLParamElementImpl,1,1,1,1,4,0,4,0,1,0,0,9,9,0,9,0,0,0,9,136,25,44,15,9,67,12,22,13,9,1,1,1,1.52,9,9,9,9,0,0.0
File,org.apache.html.dom.HTMLPreElementImpl,1,1,1,1,5,0,4,1,1,0,0,3,3,0,3,0,0,0,3,100,13,20,9,3,67,6,10,7,3,1,1,1,3.35,3,3,3,3,0,0.0
File,org.apache.html.dom.HTMLQuoteElementImpl,1,1,1,1,5,0,4,1,1,0,0,3,3,0,3,0,0,0,3,100,13,20,9,3,67,6,10,7,3,1,1,1,3.35,3,3,3,3,0,0.0
File,org.apache.html.dom.HTMLScriptElementImpl,1,1,1,1,6,0,5,0,1,0,0,15,15,0,15,0,0,0,15,196,38,87,25,26,71,30,49,23,26,3,3,3,0.82,18,18,18,15,2,0.0
File,org.apache.html.dom.HTMLSelectElementImpl,1,1,1,1,5,0,4,1,1,0,0,22,22,1,22,0,0,0,22,252,56,112,35,31,84,40,68,33,35,3,3,3,0.75,27,27,27,24,2,0.0
File,org.apache.html.dom.HTMLStyleElementImpl,1,1,1,1,4,0,4,0,1,0,0,7,7,0,7,0,0,0,7,124,21,36,13,7,67,10,18,11,7,1,1,1,1.86,7,7,7,7,0,0.0
File,org.apache.html.dom.HTMLTableCaptionElementImpl,1,1,1,1,5,0,4,1,1,0,0,3,3,0,3,0,0,0,3,100,13,20,9,3,67,6,10,7,3,1,1,1,3.35,3,3,3,3,0,0.0
File,org.apache.html.dom.HTMLTableCellElementImpl,1,1,1,1,5,0,5,0,1,0,0,31,31,0,31,0,0,0,31,318,70,179,44,57,69,56,99,42,57,6,6,6,0.39,42,42,44,39,5,0.0
File,org.apache.html.dom.HTMLTableColElementImpl,1,1,1,1,5,0,4,0,1,0,0,13,13,0,13,0,0,0,13,168,33,66,20,18,69,20,36,18,18,2,2,3,1.05,15,15,17,13,1,0.0
File,org.apache.html.dom.HTMLTableElementImpl,1,1,2,1,7,0,7,0,1,0,0,36,36,2,36,1,0,0,35,433,92,273,57,121,68,101,169,55,114,7,7,7,0.25,67,67,73,52,3,0.0
File,org.apache.html.dom.HTMLTableRowElementImpl,1,1,2,1,8,0,8,0,1,0,0,20,20,1,20,1,0,0,19,299,58,169,39,72,72,71,110,37,73,4,4,4,0.43,39,39,41,28,3,0.0
File,org.apache.html.dom.HTMLTableSectionElementImpl,1,1,1,1,7,0,7,0,1,0,0,14,14,1,14,2,0,0,12,218,41,108,25,41,69,39,64,23,41,4,4,4,0.64,24,24,26,20,3,0.0
File,org.apache.html.dom.HTMLTextAreaElementImpl,1,1,1,1,4,0,4,0,1,0,0,23,23,0,23,0,0,0,23,232,55,103,30,25,74,27,53,28,25,2,2,3,0.72,25,25,27,23,1,0.0
File,org.apache.html.dom.HTMLTitleElementImpl,2,2,2,1,14,0,10,3,1,0,0,3,3,0,3,0,0,0,3,125,15,39,13,14,71,18,25,11,14,3,3,3,1.82,6,6,6,3,2,0.0
File,org.apache.html.dom.HTMLUListElementImpl,1,1,1,1,5,0,4,1,1,0,0,5,5,0,5,0,0,0,5,112,17,28,11,5,67,8,14,9,5,1,1,1,2.39,5,5,5,5,0,0.0
File,org.apache.html.dom.NameNodeListImpl,4,4,6,4,26,4,15,7,1,0,0,2,2,0,2,0,0,1,1,190,16,41,13,20,136,19,28,11,17,8,8,12,3.32,9,9,13,9,4,0.0
File,org.apache.wml.WMLAElement,0,0,0,0,0,0,0,0,1,0,0,8,8,0,8,0,0,0,8,87,6,11,10,0,70,9,10,10,0,0,0,0,6.36,0,0,0,0,0,0.0
File,org.apache.wml.WMLAccessElement,0,0,0,0,0,0,0,0,1,0,0,4,4,0,4,0,0,0,4,90,4,7,6,0,79,5,6,6,0,0,0,0,11.29,0,0,0,0,0,0.0
File,org.apache.wml.WMLAnchorElement,0,0,0,0,0,0,0,0,1,0,0,4,4,0,4,0,0,0,4,81,4,7,6,0,70,5,6,6,0,0,0,0,10.0,0,0,0,0,0,0.0
File,org.apache.wml.WMLBElement,0,0,0,0,0,0,0,0,1,0,0,2,2,0,2,0,0,0,2,80,2,5,4,0,73,3,4,4,0,0,0,0,14.6,0,0,0,0,0,0.0
File,org.apache.wml.WMLBigElement,0,0,0,0,0,0,0,0,1,0,0,2,2,0,2,0,0,0,2,80,2,5,4,0,73,3,4,4,0,0,0,0,14.6,0,0,0,0,0,0.0
File,org.apache.wml.WMLBrElement,0,0,0,0,0,0,0,0,1,0,0,2,2,0,2,0,0,0,2,79,2,5,4,0,72,3,4,4,0,0,0,0,14.4,0,0,0,0,0,0.0
File,org.apache.wml.WMLCardElement,0,0,0,0,0,0,0,0,1,0,0,14,14,0,14,0,0,0,14,128,9,17,16,0,102,15,16,16,0,0,0,0,6.0,0,0,0,0,0,0.0
File,org.apache.wml.WMLDOMImplementation,0,0,0,0,0,0,0,0,1,0,0,0,0,0,0,0,0,0,0,71,2,4,3,0,65,2,3,3,0,0,0,0,16.25,0,0,0,0,0,0.0
File,org.apache.wml.WMLDoElement,0,0,0,0,0,0,0,0,1,0,0,10,10,0,10,0,0,0,10,90,7,13,12,0,70,11,12,12,0,0,0,0,5.38,0,0,0,0,0,0.0
File,org.apache.wml.WMLDocument,0,0,0,0,0,0,0,0,1,0,0,0,0,0,0,0,0,0,0,72,3,4,3,0,65,2,3,3,0,0,0,0,16.25,0,0,0,0,0,0.0
File,org.apache.wml.WMLElement,0,0,0,0,0,0,0,0,1,0,0,4,4,0,4,0,0,0,4,90,5,8,7,0,77,6,7,7,0,0,0,0,9.63,0,0,0,0,0,0.0
File,org.apache.wml.WMLEmElement,0,0,0,0,0,0,0,0,1,0,0,2,2,0,2,0,0,0,2,80,2,5,4,0,73,3,4,4,0,0,0,0,14.6,0,0,0,0,0,0.0
File,org.apache.wml.WMLFieldsetElement,0,0,0,0,0,0,0,0,1,0,0,4,4,0,4,0,0,0,4,86,3,7,6,0,76,5,6,6,0,0,0,0,10.86,0,0,0,0,0,0.0
File,org.apache.wml.WMLGoElement,0,0,0,0,0,0,0,0,1,0,0,8,8,0,8,0,0,0,8,87,11,11,10,0,65,9,10,10,0,0,0,0,5.91,0,0,0,0,0,0.0
File,org.apache.wml.WMLHeadElement,0,0,0,0,0,0,0,0,1,0,0,0,0,0,0,0,0,0,0,73,2,3,2,0,68,1,2,2,0,0,0,0,22.67,0,0,0,0,0,0.0
File,org.apache.wml.WMLIElement,0,0,0,0,0,0,0,0,1,0,0,2,2,0,2,0,0,0,2,80,2,5,4,0,73,3,4,4,0,0,0,0,14.6,0,0,0,0,0,0.0
File,org.apache.wml.WMLImgElement,0,0,0,0,0,0,0,0,1,0,0,18,18,0,18,0,0,0,18,140,10,21,20,0,109,19,20,20,0,0,0,0,5.19,0,0,0,0,0,0.0
File,org.apache.wml.WMLInputElement,0,0,0,0,0,0,0,0,1,0,0,20,20,0,20,0,0,0,20,147,12,23,22,0,112,21,22,22,0,0,0,0,4.87,0,0,0,0,0,0.0
File,org.apache.wml.WMLMetaElement,0,0,0,0,0,0,0,0,1,0,0,10,10,0,10,0,0,0,10,106,6,13,12,0,87,11,12,12,0,0,0,0,6.69,0,0,0,0,0,0.0
File,org.apache.wml.WMLNoopElement,0,0,0,0,0,0,0,0,1,0,0,0,0,0,0,0,0,0,0,69,1,3,2,0,65,1,2,2,0,0,0,0,21.67,0,0,0,0,0,0.0
File,org.apache.wml.WMLOneventElement,0,0,0,0,0,0,0,0,1,0,0,2,2,0,2,0,0,0,2,75,5,5,4,0,65,3,4,4,0,0,0,0,13.0,0,0,0,0,0,0.0
File,org.apache.wml.WMLOptgroupElement,0,0,0,0,0,0,0,0,1,0,0,4,4,0,4,0,0,0,4,88,4,7,6,0,77,5,6,6,0,0,0,0,11.0,0,0,0,0,0,0.0
File,org.apache.wml.WMLOptionElement,0,0,0,0,0,0,0,0,1,0,0,8,8,0,8,0,0,0,8,101,6,11,10,0,84,9,10,10,0,0,0,0,7.64,0,0,0,0,0,0.0
File,org.apache.wml.WMLPElement,0,0,0,0,0,0,0,0,1,0,0,6,6,0,6,0,0,0,6,97,5,9,8,0,83,7,8,8,0,0,0,0,9.22,0,0,0,0,0,0.0
File,org.apache.wml.WMLPostfieldElement,0,0,0,0,0,0,0,0,1,0,0,4,4,0,4,0,0,0,4,79,7,7,6,0,65,5,6,6,0,0,0,0,9.29,0,0,0,0,0,0.0
File,org.apache.wml.WMLPrevElement,0,0,0,0,0,0,0,0,1,0,0,0,0,0,0,0,0,0,0,70,2,3,2,0,65,1,2,2,0,0,0,0,21.67,0,0,0,0,0,0.0
File,org.apache.wml.WMLRefreshElement,0,0,0,0,0,0,0,0,1,0,0,0,0,0,0,0,0,0,0,70,2,3,2,0,65,1,2,2,0,0,0,0,21.67,0,0,0,0,0,0.0
File,org.apache.wml.WMLSelectElement,0,0,0,0,0,0,0,0,1,0,0,16,16,0,16,0,0,0,16,129,9,19,18,0,101,17,18,18,0,0,0,0,5.32,0,0,0,0,0,0.0
File,org.apache.wml.WMLSetvarElement,0,0,0,0,0,0,0,0,1,0,0,4,4,0,4,0,0,0,4,79,7,7,6,0,65,5,6,6,0,0,0,0,9.29,0,0,0,0,0,0.0
File,org.apache.wml.WMLSmallElement,0,0,0,0,0,0,0,0,1,0,0,2,2,0,2,0,0,0,2,81,2,5,4,0,74,3,4,4,0,0,0,0,14.8,0,0,0,0,0,0.0
File,org.apache.wml.WMLStrongElement,0,0,0,0,0,0,0,0,1,0,0,2,2,0,2,0,0,0,2,80,2,5,4,0,73,3,4,4,0,0,0,0,14.6,0,0,0,0,0,0.0
File,org.apache.wml.WMLTableElement,0,0,0,0,0,0,0,0,1,0,0,8,8,0,8,0,0,0,8,102,6,11,10,0,85,9,10,10,0,0,0,0,7.73,0,0,0,0,0,0.0
File,org.apache.wml.WMLTdElement,0,0,0,0,0,0,0,0,1,0,0,2,2,0,2,0,0,0,2,80,2,5,4,0,73,3,4,4,0,0,0,0,14.6,0,0,0,0,0,0.0
File,org.apache.wml.WMLTemplateElement,0,0,0,0,0,0,0,0,1,0,0,6,6,0,6,0,0,0,6,81,5,9,8,0,67,7,8,8,0,0,0,0,7.44,0,0,0,0,0,0.0
File,org.apache.wml.WMLTimerElement,0,0,0,0,0,0,0,0,1,0,0,4,4,0,4,0,0,0,4,87,3,7,6,0,77,5,6,6,0,0,0,0,11.0,0,0,0,0,0,0.0
File,org.apache.wml.WMLTrElement,0,0,0,0,0,0,0,0,1,0,0,0,0,0,0,0,0,0,0,73,2,3,2,0,68,1,2,2,0,0,0,0,22.67,0,0,0,0,0,0.0
File,org.apache.wml.WMLUElement,0,0,0,0,0,0,0,0,1,0,0,2,2,0,2,0,0,0,2,80,2,5,4,0,73,3,4,4,0,0,0,0,14.6,0,0,0,0,0,0.0
File,org.apache.wml.WMLWmlElement,0,0,0,0,0,0,0,0,1,0,0,2,2,0,2,0,0,0,2,80,2,5,4,0,73,3,4,4,0,0,0,0,14.6,0,0,0,0,0,0.0
File,org.apache.wml.dom.WMLAElementImpl,1,1,1,1,3,0,3,0,1,0,0,11,11,0,11,0,0,0,11,112,15,37,14,11,60,13,25,14,11,1,1,1,1.62,11,11,11,11,0,0.0
File,org.apache.wml.dom.WMLAccessElementImpl,1,1,1,1,3,0,3,0,1,0,0,9,9,0,9,0,0,0,9,104,13,31,12,9,60,11,21,12,9,1,1,1,1.94,9,9,9,9,0,0.0
File,org.apache.wml.dom.WMLAnchorElementImpl,1,1,1,1,3,0,3,0,1,0,0,9,9,0,9,0,0,0,9,104,13,31,12,9,60,11,21,12,9,1,1,1,1.94,9,9,9,9,0,0.0
File,org.apache.wml.dom.WMLBElementImpl,1,1,1,1,3,0,3,0,1,0,0,7,7,0,7,0,0,0,7,96,11,25,10,7,60,9,17,10,7,1,1,1,2.4,7,7,7,7,0,0.0
File,org.apache.wml.dom.WMLBigElementImpl,1,1,1,1,3,0,3,0,1,0,0,7,7,0,7,0,0,0,7,96,11,25,10,7,60,9,17,10,7,1,1,1,2.4,7,7,7,7,0,0.0
File,org.apache.wml.dom.WMLBrElementImpl,1,1,1,1,3,0,3,0,1,0,0,7,7,0,7,0,0,0,7,96,11,25,10,7,60,9,17,10,7,1,1,1,2.4,7,7,7,7,0,0.0
File,org.apache.wml.dom.WMLCardElementImpl,1,1,1,1,3,0,3,0,1,0,0,19,19,0,19,0,0,0,19,144,23,61,22,19,60,21,41,22,19,1,1,1,0.98,19,19,19,19,0,0.0
File,org.apache.wml.dom.WMLDOMImplementationImpl,1,1,1,1,8,0,5,2,1,1,1,2,1,0,2,0,0,0,2,90,7,18,12,6,65,10,13,10,3,1,1,1,3.61,2,2,2,2,0,0.0
File,org.apache.wml.dom.WMLDoElementImpl,1,1,1,1,3,0,3,0,1,0,0,15,15,0,15,0,0,0,15,128,19,49,18,15,60,17,33,18,15,1,1,1,1.22,15,15,15,15,0,0.0
File,org.apache.wml.dom.WMLDocumentImpl,2,2,2,2,14,2,12,0,1,0,2,2,2,0,2,0,0,0,2,152,12,79,21,52,61,62,68,19,49,4,4,4,0.77,5,5,5,4,3,0.0
File,org.apache.wml.dom.WMLElementImpl,1,1,1,1,3,0,3,0,1,0,0,11,11,0,11,4,0,0,7,120,13,47,19,18,60,20,34,19,15,2,2,3,1.28,14,14,15,11,1,0.0
File,org.apache.wml.dom.WMLEmElementImpl,1,1,1,1,3,0,3,0,1,0,0,7,7,0,7,0,0,0,7,96,11,25,10,7,60,9,17,10,7,1,1,1,2.4,7,7,7,7,0,0.0
File,org.apache.wml.dom.WMLFieldsetElementImpl,1,1,1,1,3,0,3,0,1,0,0,9,9,0,9,0,0,0,9,104,13,31,12,9,60,11,21,12,9,1,1,1,1.94,9,9,9,9,0,0.0
File,org.apache.wml.dom.WMLGoElementImpl,1,1,1,1,3,0,3,0,1,0,0,13,13,0,13,0,0,0,13,120,17,43,16,13,60,15,29,16,13,1,1,1,1.4,13,13,13,13,0,0.0
File,org.apache.wml.dom.WMLHeadElementImpl,1,1,1,1,3,0,3,0,1,0,0,5,5,0,5,0,0,0,5,88,9,19,8,5,60,7,13,8,5,1,1,1,3.16,5,5,5,5,0,0.0
File,org.apache.wml.dom.WMLIElementImpl,1,1,1,1,3,0,3,0,1,0,0,7,7,0,7,0,0,0,7,96,11,25,10,7,60,9,17,10,7,1,1,1,2.4,7,7,7,7,0,0.0
File,org.apache.wml.dom.WMLImgElementImpl,1,1,1,1,3,0,3,0,1,0,0,23,23,0,23,0,0,0,23,160,27,73,26,23,60,25,49,26,23,1,1,1,0.82,23,23,23,23,0,0.0
File,org.apache.wml.dom.WMLInputElementImpl,1,1,1,1,3,0,3,0,1,0,0,25,25,0,25,0,0,0,25,168,29,79,28,25,60,27,53,28,25,1,1,1,0.76,25,25,25,25,0,0.0
File,org.apache.wml.dom.WMLMetaElementImpl,1,1,1,1,3,0,3,0,1,0,0,15,15,0,15,0,0,0,15,126,17,49,18,15,60,17,33,18,15,1,1,1,1.22,15,15,15,15,0,0.0
File,org.apache.wml.dom.WMLNoopElementImpl,1,1,1,1,3,0,3,0,1,0,0,5,5,0,5,0,0,0,5,87,8,19,8,5,60,7,13,8,5,1,1,1,3.16,5,5,5,5,0,0.0
File,org.apache.wml.dom.WMLOneventElementImpl,1,1,1,1,3,0,3,0,1,0,0,7,7,0,7,0,0,0,7,96,11,25,10,7,60,9,17,10,7,1,1,1,2.4,7,7,7,7,0,0.0
File,org.apache.wml.dom.WMLOptgroupElementImpl,1,1,1,1,3,0,3,0,1,0,0,9,9,0,9,0,0,0,9,104,13,31,12,9,60,11,21,12,9,1,1,1,1.94,9,9,9,9,0,0.0
File,org.apache.wml.dom.WMLOptionElementImpl,1,1,1,1,3,0,3,0,1,0,0,13,13,0,13,0,0,0,13,120,17,43,16,13,60,15,29,16,13,1,1,1,1.4,13,13,13,13,0,0.0
File,org.apache.wml.dom.WMLPElementImpl,1,1,1,1,3,0,3,0,1,0,0,11,11,0,11,0,0,0,11,112,15,37,14,11,60,13,25,14,11,1,1,1,1.62,11,11,11,11,0,0.0
File,org.apache.wml.dom.WMLPostfieldElementImpl,1,1,1,1,3,0,3,0,1,0,0,9,9,0,9,0,0,0,9,104,13,31,12,9,60,11,21,12,9,1,1,1,1.94,9,9,9,9,0,0.0
File,org.apache.wml.dom.WMLPrevElementImpl,1,1,1,1,3,0,3,0,1,0,0,5,5,0,5,0,0,0,5,88,9,19,8,5,60,7,13,8,5,1,1,1,3.16,5,5,5,5,0,0.0
File,org.apache.wml.dom.WMLRefreshElementImpl,1,1,1,1,3,0,3,0,1,0,0,5,5,0,5,0,0,0,5,88,9,19,8,5,60,7,13,8,5,1,1,1,3.16,5,5,5,5,0,0.0
File,org.apache.wml.dom.WMLSelectElementImpl,1,1,1,1,3,0,3,0,1,0,0,21,21,0,21,0,0,0,21,151,24,67,24,21,60,23,45,24,21,1,1,1,0.9,21,21,21,21,0,0.0
File,org.apache.wml.dom.WMLSetvarElementImpl,1,1,1,1,3,0,3,0,1,0,0,9,9,0,9,0,0,0,9,104,13,31,12,9,60,11,21,12,9,1,1,1,1.94,9,9,9,9,0,0.0
File,org.apache.wml.dom.WMLSmallElementImpl,1,1,1,1,3,0,3,0,1,0,0,7,7,0,7,0,0,0,7,96,11,25,10,7,60,9,17,10,7,1,1,1,2.4,7,7,7,7,0,0.0
File,org.apache.wml.dom.WMLStrongElementImpl,1,1,1,1,3,0,3,0,1,0,0,7,7,0,7,0,0,0,7,96,11,25,10,7,60,9,17,10,7,1,1,1,2.4,7,7,7,7,0,0.0
File,org.apache.wml.dom.WMLTableElementImpl,1,1,1,1,3,0,3,0,1,0,0,13,13,0,13,0,0,0,13,120,17,43,16,13,60,15,29,16,13,1,1,1,1.4,13,13,13,13,0,0.0
File,org.apache.wml.dom.WMLTdElementImpl,1,1,1,1,3,0,3,0,1,0,0,7,7,0,7,0,0,0,7,96,11,25,10,7,60,9,17,10,7,1,1,1,2.4,7,7,7,7,0,0.0
File,org.apache.wml.dom.WMLTemplateElementImpl,1,1,1,1,3,0,3,0,1,0,0,11,11,0,11,0,0,0,11,112,15,37,14,11,60,13,25,14,11,1,1,1,1.62,11,11,11,11,0,0.0
File,org.apache.wml.dom.WMLTimerElementImpl,1,1,1,1,3,0,3,0,1,0,0,9,9,0,9,0,0,0,9,104,13,31,12,9,60,11,21,12,9,1,1,1,1.94,9,9,9,9,0,0.0
File,org.apache.wml.dom.WMLTrElementImpl,1,1,1,1,3,0,3,0,1,0,0,5,5,0,5,0,0,0,5,88,9,19,8,5,60,7,13,8,5,1,1,1,3.16,5,5,5,5,0,0.0
File,org.apache.wml.dom.WMLUElementImpl,1,1,1,1,3,0,3,0,1,0,0,7,7,0,7,0,0,0,7,96,11,25,10,7,60,9,17,10,7,1,1,1,2.4,7,7,7,7,0,0.0
File,org.apache.wml.dom.WMLWmlElementImpl,1,1,1,1,3,0,3,0,1,0,0,7,7,0,7,0,0,0,7,96,11,25,10,7,60,9,17,10,7,1,1,1,2.4,7,7,7,7,0,0.0
File,org.apache.xerces.dom.AttrImpl,2,2,2,1,14,1,8,5,1,0,1,16,16,1,16,0,0,2,14,397,50,138,30,73,219,55,91,28,63,10,10,14,1.59,37,37,43,18,2,1.0
File,org.apache.xerces.dom.AttrNSImpl,2,2,5,1,22,0,13,8,1,0,1,6,6,2,6,0,0,2,4,235,19,91,21,51,130,28,44,16,28,4,4,13,1.43,16,16,31,6,1,1.0
File,org.apache.xerces.dom.AttributeMap,4,4,5,1,35,2,23,10,1,0,0,10,10,0,10,2,0,3,5,585,61,240,50,165,293,106,147,41,106,11,11,15,1.22,42,42,50,14,3,2.0
File,org.apache.xerces.dom.CDATASectionImpl,1,1,1,1,5,0,3,2,1,0,1,3,3,0,3,0,0,0,3,124,11,16,9,4,98,6,10,7,3,1,1,1,6.13,3,3,3,3,0,0.0
File,org.apache.xerces.dom.CharacterDataImpl,2,2,2,1,20,1,10,9,2,0,2,15,15,1,15,1,0,1,13,431,49,161,37,94,230,57,94,31,63,8,8,8,1.43,37,37,39,15,2,2.0
File,org.apache.xerces.dom.ChildAndParentNode,4,4,5,1,32,3,18,11,1,0,1,25,25,5,25,6,2,3,14,959,120,482,79,314,381,206,312,77,235,32,32,41,0.79,107,107,127,25,7,2.0
File,org.apache.xerces.dom.ChildNode,1,1,1,1,9,0,3,5,1,0,1,8,8,2,8,2,0,1,5,188,25,37,19,12,129,19,28,18,10,2,2,2,3.49,12,12,12,8,0,0.0
File,org.apache.xerces.dom.CommentImpl,1,1,1,1,5,0,3,2,1,0,1,3,3,0,3,0,0,0,3,105,11,16,9,4,79,6,10,7,3,1,1,1,4.94,3,3,3,3,0,0.0
File,org.apache.xerces.dom.DOMExceptionImpl,1,1,1,1,4,0,3,1,1,0,0,1,1,0,1,0,0,0,1,122,6,8,5,1,109,3,5,4,1,1,1,1,13.63,1,1,1,1,0,1.0
File,org.apache.xerces.dom.DOMImplementationImpl,1,1,5,1,24,0,12,12,1,1,1,4,3,0,4,0,0,0,4,196,14,55,17,32,129,14,22,11,11,3,3,13,2.35,7,7,21,4,1,1.0
File,org.apache.xerces.dom.DeepNodeListImpl,5,5,8,3,27,3,20,5,1,0,0,5,5,6,5,0,0,1,4,281,30,112,21,69,145,43,67,19,48,15,15,28,1.29,25,25,40,19,7,0.0
File,org.apache.xerces.dom.DeferredAttrImpl,1,1,1,1,10,1,5,4,1,0,1,4,4,1,4,1,0,2,1,180,22,30,16,13,132,17,22,13,9,1,1,1,4.4,4,4,4,4,0,0.0
File,org.apache.xerces.dom.DeferredAttrNSImpl,2,2,2,1,17,1,10,6,1,0,1,4,4,1,4,1,0,2,1,180,26,50,18,27,110,26,36,15,21,6,6,6,2.2,9,9,9,4,3,0.0
File,org.apache.xerces.dom.DeferredCDATASectionImpl,1,1,1,1,9,1,5,3,1,0,1,3,3,1,3,1,0,1,1,148,19,23,12,9,109,12,16,9,7,1,1,1,4.74,3,3,3,3,0,0.0
File,org.apache.xerces.dom.DeferredCommentImpl,1,1,1,1,9,1,4,3,1,0,1,3,3,1,3,1,0,1,1,128,19,22,12,8,90,11,15,9,6,1,1,1,4.09,3,3,3,3,0,0.0
File,org.apache.xerces.dom.DeferredDocumentImpl,2,2,2,1,21,3,14,5,2,2,8,66,64,15,66,1,7,6,52,1742,317,988,268,702,491,586,752,263,489,26,15,27,0.5,191,180,195,108,6,0.0
File,org.apache.xerces.dom.DeferredDocumentTypeImpl,2,1,2,2,25,4,15,6,1,0,1,4,4,1,4,1,0,2,1,219,33,72,22,46,118,41,49,19,30,7,4,7,1.64,10,7,10,10,3,0.0
File,org.apache.xerces.dom.DeferredElementDefinitionImpl,1,1,1,1,14,2,7,4,1,0,1,4,4,1,4,1,0,2,1,161,26,38,17,20,101,22,28,14,14,2,2,2,2.66,5,5,5,4,1,0.0
File,org.apache.xerces.dom.DeferredElementImpl,1,1,1,1,11,1,7,3,1,0,1,4,4,1,4,1,0,2,1,171,24,40,21,20,111,24,30,18,12,3,3,3,2.77,6,6,6,4,2,0.0
File,org.apache.xerces.dom.DeferredElementNSImpl,1,1,1,1,15,2,9,4,1,0,1,4,4,1,4,1,0,2,1,177,28,49,23,26,104,28,35,19,16,4,4,4,2.12,7,7,7,4,2,0.0
File,org.apache.xerces.dom.DeferredEntityImpl,1,1,1,1,12,2,6,4,1,0,1,4,4,1,4,1,0,2,1,181,25,35,15,19,125,23,28,13,15,1,1,1,3.57,4,4,4,4,0,0.0
File,org.apache.xerces.dom.DeferredEntityReferenceImpl,2,2,2,1,16,2,9,4,1,0,1,5,5,1,5,1,0,3,1,230,29,56,20,33,149,30,42,18,24,7,7,7,2.66,11,11,11,5,4,0.0
File,org.apache.xerces.dom.DeferredNode,0,0,0,0,0,0,0,0,1,0,0,1,1,0,1,0,0,0,1,76,6,5,4,0,66,3,4,4,0,0,0,0,13.2,0,0,0,0,0,0.0
File,org.apache.xerces.dom.DeferredNotationImpl,1,1,1,1,12,2,6,4,1,0,1,3,3,1,3,1,0,1,1,155,21,28,15,13,109,17,21,12,9,1,1,1,3.89,3,3,3,3,0,0.0
File,org.apache.xerces.dom.DeferredProcessingInstructionImpl,1,1,1,1,9,1,5,3,1,0,1,3,3,1,3,1,0,1,1,131,19,23,12,9,92,12,16,9,7,1,1,1,4.0,3,3,3,3,0,0.0
File,org.apache.xerces.dom.DeferredTextImpl,1,1,1,1,11,2,5,4,1,0,1,3,3,1,3,1,0,1,1,145,21,23,12,9,104,12,16,9,7,1,1,1,4.52,3,3,3,3,0,0.0
File,org.apache.xerces.dom.DocumentFragmentImpl,1,1,1,1,4,0,2,1,1,0,1,4,4,0,4,0,0,0,4,142,12,17,10,4,114,6,11,8,3,1,1,1,6.71,4,4,4,4,0,0.0
File,org.apache.xerces.dom.DocumentImpl,2,2,2,1,26,2,12,11,1,0,2,49,49,11,49,3,0,0,46,1615,221,661,133,400,761,251,311,101,210,29,18,30,1.15,115,104,124,53,6,2.0
File,org.apache.xerces.dom.DocumentTypeImpl,1,1,1,1,12,0,6,5,1,0,1,15,15,7,15,1,0,0,14,339,46,106,30,52,193,51,77,27,50,2,2,2,1.82,25,25,25,15,1,0.0
File,org.apache.xerces.dom.ElementDefinitionImpl,1,1,1,1,10,0,5,4,1,0,1,5,5,2,5,0,0,0,5,156,20,34,14,14,105,16,24,12,12,2,2,2,3.09,7,7,7,5,1,0.0
File,org.apache.xerces.dom.ElementImpl,2,2,2,1,21,2,9,10,1,0,1,29,29,2,29,1,0,4,24,789,109,287,54,161,412,100,178,47,131,5,5,6,1.44,79,79,84,31,2,1.0
File,org.apache.xerces.dom.ElementNSImpl,2,2,4,1,20,0,12,7,1,0,1,6,6,2,6,0,0,2,4,227,21,81,21,41,127,27,43,15,28,4,4,8,1.57,16,16,24,6,1,1.0
File,org.apache.xerces.dom.EntityImpl,1,1,1,1,10,1,5,4,1,0,1,10,10,4,10,0,0,0,10,251,37,65,21,28,156,27,45,19,26,2,2,2,2.4,17,17,17,10,1,0.0
File,org.apache.xerces.dom.EntityReferenceImpl,1,1,1,1,10,0,6,4,1,0,1,10,10,1,10,0,0,1,9,351,35,68,21,34,249,34,50,20,30,5,5,6,3.66,15,15,16,13,2,0.0
File,org.apache.xerces.dom.LCount,2,2,2,1,7,0,7,0,1,1,1,1,0,3,1,1,0,0,0,102,10,17,10,6,76,10,13,10,3,2,2,2,4.47,2,2,2,1,1,0.0
File,org.apache.xerces.dom.NamedNodeMapImpl,2,2,2,1,16,1,8,6,1,0,4,22,22,3,22,9,0,4,9,521,74,210,59,124,253,95,147,57,90,6,6,7,1.2,58,58,61,30,3,1.0
File,org.apache.xerces.dom.NodeImpl,2,2,2,1,16,0,7,9,3,0,15,66,66,7,66,25,1,4,36,1395,138,494,138,246,794,202,327,136,191,25,25,34,1.61,131,131,151,85,7,2.0
File,org.apache.xerces.dom.NodeIteratorImpl,3,3,4,2,19,3,12,4,1,0,0,13,13,8,13,4,0,0,9,397,65,175,40,111,161,84,128,37,91,8,8,11,0.92,43,43,53,33,3,1.0
File,org.apache.xerces.dom.NotationImpl,2,2,2,1,11,1,6,4,1,0,1,7,7,3,7,0,0,0,7,209,29,57,16,27,128,21,36,14,22,3,3,3,2.25,14,14,14,7,1,1.0
File,org.apache.xerces.dom.ParentNode,4,4,5,1,32,3,18,11,1,0,1,25,25,5,25,6,2,3,14,969,120,482,79,314,391,206,312,77,235,32,32,41,0.81,107,107,127,25,7,2.0
File,org.apache.xerces.dom.ProcessingInstructionImpl,1,1,1,1,11,0,4,7,1,0,1,6,6,1,6,0,0,0,6,177,19,37,14,14,125,14,24,11,13,2,2,2,3.38,9,9,9,6,1,0.0
File,org.apache.xerces.dom.RangeExceptionImpl,1,1,1,1,3,0,3,0,1,0,0,1,1,0,1,0,0,0,1,65,2,7,4,1,56,3,5,4,1,1,1,1,8.0,1,1,1,1,0,1.0
File,org.apache.xerces.dom.RangeImpl,6,6,7,2,29,2,24,2,1,0,5,41,41,11,41,15,0,0,26,1363,156,1047,174,736,176,499,744,173,571,45,45,57,0.17,246,246,300,86,4,2.0
File,org.apache.xerces.dom.TextImpl,2,2,2,1,14,1,7,5,1,0,1,6,6,0,6,0,0,0,6,192,26,51,16,25,119,18,31,12,19,5,5,6,2.33,12,12,13,6,1,1.0
File,org.apache.xerces.dom.TreeWalkerImpl,3,3,4,3,19,3,12,4,1,0,0,20,20,5,20,6,0,0,14,503,92,256,56,165,157,121,193,53,140,8,8,10,0.61,71,71,80,60,2,0.0
File,org.apache.xerces.dom.events.EventImpl,1,1,1,1,7,0,4,3,1,0,0,10,10,10,10,0,0,0,10,168,15,56,22,17,97,23,34,21,13,1,1,1,1.73,10,10,10,10,0,1.0
File,org.apache.xerces.dom.events.MutationEventImpl,1,1,1,1,9,0,5,4,1,0,7,5,5,4,5,0,0,0,5,130,9,44,23,18,77,22,28,19,9,1,1,1,1.75,5,5,5,5,0,2.0
File,org.apache.xerces.domx.DOMException,1,1,1,1,3,0,3,0,1,0,2,1,1,0,1,0,0,0,1,85,4,8,5,3,73,4,6,5,1,1,1,1,9.13,1,1,1,1,0,1.0
File,org.apache.xerces.domx.XGrammarWriter,3,3,3,1,18,1,15,2,2,2,4,50,48,7,50,0,10,9,31,1158,165,784,171,529,236,442,601,175,426,13,13,19,0.3,163,160,198,76,5,0.0
File,org.apache.xerces.framework.Version,1,1,1,1,7,0,3,4,1,1,1,1,0,0,1,0,0,0,1,86,7,7,4,2,73,3,5,4,1,1,1,1,10.43,1,1,1,1,0,4.0
File,org.apache.xerces.framework.XMLAttrList,2,2,3,1,17,0,10,6,1,0,6,29,29,13,29,0,1,0,28,673,49,331,112,238,298,206,278,111,167,7,7,7,0.9,73,73,90,45,3,0.0
File,org.apache.xerces.framework.XMLContentSpec,4,3,6,1,31,1,26,3,2,2,15,13,11,3,13,0,1,0,12,646,64,338,52,242,250,155,200,43,157,27,19,36,0.74,59,43,79,12,4,0.0
File,org.apache.xerces.framework.XMLDTDScanner,7,6,8,4,38,0,33,4,2,0,35,96,96,41,96,0,44,3,49,3311,104,2446,436,1906,785,1118,1578,395,1183,44,44,50,0.32,494,475,553,280,6,0.0
File,org.apache.xerces.framework.XMLDocumentHandler,0,0,0,0,0,0,0,0,2,0,0,32,32,0,32,0,0,0,32,387,36,46,44,0,305,34,36,36,0,0,0,0,6.63,0,0,0,0,0,0.0
File,org.apache.xerces.framework.XMLDocumentScanner,6,5,7,3,35,0,29,6,8,0,24,68,68,35,68,21,7,0,40,2279,62,1640,264,1279,613,727,1028,228,800,72,58,74,0.37,349,311,397,161,8,0.0
File,org.apache.xerces.framework.XMLErrorReporter,0,0,0,0,0,0,0,0,1,0,3,2,2,0,2,0,0,0,2,113,8,14,13,3,91,7,8,8,0,0,0,0,6.5,0,0,0,0,0,0.0
File,org.apache.xerces.framework.XMLParser,2,2,2,1,26,0,9,15,1,0,11,48,48,11,48,0,0,26,22,1536,138,535,162,295,906,224,348,114,234,17,17,17,1.69,125,125,126,80,3,0.0
File,org.apache.xerces.jaxp.DocumentBuilderFactoryImpl,1,1,1,1,7,0,4,3,1,0,0,2,2,0,2,0,0,0,2,90,5,15,9,3,70,7,10,8,2,1,1,1,4.67,2,2,2,2,0,1.0
File,org.apache.xerces.jaxp.DocumentBuilderImpl,1,1,1,1,8,0,5,3,1,0,0,8,8,3,8,0,1,1,6,165,13,59,25,27,95,31,43,23,20,3,3,3,1.61,11,11,11,8,1,0.0
File,org.apache.xerces.jaxp.SAXParserFactoryImpl,1,1,1,1,6,0,3,3,1,0,0,2,2,0,2,0,0,0,2,89,5,14,9,2,70,7,10,8,2,1,1,1,5.0,2,2,2,2,0,1.0
File,org.apache.xerces.jaxp.SAXParserImpl,1,1,1,1,9,0,6,3,1,0,0,5,5,3,5,0,1,1,3,136,9,47,21,22,82,26,34,20,14,3,3,3,1.74,7,7,7,5,1,1.0
File,org.apache.xerces.msg.DatatypeMessages,1,1,1,1,4,0,3,1,1,0,1,1,1,0,1,0,0,0,1,98,4,28,25,20,66,4,6,5,1,1,1,1,2.36,1,1,1,1,0,0.0
File,org.apache.xerces.msg.ExceptionMessages,1,1,1,1,4,0,3,1,1,0,1,1,1,0,1,0,0,0,1,174,21,80,77,72,73,4,6,5,1,1,1,1,0.91,1,1,1,1,0,0.0
File,org.apache.xerces.msg.ExceptionMessagesLocalizer,8,8,11,3,36,5,29,3,1,1,1,1,0,0,1,0,0,0,1,111,14,37,16,24,61,24,33,17,16,8,8,11,1.65,8,8,11,3,2,0.0
File,org.apache.xerces.msg.ImplementationMessages,1,1,1,1,4,0,3,1,1,0,1,1,1,0,1,0,0,0,1,100,4,28,24,19,69,3,5,4,1,1,1,1,2.46,1,1,1,1,0,0.0
File,org.apache.xerces.msg.SchemaMessages,1,1,1,1,4,0,3,1,1,0,1,1,1,0,1,0,0,0,1,103,5,33,30,25,65,4,6,5,1,1,1,1,1.97,1,1,1,1,0,0.0
File,org.apache.xerces.msg.XMLMessages,1,1,1,1,4,0,3,1,1,0,1,1,1,0,1,0,0,0,1,288,5,173,170,165,110,4,6,5,1,1,1,1,0.64,1,1,1,1,0,0.0
File,org.apache.xerces.parsers.DOMParser,5,5,6,2,46,4,31,11,1,0,5,61,61,24,61,0,12,7,42,3164,397,2015,477,1444,848,985,1303,417,886,49,37,49,0.42,365,326,402,151,6,0.0
File,org.apache.xerces.parsers.SAXParser,4,3,4,1,28,2,14,11,1,0,3,47,47,7,47,0,0,6,41,1595,196,717,190,438,709,276,444,158,286,17,12,19,0.99,197,178,222,75,3,1.0
File,org.apache.xerces.readers.AbstractCharReader,8,7,9,6,36,0,32,4,2,0,1,33,33,12,33,1,8,4,20,1397,46,1065,141,840,304,591,834,145,689,49,36,55,0.29,268,252,294,213,6,1.0
File,org.apache.xerces.readers.CharReader,11,11,12,7,61,0,44,17,1,0,0,4,4,7,4,1,2,1,0,354,3,191,27,153,160,106,151,27,124,24,24,29,0.84,45,45,50,29,6,0.0
File,org.apache.xerces.readers.DefaultEntityHandler,1,1,1,1,10,0,9,1,6,1,4,115,114,53,115,1,14,11,89,1399,43,1098,308,767,275,605,802,307,495,18,18,19,0.25,208,208,217,139,3,1.0
File,org.apache.xerces.readers.DefaultReaderFactory,2,2,2,1,17,0,9,7,1,0,2,9,9,3,9,0,0,0,9,247,18,101,50,41,128,43,62,33,29,7,7,8,1.27,18,18,19,13,2,0.0
File,org.apache.xerces.readers.EBCDICRecognizer,11,11,14,1,49,1,46,3,1,0,0,1,1,0,1,0,0,0,1,125,5,55,26,32,66,30,41,19,22,11,11,14,1.2,11,11,14,1,2,0.0
File,org.apache.xerces.readers.MIME2Java,1,1,1,1,12,0,2,9,1,2,2,3,1,0,3,0,1,0,2,643,12,91,9,77,541,81,85,8,77,1,1,1,5.95,3,3,3,3,0,0.0
File,org.apache.xerces.readers.StreamingCharReader,7,7,8,6,34,0,30,4,2,0,1,34,34,17,34,1,10,2,21,1388,47,1058,142,824,301,582,823,146,677,43,30,49,0.28,269,250,295,218,6,0.0
File,org.apache.xerces.readers.StringReader,7,7,9,6,28,0,27,1,1,1,3,28,27,8,28,0,6,0,22,987,9,787,111,579,204,368,560,94,466,41,28,53,0.26,218,199,253,172,5,0.0
File,org.apache.xerces.readers.UCSReader,6,6,8,5,25,0,24,0,1,0,9,30,30,8,30,1,5,0,24,953,11,776,114,594,182,410,604,110,494,47,47,65,0.23,206,203,241,163,6,0.0
File,org.apache.xerces.readers.UCSRecognizer,15,15,17,1,40,0,40,0,1,0,0,1,1,0,1,0,0,0,1,114,4,47,19,26,63,17,33,12,21,15,15,17,1.34,15,15,17,1,4,0.0
File,org.apache.xerces.readers.UTF8CharReader,10,10,12,8,55,0,47,8,1,0,0,9,9,11,9,1,7,1,0,615,3,448,77,349,168,245,336,59,277,31,25,33,0.38,97,91,108,79,6,0.0
File,org.apache.xerces.readers.UTF8Reader,14,13,15,7,64,0,61,3,1,0,5,40,40,12,40,0,17,1,22,2779,10,2523,241,2065,323,1326,1854,225,1629,111,98,120,0.13,566,539,627,302,8,1.0
File,org.apache.xerces.readers.UTF8Recognizer,2,2,3,1,8,0,8,0,2,0,0,22,22,3,22,1,0,0,21,280,9,193,66,111,80,91,145,61,84,19,19,25,0.41,54,54,67,30,7,0.0
File,org.apache.xerces.readers.XCatalog,2,2,3,1,19,2,10,7,3,0,12,19,19,3,19,1,0,1,17,643,100,244,86,134,311,112,172,78,94,17,17,17,1.27,55,55,57,30,4,0.0
File,org.apache.xerces.readers.XMLCatalogHandler,1,1,1,1,11,0,4,6,1,0,0,10,10,2,10,0,0,0,10,232,24,53,22,20,155,24,38,22,16,5,5,5,2.92,13,13,13,12,2,0.0
File,org.apache.xerces.readers.XMLDeclRecognizer,6,6,6,6,32,0,24,8,1,1,3,3,2,0,3,0,0,1,2,191,6,66,23,34,119,32,45,16,29,11,11,11,1.8,12,12,12,12,2,0.0
File,org.apache.xerces.readers.XMLEntityHandler,0,0,0,0,0,0,0,0,5,0,41,57,57,0,57,0,0,0,57,674,62,123,118,41,489,72,77,77,0,0,0,0,3.98,0,0,0,0,0,0.0
File,org.apache.xerces.readers.XMLEntityReader,1,1,1,1,9,0,5,3,1,0,0,9,9,10,9,0,0,4,5,173,9,66,23,42,98,42,54,23,31,2,2,2,1.48,11,11,11,9,1,0.0
File,org.apache.xerces.readers.XMLEntityReaderFactory,0,0,0,0,0,0,0,0,1,0,0,8,8,0,8,0,0,0,8,173,10,36,35,0,127,14,15,15,0,0,0,0,3.53,0,0,0,0,0,0.0
File,org.apache.xerces.utils.Base64,5,5,5,1,31,4,23,4,1,5,12,5,0,0,5,0,0,0,5,285,45,157,41,128,88,127,155,49,106,15,15,15,0.56,26,26,28,8,2,0.0
File,org.apache.xerces.utils.CharDataChunk,2,2,2,1,18,0,10,8,1,1,4,18,17,6,18,0,5,0,13,451,5,194,52,132,255,109,157,53,104,11,11,11,1.31,52,52,52,33,3,0.0
File,org.apache.xerces.utils.ChunkyByteArray,3,3,3,2,16,0,11,5,1,0,4,8,8,4,8,0,1,0,7,250,14,101,32,72,139,58,80,32,48,8,8,8,1.38,26,26,26,16,2,0.0
File,org.apache.xerces.utils.ChunkyCharArray,1,1,1,1,10,0,6,4,1,0,2,8,8,5,8,0,0,0,8,175,13,63,20,41,100,36,51,21,30,4,4,4,1.59,15,15,15,8,2,0.0
File,org.apache.xerces.utils.Hash2intTable,5,5,7,4,31,2,29,0,1,0,2,2,2,1,2,0,0,0,2,151,27,64,19,49,61,43,54,21,33,6,6,8,0.95,10,10,14,8,3,0.0
File,org.apache.xerces.utils.HexBin,2,2,2,1,11,0,6,3,1,5,4,5,0,0,5,2,0,0,3,163,19,62,20,39,82,49,67,29,38,4,4,4,1.32,10,10,10,8,2,1.0
File,org.apache.xerces.utils.ISO8601Format,1,1,1,1,3,1,2,0,1,0,0,1,1,0,1,0,0,0,1,341,98,6,4,0,237,2,4,4,0,1,1,1,39.5,1,1,1,1,0,0.0
File,org.apache.xerces.utils.ImplementationMessages,3,3,4,1,16,0,11,5,1,0,20,3,3,2,3,0,0,0,3,184,7,82,53,62,132,23,34,16,18,8,8,10,1.61,10,10,12,3,2,0.0
File,org.apache.xerces.utils.NamespacesScope,2,2,2,1,14,0,10,4,2,0,0,7,7,3,7,0,0,0,7,156,2,60,18,36,94,34,50,20,30,4,4,4,1.57,14,14,14,8,3,0.0
File,org.apache.xerces.utils.QName,1,1,1,1,6,0,5,1,1,0,0,11,11,4,11,0,0,0,11,179,22,68,19,38,90,39,52,19,33,2,2,6,1.32,12,12,16,11,1,0.0
File,org.apache.xerces.utils.StringHasher,2,2,2,1,14,0,6,8,1,4,0,4,0,0,4,0,0,0,4,133,2,30,11,17,101,20,27,13,14,3,3,3,3.37,9,9,9,4,1,0.0
File,org.apache.xerces.utils.StringPool,3,3,3,2,18,0,17,0,3,0,11,33,33,16,33,0,4,0,29,717,8,576,169,436,138,394,495,172,323,10,10,10,0.24,101,101,108,62,6,0.0
File,org.apache.xerces.utils.SymbolCache,4,4,4,2,27,0,27,0,1,0,5,6,6,4,6,0,0,0,6,255,2,177,42,144,78,115,143,42,101,17,17,17,0.44,27,27,27,16,4,0.0
File,org.apache.xerces.utils.URI,4,4,6,2,28,1,16,9,2,9,5,43,34,7,43,0,12,0,31,1393,118,743,114,489,534,286,460,107,353,24,24,33,0.72,172,172,262,89,5,0.0
File,org.apache.xerces.utils.UTF8DataChunk,5,5,5,2,23,0,22,1,1,1,6,20,19,6,20,0,8,0,12,608,5,468,107,361,154,272,370,104,266,25,25,29,0.33,101,101,113,57,4,0.0
File,org.apache.xerces.utils.XMLCharacterProperties,5,5,5,4,18,0,13,5,1,8,17,8,0,0,8,0,1,0,7,514,6,307,215,250,257,78,122,42,80,9,9,9,0.84,43,43,47,39,3,0.0
File,org.apache.xerces.utils.XMLMessageProvider,0,0,0,0,0,0,0,0,1,0,0,3,3,0,3,0,0,0,3,91,3,7,7,0,81,6,6,6,0,0,0,0,11.57,0,0,0,0,0,0.0
File,org.apache.xerces.utils.XMLMessages,3,3,4,1,19,0,11,8,1,0,321,3,3,2,3,0,0,0,3,1266,15,536,507,515,1038,25,36,18,18,8,8,10,1.94,10,10,12,3,2,0.0
File,org.apache.xerces.utils.regex.BMPattern,7,7,7,5,22,0,20,1,1,0,0,8,8,3,8,3,0,0,5,272,13,170,54,130,89,112,163,56,107,8,8,9,0.52,56,56,59,44,4,0.0
File,org.apache.xerces.utils.regex.Match,2,2,2,1,10,0,7,3,1,0,0,12,12,6,12,0,0,6,6,223,15,98,25,64,110,53,82,27,55,6,6,8,1.12,28,28,34,12,2,0.0
File,org.apache.xerces.utils.regex.Op,1,1,1,1,3,0,3,0,8,15,22,40,25,13,40,39,0,1,0,290,12,211,90,101,93,115,178,90,88,3,3,3,0.44,56,56,56,40,1,0.0
File,org.apache.xerces.utils.regex.ParseException,1,1,1,1,7,0,3,3,1,0,0,2,2,1,2,0,0,0,2,89,6,11,5,3,72,5,8,5,3,1,1,1,6.55,2,2,2,2,0,0.0
File,org.apache.xerces.utils.regex.ParserForXMLSchema,2,1,2,1,9,0,8,1,1,2,6,38,36,0,38,33,0,3,2,506,26,392,69,289,103,174,243,66,177,36,25,43,0.26,99,69,106,47,6,0.0
File,org.apache.xerces.utils.regex.REUtil,4,4,5,1,17,0,15,1,1,15,2,16,1,0,16,10,1,0,5,366,26,257,46,196,87,146,215,52,163,20,20,21,0.34,78,69,90,24,4,0.0
File,org.apache.xerces.utils.regex.RangeToken,6,6,8,2,31,0,26,4,1,2,1,18,16,6,18,5,6,6,1,652,29,487,71,393,145,293,406,87,319,15,15,17,0.3,125,115,145,41,4,0.0
File,org.apache.xerces.utils.regex.RegexParser,6,4,8,3,22,0,19,3,2,1,28,51,50,13,51,41,3,4,3,1273,63,1043,184,844,248,671,890,185,705,44,24,52,0.24,352,224,409,155,5,0.0
File,org.apache.xerces.utils.regex.RegularExpression,11,9,14,9,42,2,36,4,2,23,19,57,34,23,57,7,30,0,20,3181,244,2113,333,1699,861,1087,1640,324,1316,124,96,168,0.41,673,554,835,533,7,0.0
File,org.apache.xerces.utils.regex.Token,3,2,3,1,11,0,10,0,10,22,59,89,67,21,89,65,4,10,10,1421,136,1158,322,856,212,608,818,259,559,41,19,43,0.18,332,209,355,146,5,0.0
File,org.apache.xerces.validators.common.CMAny,1,1,1,1,7,0,6,0,1,0,0,9,9,3,9,6,0,2,1,191,25,67,20,31,100,28,41,19,22,2,2,2,1.49,12,12,12,9,1,0.0
File,org.apache.xerces.validators.common.CMBinOp,2,2,3,1,14,0,10,3,1,0,0,6,6,2,6,3,0,2,1,186,15,72,13,32,99,25,40,12,28,4,4,5,1.38,15,15,18,8,2,0.0
File,org.apache.xerces.validators.common.CMException,1,1,1,1,4,0,4,0,1,0,1,2,2,1,2,0,0,0,2,97,7,14,7,3,76,6,8,6,2,1,1,1,5.43,2,2,2,2,0,0.0
File,org.apache.xerces.validators.common.CMLeaf,1,1,1,1,7,0,6,1,1,0,0,9,9,2,9,5,0,2,2,183,25,68,19,33,91,28,41,18,23,2,2,2,1.34,12,12,12,9,1,0.0
File,org.apache.xerces.validators.common.CMNode,1,1,1,1,5,0,5,0,1,0,0,9,9,5,9,7,0,2,0,163,15,46,17,16,102,20,28,16,12,2,2,2,2.22,8,8,8,6,1,0.0
File,org.apache.xerces.validators.common.CMStateSet,3,3,4,1,18,1,16,1,1,0,0,10,10,5,10,9,0,0,1,312,26,173,26,87,113,70,108,32,76,5,5,6,0.65,38,38,40,19,3,0.0
File,org.apache.xerces.validators.common.CMUniOp,1,1,2,1,8,0,6,1,1,0,0,5,5,1,5,2,0,2,1,140,14,39,11,13,87,13,20,10,10,2,2,4,2.23,7,7,10,5,1,0.0
File,org.apache.xerces.validators.common.ContentLeafNameTypeVector,1,1,1,1,4,0,4,0,1,0,0,4,4,3,4,0,0,0,4,105,12,24,10,11,69,12,18,10,8,2,2,2,2.88,5,5,5,4,1,0.0
File,org.apache.xerces.validators.common.DFAContentModel,9,9,10,4,77,6,38,33,1,0,3,13,13,19,13,0,6,0,7,1269,140,524,88,366,608,282,396,103,293,26,26,29,1.16,120,120,135,62,6,2.0
File,org.apache.xerces.validators.common.Grammar,2,2,3,1,18,1,13,3,2,0,6,37,37,30,37,0,15,10,12,908,142,552,147,405,217,320,413,143,270,9,9,15,0.39,94,94,117,59,2,0.0
File,org.apache.xerces.validators.common.GrammarResolver,0,0,0,0,0,0,0,0,1,0,0,8,8,0,8,0,0,0,8,147,18,13,12,0,116,11,12,12,0,0,0,0,8.92,0,0,0,0,0,0.0
File,org.apache.xerces.validators.common.GrammarResolverImpl,1,1,1,1,9,0,3,5,1,0,0,10,10,1,10,0,0,0,10,289,49,44,19,17,198,21,34,20,14,2,2,2,4.5,12,12,12,10,1,0.0
File,org.apache.xerces.validators.common.InsertableElementsInfo,0,0,0,0,0,0,0,0,1,0,0,0,0,8,0,0,0,0,0,172,11,13,11,0,149,10,11,11,0,0,0,0,11.46,0,0,0,0,0,0.0
File,org.apache.xerces.validators.common.MixedContentModel,5,5,6,4,37,2,19,16,1,0,0,8,8,6,8,0,0,0,8,428,45,167,41,92,218,74,117,35,82,28,28,32,1.31,43,43,51,35,6,0.0
File,org.apache.xerces.validators.common.SimpleContentModel,15,13,20,11,88,7,48,32,1,0,0,7,7,5,7,0,0,0,7,756,72,349,22,240,336,123,218,27,191,41,36,51,0.96,109,94,142,79,5,0.0
File,org.apache.xerces.validators.common.XMLAttributeDecl,1,1,1,1,5,0,5,0,1,0,19,6,6,7,6,0,0,0,6,179,34,61,36,38,85,47,54,36,18,1,1,1,1.39,6,6,6,6,0,0.0
File,org.apache.xerces.validators.common.XMLContentModel,0,0,0,0,0,0,0,0,1,0,0,5,5,0,5,0,0,0,5,179,10,11,10,0,160,8,9,9,0,0,0,0,14.55,0,0,0,0,0,0.0
File,org.apache.xerces.validators.common.XMLElementDecl,1,1,1,1,5,0,4,0,1,0,5,6,6,6,6,0,0,0,6,149,25,44,21,22,81,30,37,21,16,1,1,1,1.84,6,6,6,6,0,0.0
File,org.apache.xerces.validators.common.XMLValidator,4,4,5,1,26,2,19,4,11,0,12,112,112,110,112,4,26,8,74,3532,504,2359,546,1706,737,1023,1511,495,1016,100,100,140,0.31,503,493,595,187,17,2.0
File,org.apache.xerces.validators.datatype.AbstractDatatypeValidator,1,1,1,1,11,0,3,9,1,0,0,4,4,1,4,0,0,0,4,140,20,14,9,2,109,8,11,9,2,1,1,1,7.79,2,2,2,2,0,0.0
File,org.apache.xerces.validators.datatype.BinaryDatatypeValidator,4,4,4,1,21,1,15,6,1,0,0,7,7,9,7,0,1,0,6,251,26,127,31,84,111,55,87,31,56,20,20,20,0.87,32,32,32,7,5,0.0
File,org.apache.xerces.validators.datatype.BooleanDatatypeValidator,2,2,2,1,12,0,7,4,1,0,1,9,9,7,9,0,3,0,6,213,26,88,29,51,105,41,61,30,31,6,6,7,1.19,21,21,22,9,5,0.0
File,org.apache.xerces.validators.datatype.DatatypeMessageProvider,3,3,4,1,18,0,11,6,1,0,23,3,3,2,3,0,0,0,3,191,10,87,58,65,116,25,36,18,18,8,8,10,1.33,10,10,12,3,2,0.0
File,org.apache.xerces.validators.datatype.DatatypeValidator,0,0,0,0,0,0,0,0,1,0,14,3,3,0,3,0,0,0,3,131,11,22,21,14,98,20,21,21,0,0,0,0,4.45,0,0,0,0,0,0.0
File,org.apache.xerces.validators.datatype.DatatypeValidatorFactory,0,0,0,0,0,0,0,0,1,0,0,1,1,0,1,0,0,0,1,72,4,8,7,0,60,5,6,6,0,0,0,0,7.5,0,0,0,0,0,0.0
File,org.apache.xerces.validators.datatype.DatatypeValidatorFactoryImpl,2,2,2,1,34,7,24,2,1,3,2,9,6,1,9,1,3,0,5,398,83,232,37,190,85,149,171,32,139,9,9,9,0.37,24,24,26,16,3,0.0
File,org.apache.xerces.validators.datatype.DecimalDatatypeValidator,7,7,8,1,36,3,27,6,1,1,0,13,12,21,13,0,5,0,8,616,67,395,74,307,175,188,261,71,190,32,32,38,0.44,91,91,107,15,6,1.0
File,org.apache.xerces.validators.datatype.DoubleDatatypeValidator,4,4,5,1,21,1,18,3,1,0,0,10,10,16,10,0,4,0,6,338,44,205,45,153,101,94,137,46,91,27,27,29,0.49,49,49,53,17,6,0.0
File,org.apache.xerces.validators.datatype.ENTITYDatatypeValidator,2,2,2,1,17,2,10,5,1,0,1,7,7,4,7,0,1,0,6,261,36,91,38,51,139,48,66,33,33,11,11,13,1.53,17,17,19,12,5,0.0
File,org.apache.xerces.validators.datatype.FloatDatatypeValidator,4,4,5,1,19,1,16,2,1,0,0,12,12,16,12,0,5,0,7,355,46,228,50,167,91,103,154,51,103,27,27,29,0.4,56,56,60,19,6,0.0
File,org.apache.xerces.validators.datatype.IDDatatypeValidator,2,2,2,1,12,0,7,4,1,0,2,10,10,6,10,0,3,0,7,221,26,91,30,50,112,42,64,27,37,7,7,7,1.23,21,21,21,15,4,0.0
File,org.apache.xerces.validators.datatype.IDREFDatatypeValidator,3,3,3,1,18,1,10,6,1,0,3,11,11,7,11,0,4,0,7,310,46,137,38,85,141,64,101,36,65,17,17,17,1.03,36,36,38,19,5,0.0
File,org.apache.xerces.validators.datatype.InvalidDatatypeFacetException,1,1,1,1,3,0,3,0,1,0,0,8,8,2,8,0,0,0,8,98,8,29,12,10,61,11,20,12,8,1,1,1,2.1,8,8,8,8,0,0.0
File,org.apache.xerces.validators.datatype.InvalidDatatypeValueException,1,1,1,1,2,0,2,0,1,0,0,8,8,2,8,0,0,0,8,92,5,25,12,10,62,11,20,12,8,1,1,1,2.48,8,8,8,8,0,0.0
File,org.apache.xerces.validators.datatype.NOTATIONDatatypeValidator,1,1,1,1,7,0,3,4,1,0,0,8,8,2,8,0,1,0,7,149,16,32,15,10,104,13,22,14,8,1,1,1,3.25,8,8,8,8,0,0.0
File,org.apache.xerces.validators.datatype.QNameDatatypeValidator,6,6,7,1,27,2,23,2,1,0,0,10,10,18,10,0,3,0,7,406,54,263,56,188,95,121,184,57,127,42,42,44,0.36,68,68,71,10,5,0.0
File,org.apache.xerces.validators.datatype.RecurringDurationDatatypeValidator,5,5,6,1,27,2,22,3,1,7,1,18,11,19,18,0,9,0,9,631,81,435,85,309,129,219,318,88,230,39,39,41,0.3,106,106,117,34,7,0.0
File,org.apache.xerces.validators.datatype.StateMessageDatatype,0,0,0,0,0,0,0,0,1,0,0,3,3,0,3,0,0,0,3,65,3,6,5,0,56,4,5,5,0,0,0,0,9.33,0,0,0,0,0,0.0
File,org.apache.xerces.validators.datatype.StringDatatypeValidator,8,8,8,1,35,3,30,3,1,0,0,10,10,18,10,0,3,0,7,477,55,333,58,244,100,149,228,59,169,42,42,44,0.3,84,84,87,10,5,0.0
File,org.apache.xerces.validators.datatype.TimeDurationDatatypeValidator,7,7,8,2,33,2,28,3,1,7,0,18,11,17,18,0,8,0,10,743,77,546,103,377,133,277,394,103,291,47,43,56,0.24,137,133,157,42,6,0.0
File,org.apache.xerces.validators.datatype.URIReferenceDatatypeValidator,6,6,6,1,29,2,22,5,1,0,0,7,7,9,7,0,1,0,6,319,41,181,39,127,103,81,125,39,86,33,33,33,0.57,45,45,46,7,5,0.0
File,org.apache.xerces.validators.datatype.XMLException,1,1,1,1,2,0,2,0,1,0,0,5,5,0,5,0,0,0,5,80,4,15,7,2,61,3,9,7,2,1,1,1,4.07,5,5,5,5,0,0.0
File,org.apache.xerces.validators.dtd.DTDGrammar,1,1,1,1,17,2,8,7,1,0,4,41,41,15,41,0,4,2,35,963,166,394,146,252,430,240,286,119,167,10,4,10,1.09,66,60,66,54,1,0.0
File,org.apache.xerces.validators.schema.EquivClassComparator,4,4,5,3,23,3,18,1,1,0,0,3,3,3,3,0,1,0,2,156,18,67,22,42,72,37,52,22,30,12,12,15,1.07,14,14,17,11,3,0.0
File,org.apache.xerces.validators.schema.SchemaGrammar,1,1,1,1,7,0,6,0,1,0,4,44,44,20,44,0,7,22,15,543,91,337,130,201,123,190,259,125,134,4,4,5,0.36,69,69,71,49,2,0.0
File,org.apache.xerces.validators.schema.SchemaMessageProvider,3,3,4,1,16,0,11,5,1,0,29,3,3,2,3,0,0,0,3,196,7,99,71,77,118,25,36,18,18,8,8,10,1.19,10,10,12,3,2,0.0
File,org.apache.xerces.validators.schema.SchemaSymbols,0,0,0,0,0,0,0,0,1,0,117,0,0,0,0,0,0,0,0,194,10,120,119,117,70,118,119,119,0,0,0,0,0.58,0,0,0,0,0,0.0
File,org.apache.xerces.validators.schema.TraverseSchema,7,7,9,2,51,6,38,7,7,2,5,76,74,37,76,12,46,0,18,4504,602,2993,635,2255,969,1465,2052,618,1434,95,95,146,0.32,606,606,718,180,8,4.0
File,org.apache.xerces.validators.schema.XUtil,4,4,4,3,23,3,16,5,1,13,0,14,1,0,14,0,0,1,13,430,65,240,61,143,139,104,161,56,105,12,7,14,0.58,61,56,66,50,4,0.0
File,org.apache.xml.serialize.BaseMarkupSerializer,2,2,3,1,19,1,13,4,1,0,0,55,55,14,55,0,0,18,37,1441,226,775,158,455,440,423,572,145,427,22,15,23,0.57,156,149,183,67,5,0.0
File,org.apache.xml.serialize.DOMSerializer,0,0,0,0,0,0,0,0,1,0,0,3,3,0,3,0,0,0,3,120,18,14,12,0,88,8,9,9,0,0,0,0,6.29,0,0,0,0,0,0.0
File,org.apache.xml.serialize.ElementState,0,0,0,0,0,0,0,0,1,0,0,0,0,10,0,0,0,0,0,140,28,15,13,0,97,12,13,13,0,0,0,0,6.47,0,0,0,0,0,0.0
File,org.apache.xml.serialize.Encodings,2,2,2,2,12,0,6,5,2,3,2,4,1,3,4,4,0,0,0,186,25,57,18,27,104,22,32,18,14,3,3,3,1.82,8,8,8,8,2,0.0
File,org.apache.xml.serialize.HTMLSerializer,4,4,5,1,23,1,16,6,1,0,2,8,8,0,8,1,0,1,6,366,44,158,41,92,164,89,111,32,79,23,23,29,1.04,34,34,40,8,4,0.0
File,org.apache.xml.serialize.HTMLdtd,2,2,3,1,16,0,9,6,1,16,16,16,0,0,16,0,6,0,10,566,84,255,50,176,227,164,204,50,154,11,11,14,0.89,39,39,49,29,5,0.0
File,org.apache.xml.serialize.IndentPrinter,2,2,2,1,14,0,8,5,1,0,0,17,17,5,17,1,0,0,16,403,58,162,29,84,183,66,106,28,78,7,7,9,1.13,39,39,43,17,4,0.0
File,org.apache.xml.serialize.LineSeparator,0,0,0,0,0,0,0,0,1,0,4,0,0,0,0,0,0,0,0,97,16,8,6,4,73,5,6,6,0,0,0,0,9.13,0,0,0,0,0,0.0
File,org.apache.xml.serialize.Method,0,0,0,0,0,0,0,0,1,0,5,0,0,0,0,0,0,0,0,103,18,9,7,5,76,6,7,7,0,0,0,0,8.44,0,0,0,0,0,0.0
File,org.apache.xml.serialize.OutputFormat,1,1,1,1,13,0,5,7,3,4,7,44,40,17,44,0,0,0,44,946,157,295,87,127,498,119,192,84,108,9,9,12,1.69,70,70,74,63,4,1.0
File,org.apache.xml.serialize.Printer,2,2,2,1,10,0,8,2,1,0,1,18,18,7,18,0,0,0,18,367,60,173,33,90,134,70,114,35,79,5,5,5,0.77,43,43,43,18,3,0.0
File,org.apache.xml.serialize.Serializer,0,0,0,0,0,0,0,0,1,0,0,6,6,0,6,0,0,0,6,173,26,21,19,0,126,15,16,16,0,0,0,0,6.0,0,0,0,0,0,0.0
File,org.apache.xml.serialize.SerializerFactory,1,1,1,1,10,0,6,4,1,2,2,6,4,4,6,0,0,1,5,188,31,57,24,24,100,33,41,20,21,1,1,1,1.75,2,2,2,2,0,0.0
File,org.apache.xml.serialize.SerializerFactoryImpl,1,1,2,1,9,0,8,0,1,0,0,6,6,1,6,1,1,1,3,152,27,60,19,26,65,25,37,15,22,5,5,5,1.08,11,11,14,10,1,0.0
File,org.apache.xml.serialize.TextSerializer,2,2,2,1,15,1,9,4,1,0,0,16,16,0,16,0,0,6,10,399,72,166,43,78,161,77,108,40,68,12,6,12,0.97,40,33,40,16,2,0.0
File,org.apache.xml.serialize.XHTMLSerializer,1,1,1,1,9,0,4,5,1,0,0,5,5,0,5,0,0,0,5,140,18,30,11,7,92,11,17,10,7,2,2,2,3.07,9,9,9,5,0,0.0
File,org.apache.xml.serialize.XMLSerializer,5,5,6,1,28,1,19,7,1,0,0,6,6,0,6,0,0,0,6,318,37,140,36,78,141,77,97,27,70,21,21,27,1.01,30,30,36,6,5,0.0
File,org.w3c.dom.Attr,0,0,0,0,0,0,0,0,1,0,0,5,5,0,5,0,0,0,5,105,7,9,8,0,89,6,7,7,0,0,0,0,9.89,0,0,0,0,0,2.0
File,org.w3c.dom.CDATASection,0,0,0,0,0,0,0,0,1,0,0,0,0,0,0,0,0,0,0,48,3,3,2,0,42,1,2,2,0,0,0,0,14.0,0,0,0,0,0,2.0
File,org.w3c.dom.CharacterData,0,0,0,0,0,0,0,0,1,0,0,8,8,0,8,0,0,0,8,145,10,23,22,0,112,9,10,10,0,0,0,0,4.87,0,0,0,0,0,2.0
File,org.w3c.dom.Comment,0,0,0,0,0,0,0,0,1,0,0,0,0,0,0,0,0,0,0,24,3,3,2,0,18,1,2,2,0,0,0,0,6.0,0,0,0,0,0,2.0
File,org.w3c.dom.DOMException,1,1,1,1,4,0,4,0,1,0,15,1,1,1,1,0,0,0,1,70,4,23,19,17,43,19,21,19,2,1,1,1,1.87,1,1,1,1,0,2.0
File,org.w3c.dom.DOMImplementation,0,0,0,0,0,0,0,0,1,0,0,3,3,0,3,0,0,0,3,97,6,13,12,0,78,4,5,5,0,0,0,0,6.0,0,0,0,0,0,2.0
File,org.w3c.dom.Document,0,0,0,0,0,0,0,0,1,0,0,17,17,0,17,0,0,0,17,368,20,33,32,0,315,18,19,19,0,0,0,0,9.55,0,0,0,0,0,2.0
File,org.w3c.dom.DocumentFragment,0,0,0,0,0,0,0,0,1,0,0,0,0,0,0,0,0,0,0,52,3,3,2,0,46,1,2,2,0,0,0,0,15.33,0,0,0,0,0,2.0
File,org.w3c.dom.DocumentType,0,0,0,0,0,0,0,0,1,0,0,6,6,0,6,0,0,0,6,82,9,9,8,0,64,7,8,8,0,0,0,0,7.11,0,0,0,0,0,2.0
File,org.w3c.dom.Element,0,0,0,0,0,0,0,0,1,0,0,16,16,0,16,0,0,0,16,307,19,34,33,0,254,17,18,18,0,0,0,0,7.47,0,0,0,0,0,2.0
File,org.w3c.dom.Entity,0,0,0,0,0,0,0,0,1,0,0,3,3,0,3,0,0,0,3,68,6,6,5,0,56,4,5,5,0,0,0,0,9.33,0,0,0,0,0,2.0
File,org.w3c.dom.EntityReference,0,0,0,0,0,0,0,0,1,0,0,0,0,0,0,0,0,0,0,38,3,3,2,0,32,1,2,2,0,0,0,0,10.67,0,0,0,0,0,2.0
File,org.w3c.dom.NamedNodeMap,0,0,0,0,0,0,0,0,1,0,0,8,8,0,8,0,0,0,8,156,11,17,16,0,128,9,10,10,0,0,0,0,7.53,0,0,0,0,0,2.0
File,org.w3c.dom.Node,0,0,0,0,0,0,0,0,1,0,12,25,25,0,25,0,0,0,25,352,26,50,49,12,276,38,39,39,0,0,0,0,5.52,0,0,0,0,0,2.0
File,org.w3c.dom.NodeList,0,0,0,0,0,0,0,0,1,0,0,2,2,0,2,0,0,0,2,41,5,5,4,0,31,3,4,4,0,0,0,0,6.2,0,0,0,0,0,2.0
File,org.w3c.dom.Notation,0,0,0,0,0,0,0,0,1,0,0,2,2,0,2,0,0,0,2,40,5,5,4,0,30,3,4,4,0,0,0,0,6.0,0,0,0,0,0,2.0
File,org.w3c.dom.ProcessingInstruction,0,0,0,0,0,0,0,0,1,0,0,3,3,0,3,0,0,0,3,40,5,7,6,0,28,4,5,5,0,0,0,0,4.0,0,0,0,0,0,2.0
File,org.w3c.dom.Text,0,0,0,0,0,0,0,0,1,0,0,1,1,0,1,0,0,0,1,55,4,5,4,0,46,2,3,3,0,0,0,0,9.2,0,0,0,0,0,2.0
File,org.w3c.dom.events.DocumentEvent,0,0,0,0,0,0,0,0,1,0,0,1,1,0,1,0,0,0,1,56,5,6,5,0,45,3,4,4,0,0,0,0,7.5,0,0,0,0,0,2.0
File,org.w3c.dom.events.Event,0,0,0,0,0,0,0,0,1,0,3,10,10,0,10,0,0,0,10,132,15,19,18,3,98,15,16,16,0,0,0,0,5.16,0,0,0,0,0,2.0
File,org.w3c.dom.events.EventException,1,1,1,1,4,0,4,0,1,0,1,1,1,1,1,0,0,0,1,29,4,9,5,3,16,5,7,5,2,1,1,1,1.78,1,1,1,1,0,2.0
File,org.w3c.dom.events.EventListener,0,0,0,0,0,0,0,0,1,0,0,1,1,0,1,0,0,0,1,36,4,4,3,0,28,2,3,3,0,0,0,0,7.0,0,0,0,0,0,2.0
File,org.w3c.dom.events.EventTarget,0,0,0,0,0,0,0,0,1,0,0,3,3,0,3,0,0,0,3,102,6,11,10,0,85,4,5,5,0,0,0,0,7.73,0,0,0,0,0,2.0
File,org.w3c.dom.events.MutationEvent,0,0,0,0,0,0,0,0,1,0,0,5,5,0,5,0,0,0,5,82,9,15,14,0,58,7,8,8,0,0,0,0,3.87,0,0,0,0,0,2.0
File,org.w3c.dom.html.HTMLAnchorElement,0,0,0,0,0,0,0,0,1,0,0,26,26,0,26,0,0,0,26,111,17,29,28,0,65,27,28,28,0,0,0,0,2.24,0,0,0,0,0,0.0
File,org.w3c.dom.html.HTMLAppletElement,0,0,0,0,0,0,0,0,1,0,0,22,22,0,22,0,0,0,22,102,14,25,24,0,63,23,24,24,0,0,0,0,2.52,0,0,0,0,0,0.0
File,org.w3c.dom.html.HTMLAreaElement,0,0,0,0,0,0,0,0,1,0,0,16,16,0,16,0,0,0,16,78,11,19,18,0,48,17,18,18,0,0,0,0,2.53,0,0,0,0,0,0.0
File,org.w3c.dom.html.HTMLBRElement,0,0,0,0,0,0,0,0,1,0,0,2,2,0,2,0,0,0,2,27,4,5,4,0,18,3,4,4,0,0,0,0,3.6,0,0,0,0,0,0.0
File,org.w3c.dom.html.HTMLBaseElement,0,0,0,0,0,0,0,0,1,0,0,4,4,0,4,0,0,0,4,33,5,7,6,0,21,5,6,6,0,0,0,0,3.0,0,0,0,0,0,0.0
File,org.w3c.dom.html.HTMLBaseFontElement,0,0,0,0,0,0,0,0,1,0,0,6,6,0,6,0,0,0,6,42,6,9,8,0,27,7,8,8,0,0,0,0,3.0,0,0,0,0,0,0.0
File,org.w3c.dom.html.HTMLBodyElement,0,0,0,0,0,0,0,0,1,0,0,12,12,0,12,0,0,0,12,68,9,15,14,0,44,13,14,14,0,0,0,0,2.93,0,0,0,0,0,0.0
File,org.w3c.dom.html.HTMLButtonElement,0,0,0,0,0,0,0,0,1,0,0,12,12,0,12,0,0,0,12,66,10,15,14,0,41,13,14,14,0,0,0,0,2.73,0,0,0,0,0,0.0
File,org.w3c.dom.html.HTMLCollection,0,0,0,0,0,0,0,0,1,0,0,3,3,0,3,0,0,0,3,56,7,7,6,0,42,5,6,6,0,0,0,0,6.0,0,0,0,0,0,0.0
File,org.w3c.dom.html.HTMLDListElement,0,0,0,0,0,0,0,0,1,0,0,2,2,0,2,0,0,0,2,27,4,5,4,0,18,3,4,4,0,0,0,0,3.6,0,0,0,0,0,0.0
File,org.w3c.dom.html.HTMLDOMImplementation,0,0,0,0,0,0,0,0,1,0,0,1,1,0,1,0,0,0,1,35,5,5,4,0,25,3,4,4,0,0,0,0,5.0,0,0,0,0,0,0.0
File,org.w3c.dom.html.HTMLDirectoryElement,0,0,0,0,0,0,0,0,1,0,0,2,2,0,2,0,0,0,2,28,4,5,4,0,19,3,4,4,0,0,0,0,3.8,0,0,0,0,0,0.0
File,org.w3c.dom.html.HTMLDivElement,0,0,0,0,0,0,0,0,1,0,0,2,2,0,2,0,0,0,2,27,4,5,4,0,18,3,4,4,0,0,0,0,3.6,0,0,0,0,0,0.0
File,org.w3c.dom.html.HTMLDocument,0,0,0,0,0,0,0,0,1,0,0,19,19,0,19,0,0,0,19,154,20,24,23,0,110,22,23,23,0,0,0,0,4.58,0,0,0,0,0,0.0
File,org.w3c.dom.html.HTMLElement,0,0,0,0,0,0,0,0,1,0,0,10,10,0,10,0,0,0,10,65,9,14,13,0,42,12,13,13,0,0,0,0,3.0,0,0,0,0,0,0.0
File,org.w3c.dom.html.HTMLFieldSetElement,0,0,0,0,0,0,0,0,1,0,0,1,1,0,1,0,0,0,1,27,4,4,3,0,19,2,3,3,0,0,0,0,4.75,0,0,0,0,0,0.0
File,org.w3c.dom.html.HTMLFontElement,0,0,0,0,0,0,0,0,1,0,0,6,6,0,6,0,0,0,6,42,6,9,8,0,27,7,8,8,0,0,0,0,3.0,0,0,0,0,0,0.0
File,org.w3c.dom.html.HTMLFormElement,0,0,0,0,0,0,0,0,1,0,0,16,16,0,16,0,0,0,16,86,13,19,18,0,54,17,18,18,0,0,0,0,2.84,0,0,0,0,0,0.0
File,org.w3c.dom.html.HTMLFrameElement,0,0,0,0,0,0,0,0,1,0,0,16,16,0,16,0,0,0,16,76,11,19,18,0,46,17,18,18,0,0,0,0,2.42,0,0,0,0,0,0.0
File,org.w3c.dom.html.HTMLFrameSetElement,0,0,0,0,0,0,0,0,1,0,0,4,4,0,4,0,0,0,4,34,5,7,6,0,22,5,6,6,0,0,0,0,3.14,0,0,0,0,0,0.0
File,org.w3c.dom.html.HTMLHRElement,0,0,0,0,0,0,0,0,1,0,0,8,8,0,8,0,0,0,8,49,7,11,10,0,31,9,10,10,0,0,0,0,2.82,0,0,0,0,0,0.0
File,org.w3c.dom.html.HTMLHeadElement,0,0,0,0,0,0,0,0,1,0,0,2,2,0,2,0,0,0,2,27,4,5,4,0,18,3,4,4,0,0,0,0,3.6,0,0,0,0,0,0.0
File,org.w3c.dom.html.HTMLHeadingElement,0,0,0,0,0,0,0,0,1,0,0,2,2,0,2,0,0,0,2,28,4,5,4,0,19,3,4,4,0,0,0,0,3.8,0,0,0,0,0,0.0
File,org.w3c.dom.html.HTMLHtmlElement,0,0,0,0,0,0,0,0,1,0,0,2,2,0,2,0,0,0,2,28,4,5,4,0,19,3,4,4,0,0,0,0,3.8,0,0,0,0,0,0.0
File,org.w3c.dom.html.HTMLIFrameElement,0,0,0,0,0,0,0,0,1,0,0,20,20,0,20,0,0,0,20,89,13,23,22,0,53,21,22,22,0,0,0,0,2.3,0,0,0,0,0,0.0
File,org.w3c.dom.html.HTMLImageElement,0,0,0,0,0,0,0,0,1,0,0,26,26,0,26,0,0,0,26,109,16,29,28,0,64,27,28,28,0,0,0,0,2.21,0,0,0,0,0,0.0
File,org.w3c.dom.html.HTMLInputElement,0,0,0,0,0,0,0,0,1,0,0,38,38,0,38,0,0,0,38,196,25,41,40,0,130,39,40,40,0,0,0,0,3.17,0,0,0,0,0,0.0
File,org.w3c.dom.html.HTMLIsIndexElement,0,0,0,0,0,0,0,0,1,0,0,3,3,0,3,0,0,0,3,34,5,6,5,0,23,4,5,5,0,0,0,0,3.83,0,0,0,0,0,0.0
File,org.w3c.dom.html.HTMLLIElement,0,0,0,0,0,0,0,0,1,0,0,4,4,0,4,0,0,0,4,35,5,7,6,0,23,5,6,6,0,0,0,0,3.29,0,0,0,0,0,0.0
File,org.w3c.dom.html.HTMLLabelElement,0,0,0,0,0,0,0,0,1,0,0,5,5,0,5,0,0,0,5,41,6,8,7,0,27,6,7,7,0,0,0,0,3.38,0,0,0,0,0,0.0
File,org.w3c.dom.html.HTMLLegendElement,0,0,0,0,0,0,0,0,1,0,0,5,5,0,5,0,0,0,5,42,6,8,7,0,28,6,7,7,0,0,0,0,3.5,0,0,0,0,0,0.0
File,org.w3c.dom.html.HTMLLinkElement,0,0,0,0,0,0,0,0,1,0,0,18,18,0,18,0,0,0,18,83,12,21,20,0,50,19,20,20,0,0,0,0,2.38,0,0,0,0,0,0.0
File,org.w3c.dom.html.HTMLMapElement,0,0,0,0,0,0,0,0,1,0,0,3,3,0,3,0,0,0,3,32,5,6,5,0,21,4,5,5,0,0,0,0,3.5,0,0,0,0,0,0.0
File,org.w3c.dom.html.HTMLMenuElement,0,0,0,0,0,0,0,0,1,0,0,2,2,0,2,0,0,0,2,28,4,5,4,0,19,3,4,4,0,0,0,0,3.8,0,0,0,0,0,0.0
File,org.w3c.dom.html.HTMLMetaElement,0,0,0,0,0,0,0,0,1,0,0,8,8,0,8,0,0,0,8,48,7,11,10,0,30,9,10,10,0,0,0,0,2.73,0,0,0,0,0,0.0
File,org.w3c.dom.html.HTMLModElement,0,0,0,0,0,0,0,0,1,0,0,4,4,0,4,0,0,0,4,35,5,7,6,0,23,5,6,6,0,0,0,0,3.29,0,0,0,0,0,0.0
File,org.w3c.dom.html.HTMLOListElement,0,0,0,0,0,0,0,0,1,0,0,6,6,0,6,0,0,0,6,41,6,9,8,0,26,7,8,8,0,0,0,0,2.89,0,0,0,0,0,0.0
File,org.w3c.dom.html.HTMLObjectElement,0,0,0,0,0,0,0,0,1,0,0,35,35,0,35,0,0,0,35,150,21,38,37,0,91,36,37,37,0,0,0,0,2.39,0,0,0,0,0,0.0
File,org.w3c.dom.html.HTMLOptGroupElement,0,0,0,0,0,0,0,0,1,0,0,4,4,0,4,0,0,0,4,35,5,7,6,0,23,5,6,6,0,0,0,0,3.29,0,0,0,0,0,0.0
File,org.w3c.dom.html.HTMLOptionElement,0,0,0,0,0,0,0,0,1,0,0,13,13,0,13,0,0,0,13,77,11,16,15,0,50,14,15,15,0,0,0,0,3.13,0,0,0,0,0,0.0
File,org.w3c.dom.html.HTMLParagraphElement,0,0,0,0,0,0,0,0,1,0,0,2,2,0,2,0,0,0,2,27,4,5,4,0,18,3,4,4,0,0,0,0,3.6,0,0,0,0,0,0.0
File,org.w3c.dom.html.HTMLParamElement,0,0,0,0,0,0,0,0,1,0,0,8,8,0,8,0,0,0,8,50,7,11,10,0,32,9,10,10,0,0,0,0,2.91,0,0,0,0,0,0.0
File,org.w3c.dom.html.HTMLPreElement,0,0,0,0,0,0,0,0,1,0,0,2,2,0,2,0,0,0,2,27,4,5,4,0,18,3,4,4,0,0,0,0,3.6,0,0,0,0,0,0.0
File,org.w3c.dom.html.HTMLQuoteElement,0,0,0,0,0,0,0,0,1,0,0,2,2,0,2,0,0,0,2,28,4,5,4,0,19,3,4,4,0,0,0,0,3.8,0,0,0,0,0,0.0
File,org.w3c.dom.html.HTMLScriptElement,0,0,0,0,0,0,0,0,1,0,0,14,14,0,14,0,0,0,14,66,10,17,16,0,39,15,16,16,0,0,0,0,2.29,0,0,0,0,0,0.0
File,org.w3c.dom.html.HTMLSelectElement,0,0,0,0,0,0,0,0,1,0,0,22,22,0,22,0,0,0,22,133,19,28,27,0,86,24,25,25,0,0,0,0,3.07,0,0,0,0,0,0.0
File,org.w3c.dom.html.HTMLStyleElement,0,0,0,0,0,0,0,0,1,0,0,6,6,0,6,0,0,0,6,41,6,9,8,0,26,7,8,8,0,0,0,0,2.89,0,0,0,0,0,0.0
File,org.w3c.dom.html.HTMLTableCaptionElement,0,0,0,0,0,0,0,0,1,0,0,2,2,0,2,0,0,0,2,27,4,5,4,0,18,3,4,4,0,0,0,0,3.6,0,0,0,0,0,0.0
File,org.w3c.dom.html.HTMLTableCellElement,0,0,0,0,0,0,0,0,1,0,0,29,29,0,29,0,0,0,29,125,18,32,31,0,75,30,31,31,0,0,0,0,2.34,0,0,0,0,0,0.0
File,org.w3c.dom.html.HTMLTableColElement,0,0,0,0,0,0,0,0,1,0,0,12,12,0,12,0,0,0,12,62,9,15,14,0,38,13,14,14,0,0,0,0,2.53,0,0,0,0,0,0.0
File,org.w3c.dom.html.HTMLTableElement,0,0,0,0,0,0,0,0,1,0,0,34,34,0,34,0,0,0,34,188,26,40,39,0,122,36,37,37,0,0,0,0,3.05,0,0,0,0,0,0.0
File,org.w3c.dom.html.HTMLTableRowElement,0,0,0,0,0,0,0,0,1,0,0,15,15,0,15,0,0,0,15,101,14,21,20,0,66,17,18,18,0,0,0,0,3.14,0,0,0,0,0,0.0
File,org.w3c.dom.html.HTMLTableSectionElement,0,0,0,0,0,0,0,0,1,0,0,11,11,0,11,0,0,0,11,84,11,17,16,0,56,13,14,14,0,0,0,0,3.29,0,0,0,0,0,0.0
File,org.w3c.dom.html.HTMLTextAreaElement,0,0,0,0,0,0,0,0,1,0,0,23,23,0,23,0,0,0,23,113,17,26,25,0,70,24,25,25,0,0,0,0,2.69,0,0,0,0,0,0.0
File,org.w3c.dom.html.HTMLTitleElement,0,0,0,0,0,0,0,0,1,0,0,2,2,0,2,0,0,0,2,26,4,5,4,0,17,3,4,4,0,0,0,0,3.4,0,0,0,0,0,0.0
File,org.w3c.dom.html.HTMLUListElement,0,0,0,0,0,0,0,0,1,0,0,4,4,0,4,0,0,0,4,34,5,7,6,0,22,5,6,6,0,0,0,0,3.14,0,0,0,0,0,0.0
File,org.w3c.dom.range.DocumentRange,0,0,0,0,0,0,0,0,1,0,0,1,1,0,1,0,0,0,1,32,4,4,3,0,24,2,3,3,0,0,0,0,6.0,0,0,0,0,0,0.0
File,org.w3c.dom.range.Range,0,0,0,0,0,0,0,0,1,0,4,24,24,0,24,0,0,0,24,369,29,61,60,4,279,32,33,33,0,0,0,0,4.57,0,0,0,0,0,0.0
File,org.w3c.dom.range.RangeException,1,1,1,1,4,0,4,0,1,0,2,1,1,1,1,0,0,0,1,30,4,10,6,4,16,6,8,6,2,1,1,1,1.6,1,1,1,1,0,0.0
File,org.w3c.dom.traversal.DocumentTraversal,0,0,0,0,0,0,0,0,1,0,0,2,2,0,2,0,0,0,2,78,6,14,13,0,58,5,6,6,0,0,0,0,4.14,0,0,0,0,0,2.0
File,org.w3c.dom.traversal.NodeFilter,0,0,0,0,0,0,0,0,1,0,16,1,1,0,1,0,0,0,1,68,7,21,20,16,40,19,20,20,0,0,0,0,1.9,0,0,0,0,0,2.0
File,org.w3c.dom.traversal.NodeIterator,0,0,0,0,0,0,0,0,1,0,0,7,7,0,7,0,0,0,7,95,11,14,13,0,70,10,11,11,0,0,0,0,5.0,0,0,0,0,0,2.0
File,org.w3c.dom.traversal.TreeWalker,0,0,0,0,0,0,0,0,1,0,0,13,13,0,13,0,0,0,13,157,16,19,18,0,122,16,17,17,0,0,0,0,6.42,0,0,0,0,0,2.0
File,org.xml.sax.AttributeList,0,0,0,0,0,0,0,0,1,0,0,6,6,0,6,0,0,0,6,191,21,9,8,0,161,7,8,8,0,0,0,0,17.89,0,0,0,0,0,0.0
File,org.xml.sax.Attributes,0,0,0,0,0,0,0,0,1,0,0,12,12,0,12,0,0,0,12,243,36,16,14,0,191,13,14,14,0,0,0,0,11.94,0,0,0,0,0,0.0
File,org.xml.sax.ContentHandler,0,0,0,0,0,0,0,0,1,0,0,11,11,0,11,0,0,0,11,374,26,27,25,0,321,12,13,13,0,0,0,0,11.89,0,0,0,0,0,0.0
File,org.xml.sax.DTDHandler,0,0,0,0,0,0,0,0,1,0,0,2,2,0,2,0,0,0,2,108,8,12,11,0,88,3,4,4,0,0,0,0,7.33,0,0,0,0,0,0.0
File,org.xml.sax.DocumentHandler,0,0,0,0,0,0,0,0,1,0,0,8,8,0,8,0,0,0,8,230,20,18,17,0,192,9,10,10,0,0,0,0,10.67,0,0,0,0,0,0.0
File,org.xml.sax.EntityResolver,0,0,0,0,0,0,0,0,1,0,0,1,1,0,1,0,0,0,1,110,8,7,6,0,95,3,4,4,0,0,0,0,13.57,0,0,0,0,0,0.0
File,org.xml.sax.ErrorHandler,0,0,0,0,0,0,0,0,1,0,0,3,3,0,3,0,0,0,3,123,11,9,8,0,103,4,5,5,0,0,0,0,11.44,0,0,0,0,0,0.0
File,org.xml.sax.HandlerBase,1,1,1,1,19,0,4,15,1,0,0,14,14,0,14,0,0,0,14,368,42,61,29,2,265,3,18,16,2,1,1,1,4.34,14,14,14,14,0,0.0
File,org.xml.sax.InputSource,1,1,1,1,16,0,3,12,1,0,0,14,14,5,14,0,0,0,14,321,36,65,23,13,220,21,36,23,13,1,1,1,3.38,14,14,14,14,0,0.0
File,org.xml.sax.Locator,0,0,0,0,0,0,0,0,1,0,0,4,4,0,4,0,0,0,4,126,13,7,6,0,106,5,6,6,0,0,0,0,15.14,0,0,0,0,0,0.0
File,org.xml.sax.Parser,0,0,0,0,0,0,0,0,1,0,0,7,7,0,7,0,0,0,7,207,19,16,14,0,172,10,11,11,0,0,0,0,10.75,0,0,0,0,0,0.0
File,org.xml.sax.SAXException,1,1,1,1,13,0,5,7,1,0,0,6,6,1,6,0,0,0,6,144,22,39,10,16,83,14,23,10,13,2,2,3,2.13,8,8,9,6,1,0.0
File,org.xml.sax.SAXNotRecognizedException,1,1,1,1,9,0,4,5,1,0,0,1,1,0,1,0,0,0,1,44,8,8,3,1,28,2,4,3,1,1,1,1,3.5,1,1,1,1,0,0.0
File,org.xml.sax.SAXNotSupportedException,1,1,1,1,9,0,4,5,1,0,0,1,1,0,1,0,0,0,1,44,7,8,3,1,29,2,4,3,1,1,1,1,3.63,1,1,1,1,0,0.0
File,org.xml.sax.SAXParseException,1,1,1,1,18,0,6,12,1,0,0,9,9,4,9,0,1,0,8,264,35,62,19,24,167,23,35,15,20,2,2,2,2.69,11,11,11,9,1,0.0
File,org.xml.sax.XMLFilter,0,0,0,0,0,0,0,0,1,0,0,2,2,0,2,0,0,0,2,65,10,6,4,0,49,3,4,4,0,0,0,0,8.17,0,0,0,0,0,0.0
File,org.xml.sax.XMLReader,0,0,0,0,0,0,0,0,1,0,0,14,14,0,14,0,0,0,14,415,42,25,23,0,348,16,17,17,0,0,0,0,13.92,0,0,0,0,0,0.0
File,org.xml.sax.ext.DeclHandler,0,0,0,0,0,0,0,0,1,0,0,4,4,0,4,0,0,0,4,131,13,18,16,0,100,6,7,7,0,0,0,0,5.56,0,0,0,0,0,1.0
File,org.xml.sax.ext.LexicalHandler,0,0,0,0,0,0,0,0,1,0,0,7,7,0,7,0,0,0,7,161,18,20,18,0,123,9,10,10,0,0,0,0,6.15,0,0,0,0,0,1.0
File,org.xml.sax.helpers.AttributeListImpl,1,1,1,1,16,0,6,9,1,0,0,12,12,3,12,0,0,0,12,310,43,90,21,40,177,34,55,22,33,3,3,3,1.97,20,20,20,18,1,0.0
File,org.xml.sax.helpers.AttributesImpl,2,2,2,1,17,0,8,8,1,0,0,26,26,2,26,0,2,0,24,602,79,237,44,119,286,95,151,47,104,4,4,5,1.21,55,55,71,38,2,0.0
File,org.xml.sax.helpers.DefaultHandler,1,1,1,1,19,0,4,15,1,0,0,17,17,0,17,0,0,0,17,447,51,85,47,2,311,12,30,28,2,1,1,1,3.66,17,17,17,17,0,0.0
File,org.xml.sax.helpers.LocatorImpl,1,1,1,1,11,0,4,7,1,0,0,10,10,4,10,0,0,0,10,212,36,51,17,12,125,18,29,17,12,1,1,1,2.45,10,10,10,10,0,0.0
File,org.xml.sax.helpers.NamespaceSupport,2,2,2,1,24,0,10,13,2,0,2,20,20,11,20,8,1,0,11,689,91,243,55,135,357,111,158,52,106,7,7,8,1.47,45,45,47,25,2,0.0
File,org.xml.sax.helpers.ParserAdapter,2,2,2,1,18,0,9,8,2,0,6,43,43,14,43,3,4,0,36,1008,136,438,121,217,438,166,258,104,154,13,13,13,1.0,93,93,99,47,3,0.0
File,org.xml.sax.helpers.ParserFactory,1,1,1,1,23,0,8,15,1,2,0,3,1,0,3,0,1,0,2,129,13,34,21,6,82,11,16,12,4,2,2,2,2.41,4,4,4,3,1,0.0
File,org.xml.sax.helpers.XMLFilterImpl,1,1,1,1,16,0,6,9,1,0,0,36,36,6,36,0,1,0,35,769,107,274,83,96,388,74,138,58,80,2,2,2,1.42,63,63,63,36,1,0.0
File,org.xml.sax.helpers.XMLReaderAdapter,1,1,1,1,12,0,4,7,2,0,0,30,30,4,30,2,2,0,26,526,86,169,67,36,276,52,86,52,34,2,2,2,1.63,32,32,32,30,1,0.0
File,org.xml.sax.helpers.XMLReaderFactory,3,3,3,3,26,0,14,11,1,2,0,3,1,0,3,0,1,0,2,136,12,51,12,28,73,16,24,10,14,5,5,5,1.43,10,10,10,9,2,0.0
