filename,wmc,dit,noc,cbo,rfc,lcom,ca,ce,npm,lcom3,loc,dam,moa,mfa,cam,ic,cbm,amc,max_cc,avg_cc,bug
apache.xalan.Version,9,1,0,1,15,36,0,1,9,2.0,69,0.0,0,0.0,0.111111111,0,0,6.666666667,2,1.0,0
apache.xalan.client.XSLTProcessorApplet,29,5,0,2,73,300,1,2,21,0.8792517009999999,782,0.857142857,1,0.94214876,0.344827586,3,5,25.24137931,10,1.5172,0
apache.xalan.extensions.ExtensionsTable,6,1,0,8,21,0,2,6,6,0.5,146,0.5,1,0.0,0.380952381,0,0,23.0,1,0.8333,1
apache.xalan.extensions.ExtensionHandlerGeneral,7,2,0,15,50,11,0,15,5,0.911111111,555,0.8666666670000001,0,0.545454545,0.351851852,0,0,76.14285714,2,1.0,1
apache.xalan.extensions.ExtensionNamespaceSupport,3,1,0,5,12,0,4,1,3,0.5,133,0.0,0,0.0,0.5555555560000001,0,0,42.0,1,0.6667,0
apache.xalan.extensions.XSLProcessorContext,7,1,1,25,49,5,6,19,7,0.7333333329999999,321,1.0,4,0.0,0.39285714299999996,0,0,44.14285714,1,0.8571,0
apache.xalan.extensions.ExtensionNamespacesManager,9,1,0,7,29,12,5,2,8,0.625,453,1.0,0,0.0,0.41666666700000005,0,0,49.0,7,2.5556,0
apache.xalan.extensions.ExtensionHandler,8,1,3,13,17,26,9,4,5,0.942857143,91,0.8,0,0.0,0.33928571399999996,0,0,9.75,1,0.75,1
apache.xalan.extensions.ExtensionHandlerJavaPackage,6,3,0,10,44,15,0,10,5,1.0,615,0.0,0,0.615384615,0.375,3,6,101.16666670000001,7,2.0,2
apache.xalan.extensions.MethodResolver,13,1,0,11,70,66,2,9,6,0.952898551,1997,0.043478261,7,0.0,0.26666666699999997,0,0,150.84615380000002,14,3.2308,1
apache.xalan.extensions.ExtensionHandlerExsltFunction,8,2,0,14,27,20,0,14,6,0.571428571,189,1.0,2,0.5,0.34920634899999997,1,1,22.25,8,2.375,1
apache.xalan.extensions.ExtensionHandlerJava,3,2,2,3,7,0,2,1,2,0.5,32,1.0,0,0.75,0.666666667,0,0,9.0,1,0.6667,0
apache.xalan.extensions.ExtensionHandlerJavaClass,6,3,0,9,37,0,0,9,5,0.76,505,0.4,0,0.615384615,0.375,2,6,82.33333333,8,2.3333,2
apache.xalan.extensions.ExpressionVisitor,2,2,0,7,6,0,1,6,2,0.0,23,1.0,1,0.923076923,0.625,0,0,10.0,2,1.0,0
apache.xalan.lib.NodeInfo,9,1,0,3,20,36,0,3,9,2.0,204,0.0,0,0.0,0.333333333,0,0,21.66666667,4,2.6667,0
apache.xalan.lib.ExsltDatetime,43,1,0,4,74,903,0,4,36,1.023809524,1326,0.0,0,0.0,0.16860465100000002,0,0,29.65116279,5,1.2791,3
apache.xalan.lib.Extensions,12,1,0,15,62,66,2,13,9,0.9090909090000001,477,0.0,0,0.0,0.25,0,0,38.58333333,5,2.0,1
apache.xalan.lib.ExsltMath,5,1,0,2,18,10,0,2,5,2.0,198,0.0,0,0.0,0.6,0,0,38.6,4,2.0,2
apache.xalan.lib.ExsltCommon,3,1,0,6,6,3,0,6,3,2.0,41,0.0,0,0.0,0.444444444,0,0,12.66666667,6,2.3333,0
apache.xalan.lib.ExsltSets,7,1,0,4,19,21,0,4,7,2.0,158,0.0,0,0.0,0.380952381,0,0,21.57142857,6,2.5714,0
apache.xalan.lib.PipeDocument,3,1,0,11,46,3,0,11,3,2.0,261,0.0,0,0.0,0.46666666700000003,0,0,86.0,1,0.6667,0
apache.xalan.lib.Redirect,7,1,0,11,45,1,0,11,4,0.75,499,0.5,0,0.0,0.571428571,0,0,69.71428571,7,1.7143,0
apache.xalan.lib.sql.XConnection,34,1,0,12,124,211,0,12,28,0.656565657,1600,1.0,3,0.0,0.19607843100000003,0,0,45.79411765,7,1.6176,0
apache.xalan.lib.sql.SQLErrorDocument,4,5,0,5,12,0,1,4,2,0.636363636,179,1.0,0,0.989528796,0.55,1,1,41.0,1,0.5,0
apache.xalan.lib.sql.QueryParameter,5,1,0,1,6,0,1,0,5,0.5,30,1.0,0,0.0,0.8,0,0,4.6,1,0.8,0
apache.xalan.lib.sql.PooledConnection,5,1,0,1,9,0,1,0,5,0.5,41,1.0,0,0.0,0.46666666700000003,0,0,6.8,1,0.8,0
apache.xalan.lib.sql.ConnectionPoolManager,6,1,0,3,16,0,1,2,5,0.3,69,0.0,0,0.0,0.6,0,0,10.16666667,3,1.3333,0
apache.xalan.lib.sql.SQLDocument,10,5,0,8,53,0,1,7,5,0.883141762,1073,1.0,1,0.954545455,0.21111111100000002,2,8,100.5,11,3.4,2
apache.xalan.lib.sql.DefaultConnectionPool,19,1,0,4,47,57,1,3,16,0.7847222220000001,395,1.0,0,0.0,0.218045113,0,0,19.36842105,3,1.2105,3
apache.xalan.lib.sql.ObjectArray,7,1,0,3,19,0,3,1,6,0.25,432,1.0,1,0.0,0.46428571399999996,0,0,60.14285714,3,1.4286,0
apache.xalan.lib.sql.DTMDocument,95,4,2,15,191,0,2,13,66,0.9206219309999999,2509,1.0,2,0.5,0.197894737,1,25,25.27368421,11,2.0421,2
apache.xalan.processor.ProcessorLRE,4,5,0,17,75,6,1,17,3,2.0,468,0.0,0,0.9861111109999999,0.5,4,6,116.0,3,1.25,1
apache.xalan.processor.ProcessorGlobalParamDecl,3,5,0,6,10,3,1,5,1,2.0,30,0.0,0,0.9906976740000001,0.583333333,1,2,9.0,1,0.6667,0
apache.xalan.processor.ProcessorTemplate,2,5,0,6,8,1,1,5,0,2.0,19,0.0,0,0.9953271029999999,0.666666667,1,1,8.5,1,0.5,0
apache.xalan.processor.WhitespaceInfoPaths,4,5,0,5,6,0,2,3,3,0.333333333,23,1.0,0,0.986486486,0.5,0,0,4.5,1,0.75,0
apache.xalan.processor.StylesheetPIHandler,6,2,0,3,26,3,1,2,6,0.7333333329999999,462,0.0,0,0.772727273,0.45833333299999995,1,1,75.0,2,1.0,0
apache.xalan.processor.ProcessorUnknown,3,5,0,3,4,3,1,2,3,2.0,8,0.0,0,0.9906976740000001,0.666666667,1,2,1.6666666669999999,1,0.6667,0
apache.xalan.processor.ProcessorOutputElem,14,4,0,9,40,0,1,8,13,0.076923077,174,1.0,1,0.941704036,0.295918367,2,3,11.35714286,1,0.9286,0
apache.xalan.processor.ProcessorCharacters,5,4,0,9,31,2,2,7,4,0.333333333,151,1.0,1,0.981308411,0.4,1,2,28.6,1,0.8,0
apache.xalan.processor.ProcessorInclude,7,4,1,11,48,15,2,9,3,0.333333333,282,1.0,0,0.9722222220000001,0.5,1,1,39.14285714,1,0.8571,0
apache.xalan.processor.XSLTElementDef,37,1,1,8,57,440,6,4,0,0.793209877,804,0.7222222220000001,3,0.0,0.28918918899999996,0,0,20.24324324,15,2.2162,1
apache.xalan.processor.ProcessorKey,3,4,0,10,34,3,1,9,1,2.0,169,0.0,0,0.990566038,0.666666667,1,1,55.33333333,1,0.6667,0
apache.xalan.processor.ProcessorImport,3,5,0,2,4,3,1,1,0,2.0,10,0.0,0,0.9909502259999999,1.0,1,1,2.333333333,1,0.6667,0
apache.xalan.processor.ProcessorAttributeSet,3,4,0,7,19,3,1,6,2,2.0,54,0.0,0,0.990566038,0.666666667,2,3,17.0,1,0.6667,0
apache.xalan.processor.TransformerFactoryImpl,25,3,0,23,103,210,12,13,20,0.916666667,979,0.35714285700000004,0,0.46511627899999997,0.199074074,1,2,37.6,17,1.76,3
apache.xalan.processor.ProcessorStripSpace,2,5,0,9,14,1,1,8,1,2.0,50,0.0,0,0.995283019,0.625,2,2,24.0,1,0.5,0
apache.xalan.processor.StopParseException,1,4,0,2,2,0,2,0,0,2.0,5,0.0,0,1.0,1.0,0,0,4.0,0,0.0,0
apache.xalan.processor.ProcessorGlobalVariableDecl,3,5,0,6,10,3,1,5,1,2.0,30,0.0,0,0.9906976740000001,0.583333333,1,2,9.0,1,0.6667,0
apache.xalan.processor.StylesheetHandler,71,2,0,47,152,2163,25,25,33,0.941326531,1340,0.75,6,0.197674419,0.108035714,1,1,17.47887324,7,1.3239,1
apache.xalan.processor.ProcessorExsltFuncResult,2,5,0,8,8,1,1,7,2,2.0,57,0.0,0,0.9953271029999999,0.625,1,1,27.5,1,0.5,0
apache.xalan.processor.ProcessorPreserveSpace,2,4,1,9,14,1,2,7,1,2.0,50,0.0,0,0.995260664,0.625,2,2,24.0,1,0.5,0
apache.xalan.processor.ProcessorStylesheetDoc,1,4,0,2,2,0,1,1,1,2.0,4,0.0,0,1.0,1.0,0,0,3.0,0,0.0,0
apache.xalan.processor.XSLTSchema,6,2,0,27,47,3,5,25,2,0.7875,2654,0.03125,0,0.848484848,0.444444444,1,2,436.0,36,6.6667,2
apache.xalan.processor.ProcessorExsltFunction,6,5,0,16,27,15,1,15,4,2.0,193,0.0,0,0.97706422,0.533333333,2,4,31.16666667,6,1.6667,2
apache.xalan.processor.XSLTElementProcessor,15,3,11,21,48,101,17,6,10,0.8214285709999999,280,1.0,2,0.933333333,0.348148148,0,0,17.53333333,1,0.9333,0
apache.xalan.processor.ProcessorTemplateElem,4,4,8,14,23,6,9,5,3,2.0,94,0.0,0,0.9859154929999999,0.55,1,1,22.5,1,0.75,0
apache.xalan.processor.ProcessorDecimalFormat,2,4,0,6,9,1,1,5,1,2.0,27,0.0,0,0.995260664,0.625,2,2,12.5,1,0.5,0
apache.xalan.processor.ProcessorStylesheetElement,3,4,0,9,29,3,2,9,2,2.0,107,0.0,0,0.990566038,0.666666667,1,1,34.66666667,1,0.6667,0
apache.xalan.processor.ProcessorNamespaceAlias,2,4,0,6,17,1,1,5,1,2.0,65,0.0,0,0.995260664,0.625,3,4,31.5,1,0.5,0
apache.xalan.processor.XSLProcessorVersion,3,1,0,2,9,1,2,0,2,1.0,67,0.0,0,0.0,0.5,0,0,19.0,1,0.3333,0
apache.xalan.processor.XSLTAttributeDef,43,1,0,13,91,783,4,9,1,0.9625850340000001,1954,0.166666667,2,0.0,0.328042328,0,0,43.46511628,19,1.5349,1
apache.xalan.processor.ProcessorText,3,5,0,7,10,3,1,6,2,2.0,40,0.0,0,0.9906976740000001,0.583333333,2,4,12.33333333,1,0.6667,0
apache.xalan.res.XSLMessages,15,1,0,92,33,69,90,2,13,0.8367346940000001,442,1.0,0,0.0,0.333333333,0,0,28.0,7,2.5333,0
apache.xalan.res.XSLTErrorResources,8,3,0,1,21,28,1,0,7,1.142857143,430,0.0,0,0.857142857,0.225,0,0,17.375,2,0.875,3
apache.xalan.serialize.Method,1,1,0,0,2,0,0,0,1,2.0,8,0.0,0,0.0,1.0,0,0,3.0,0,0.0,0
apache.xalan.serialize.WriterToASCI,7,2,0,1,13,0,1,0,7,0.0,65,1.0,0,0.684210526,0.342857143,1,2,8.142857142999999,1,0.8571,0
apache.xalan.serialize.SerializerToHTML,22,2,0,10,80,173,2,8,15,0.857142857,2190,0.875,4,0.7752808990000001,0.232804233,2,30,98.18181818,3,1.1364,0
apache.xalan.serialize.WriterToUTF8,7,2,0,1,13,0,1,0,7,0.0,213,1.0,0,0.684210526,0.342857143,1,2,29.28571429,1,0.8571,0
apache.xalan.serialize.SerializerToXML,71,1,2,24,151,1037,8,16,48,0.8784053159999999,2724,0.604651163,6,0.0,0.133333333,0,0,36.76056338,12,1.507,2
apache.xalan.serialize.SerializerFactory,3,1,0,7,14,3,4,3,2,1.0,69,1.0,0,0.0,0.5,0,0,21.66666667,4,1.3333,0
apache.xalan.serialize.Encodings,11,1,0,6,43,23,4,2,8,0.925,419,0.375,1,0.0,0.3,0,0,36.36363636,10,3.1818,1
apache.xalan.serialize.WriterToUTF8Buffered,11,2,0,2,20,0,1,1,9,0.2,632,1.0,0,0.590909091,0.381818182,1,2,56.18181818,1,0.8182,0
apache.xalan.serialize.ElemDesc,4,1,0,2,8,0,1,1,0,1.269230769,80,0.0,1,0.0,0.833333333,0,0,12.5,3,1.75,0
apache.xalan.serialize.EncodingInfo,1,1,0,1,2,0,1,0,1,2.0,16,0.0,0,0.0,1.0,0,0,12.0,0,0.0,0
apache.xalan.serialize.CharInfo,6,1,0,5,39,3,3,2,3,0.86,292,0.4,1,0.0,0.666666667,0,0,46.0,1,0.6667,0
apache.xalan.serialize.SerializerToText,16,2,0,4,24,120,2,2,14,2.0,229,0.0,0,0.8214285709999999,0.3046875,1,7,13.3125,1,0.9375,0
apache.xalan.templates.ElemAttributeSet,8,4,0,10,24,16,6,7,8,0.571428571,97,0.0,1,0.966507177,0.3,2,4,11.0,3,1.125,0
apache.xalan.templates.ElemCallTemplate,13,4,1,16,49,40,1,15,13,0.638888889,352,0.666666667,3,0.946902655,0.18803418800000002,4,11,25.84615385,2,1.1538,0
apache.xalan.templates.ElemWithParam,11,3,0,22,33,15,2,20,10,0.825,168,0.5,2,0.9514563109999999,0.191919192,2,9,13.90909091,3,1.0909,0
apache.xalan.templates.ElemIf,8,3,0,14,27,0,0,14,7,0.28571428600000004,117,1.0,1,0.9655172409999999,0.270833333,2,5,13.5,2,1.0,0
apache.xalan.templates.FuncFormatNumb,5,6,0,16,36,10,1,15,4,2.0,186,0.0,0,0.9411764709999999,0.5,2,8,36.2,1,0.8,0
apache.xalan.templates.ElemEmpty,1,3,0,1,2,0,0,1,1,2.0,4,0.0,0,1.0,1.0,0,0,3.0,0,0.0,0
apache.xalan.templates.XSLTVisitor,9,2,1,21,10,36,20,6,1,2.0,28,0.0,0,0.6,0.314814815,0,0,2.111111111,1,0.8889,0
apache.xalan.templates.ElemTemplateElement,84,2,29,101,125,3056,91,17,75,0.9136546179999999,1279,0.75,3,0.567708333,0.090336134,1,12,14.08333333,9,1.5595,1
apache.xalan.templates.ElemForEach,18,3,1,25,83,79,6,21,17,0.735294118,492,0.5,1,0.920187793,0.136752137,2,6,26.11111111,4,1.2778,2
apache.xalan.templates.ElemElement,13,4,1,15,50,30,2,13,9,0.583333333,388,1.0,2,0.9439252340000001,0.23076923100000002,2,6,28.69230769,8,1.6923,0
apache.xalan.templates.ElemMessage,6,3,0,5,17,3,0,5,6,0.4,60,1.0,0,0.975124378,0.444444444,2,4,8.833333332999999,1,0.8333,0
apache.xalan.templates.AVT,14,1,0,23,44,29,11,13,14,0.7692307690000001,546,1.0,0,0.0,0.206349206,0,0,37.64285714,4,1.8571,0
apache.xalan.templates.VarNameCollector,5,2,0,5,12,0,1,4,4,0.0,34,0.0,0,0.75,0.4,0,0,5.6,1,0.8,0
apache.xalan.templates.AbsPathChecker,4,2,0,8,6,0,1,7,4,0.0,37,1.0,0,0.8,0.45,0,0,8.0,3,1.25,0
apache.xalan.templates.XMLNSDecl,4,1,0,2,5,0,2,0,4,0.666666667,28,1.0,0,0.0,0.5,0,0,5.25,1,0.75,0
apache.xalan.templates.TemplateSubPatternAssociation,15,1,0,8,25,49,2,6,12,0.833333333,139,0.833333333,3,0.0,0.208333333,0,0,7.8666666670000005,6,1.2667,0
apache.xalan.templates.ElemOtherwise,3,3,0,1,4,3,0,1,3,2.0,10,0.0,0,0.98989899,1.0,2,4,2.333333333,1,0.6667,0
apache.xalan.templates.WhiteSpaceInfo,4,4,1,9,8,4,7,4,4,0.666666667,30,1.0,0,0.99086758,0.45,0,0,6.25,1,0.5,0
apache.xalan.templates.ElemTextLiteral,11,3,0,8,20,29,5,4,11,0.825,114,1.0,0,0.9514563109999999,0.340909091,2,5,9.0,2,1.0,0
apache.xalan.templates.ElemNumber,42,3,0,29,135,617,4,28,27,0.860310421,2387,1.0,9,0.830508475,0.136298422,2,6,55.57142857,26,2.0952,0
apache.xalan.templates.ElemCopyOf,9,3,0,20,45,6,0,20,8,0.375,217,0.0,1,0.9607843140000001,0.23809523800000001,2,5,23.0,2,1.0,0
apache.xalan.templates.ElemText,6,3,0,3,11,9,2,1,6,0.6,49,1.0,0,0.975124378,0.444444444,2,5,7.0,3,1.1667,0
apache.xalan.templates.ElemLiteralResult,32,4,2,17,84,354,6,12,28,0.88172043,657,1.0,2,0.86695279,0.180555556,3,19,19.25,10,1.8438,0
apache.xalan.templates.ElemWhen,7,3,0,10,16,9,1,9,6,0.5,55,1.0,1,0.97029703,0.314285714,2,5,6.714285714,2,1.0,0
apache.xalan.templates.ElemExtensionScript,6,3,0,2,7,3,1,1,6,0.6,33,1.0,0,0.975124378,0.666666667,1,2,4.166666667,1,0.8333,0
apache.xalan.templates.FuncKey,3,5,0,17,33,1,1,16,2,0.5,177,1.0,0,0.98245614,0.75,1,7,57.66666667,1,0.3333,0
apache.xalan.templates.AVTPartXPath,7,2,0,14,20,0,1,13,7,0.0,74,1.0,1,0.5,0.25974026,0,0,9.428571429,1,0.7143,0
apache.xalan.templates.StylesheetComposed,11,4,1,17,43,39,11,10,9,0.8,333,1.0,0,0.9642857140000001,0.30909090899999997,1,2,28.90909091,4,1.5455,0
apache.xalan.templates.XUnresolvedVariable,6,3,0,7,23,9,1,7,6,0.833333333,134,1.0,1,0.934210526,0.36111111100000004,2,12,20.33333333,1,0.8333,0
apache.xalan.templates.ElemApplyTemplates,9,5,0,21,84,20,1,21,9,0.6875,586,1.0,1,0.965811966,0.311111111,5,10,63.88888889,1,0.8889,1
apache.xalan.templates.ElemTemplate,22,3,2,29,46,189,24,11,22,0.942857143,179,0.8,4,0.9032258059999999,0.181818182,2,14,6.681818182000001,1,0.9545,0
apache.xalan.templates.ElemCopy,4,4,0,8,24,6,0,8,4,2.0,121,0.0,0,0.9853658540000001,0.625,2,4,29.25,1,0.75,0
apache.xalan.templates.ElemSort,15,3,0,7,26,53,2,5,15,0.7857142859999999,164,1.0,5,0.933333333,0.29333333300000003,2,5,9.6,2,1.0,0
apache.xalan.templates.OutputProperties,42,3,0,18,103,547,12,8,37,0.918292683,1046,0.4,0,0.837606838,0.233062331,0,0,23.42857143,13,2.0,4
apache.xalan.templates.ElemUse,7,3,4,9,16,0,4,6,6,0.166666667,119,1.0,1,0.97029703,0.428571429,0,0,15.85714286,2,1.0,0
apache.xalan.templates.FuncDocument,8,5,0,17,66,28,1,16,6,2.0,543,0.0,0,0.8888888890000001,0.475,3,8,66.875,1,0.875,1
apache.xalan.templates.Constants,1,1,0,0,2,0,0,0,1,2.0,353,0.0,0,0.0,1.0,0,0,3.0,0,0.0,1
apache.xalan.templates.ElemValueOf,11,3,0,17,41,15,3,15,10,0.7,228,1.0,1,0.9514563109999999,0.233766234,2,5,19.45454545,4,1.2727,0
apache.xalan.templates.DecimalFormatProperties,25,3,0,6,49,0,4,3,25,0.520833333,161,0.5,1,0.8909090909999999,0.253333333,1,1,5.36,2,1.0,0
apache.xalan.templates.TemplateList,22,1,0,19,74,121,3,18,9,0.680272109,943,0.857142857,4,0.0,0.18095238100000002,0,0,41.54545455,19,3.0455,0
apache.xalan.templates.ElemExtensionDecl,14,3,0,10,41,27,1,9,14,0.666666667,290,1.0,2,0.9377990429999999,0.25,3,4,19.5,2,1.0714,0
apache.xalan.templates.ElemParam,6,4,0,18,21,15,7,11,6,1.0,80,0.0,0,0.981900452,0.375,3,8,12.16666667,1,0.6667,0
apache.xalan.templates.ElemVariablePsuedo,3,4,0,8,9,1,1,7,3,0.5,26,0.0,1,0.99086758,0.5555555560000001,0,0,7.333333333,1,0.6667,0
apache.xalan.templates.XUnresolvedVariableSimple,4,3,0,6,15,6,1,5,4,2.0,39,0.0,0,0.9594594590000001,0.5,2,12,8.75,1,0.75,0
apache.xalan.templates.NamespaceAlias,10,3,0,6,12,37,6,2,10,0.8888888890000001,52,1.0,0,0.956097561,0.4,1,1,3.8,1,0.9,0
apache.xalan.templates.ElemUnknown,2,5,0,2,3,1,0,2,2,2.0,6,0.0,0,0.995833333,0.75,1,1,2.0,1,0.5,0
apache.xalan.templates.ElemVariable,22,3,3,38,68,155,20,24,19,0.828571429,383,0.8,2,0.907407407,0.168181818,2,15,16.18181818,4,1.0909,1
apache.xalan.templates.AVTPart,7,1,2,8,8,21,3,5,7,2.0,13,0.0,0,0.0,0.30612244899999996,0,0,0.857142857,1,0.8571,0
apache.xalan.templates.ElemPI,8,3,0,10,33,8,0,10,8,0.428571429,164,1.0,1,0.9655172409999999,0.3,2,5,19.375,16,2.75,0
apache.xalan.templates.KeyDeclaration,9,3,0,10,17,16,6,6,9,0.75,79,1.0,3,0.9607843140000001,0.296296296,1,2,7.444444444,1,0.8889,0
apache.xalan.templates.Stylesheet,74,3,2,48,113,2539,38,17,70,0.966051221,1136,0.913043478,4,0.728624535,0.073443008,3,19,14.04054054,16,1.8378,0
apache.xalan.templates.ElemFallback,5,3,0,5,12,10,2,3,5,2.0,39,0.0,0,0.98,0.7,2,4,6.8,1,0.8,0
apache.xalan.templates.ElemComment,5,3,0,4,17,10,0,4,5,2.0,74,0.0,0,0.98,0.46666666700000003,2,5,13.8,16,3.8,0
apache.xalan.templates.ElemExtensionCall,9,5,0,20,50,32,4,17,7,1.025,272,0.0,1,0.9676113359999999,0.351851852,3,7,28.66666667,5,1.5556,2
apache.xalan.templates.ElemApplyImport,5,3,0,6,17,10,0,6,5,2.0,69,0.0,0,0.98,0.46666666700000003,2,5,12.8,1,0.8,0
apache.xalan.templates.ElemChoose,6,3,0,9,26,15,0,9,6,2.0,160,0.0,0,0.975124378,0.444444444,2,5,25.66666667,4,1.3333,0
apache.xalan.templates.AVTPartSimple,5,2,0,6,7,4,1,5,5,0.5,22,1.0,0,0.5555555560000001,0.325,0,0,3.2,1,0.8,0
apache.xalan.templates.StylesheetRoot,50,5,0,59,120,1069,51,25,34,0.939909297,990,0.944444444,11,0.853658537,0.079130435,3,6,18.44,10,1.6,0
apache.xalan.templates.ElemExsltFunction,7,4,0,18,28,15,4,14,6,0.5,166,1.0,0,0.97309417,0.314285714,4,7,22.57142857,1,0.8571,1
apache.xalan.templates.RedundentExprEliminator,38,3,0,29,122,607,1,29,6,0.9,1852,0.0,2,0.35714285700000004,0.194594595,0,0,47.47368421,15,3.7632,0
apache.xalan.templates.ElemAttribute,9,5,0,11,39,36,1,10,6,2.0,195,0.0,0,0.963800905,0.314814815,4,7,20.66666667,16,3.0,2
apache.xalan.templates.ElemExsltFuncResult,5,4,0,10,15,10,3,7,5,2.0,62,0.0,0,0.981900452,0.6,3,7,11.4,3,1.2,1
apache.xalan.trace.EndSelectionEvent,1,2,0,8,2,0,3,5,1,2.0,10,0.0,0,0.0,1.0,0,0,9.0,0,0.0,0
apache.xalan.trace.GenerateEvent,5,1,0,5,6,0,4,1,5,1.0,92,0.0,1,0.0,0.666666667,0,0,13.8,0,0.0,0
apache.xalan.trace.PrintTraceListener,7,1,0,18,47,9,1,17,7,0.7222222220000001,593,0.0,0,0.0,0.333333333,0,0,82.85714286,10,2.4286,1
apache.xalan.trace.TraceManager,13,1,0,40,32,0,27,14,13,0.333333333,293,1.0,1,0.0,0.21153846199999998,0,0,21.38461538,4,1.7692,1
apache.xalan.trace.TracerEvent,3,1,0,7,15,3,4,3,3,1.0,183,0.0,3,0.0,0.38888888899999996,0,0,58.66666667,5,3.3333,0
apache.xalan.trace.SelectionEvent,1,1,1,8,2,0,4,4,1,2.0,28,0.0,4,0.0,1.0,0,0,21.0,0,0.0,0
apache.xalan.transformer.MsgMgr,14,1,0,13,23,55,12,2,13,0.153846154,212,1.0,2,0.0,0.42735042700000003,0,0,14.0,1,0.8571,0
apache.xalan.transformer.KeyManager,2,1,0,10,14,0,2,8,2,0.0,104,1.0,0,0.0,0.583333333,0,0,50.5,1,0.5,0
apache.xalan.transformer.ResultTreeHandler,64,2,0,38,159,878,20,22,58,0.8205128209999999,1706,0.692307692,5,0.088235294,0.126116071,1,1,25.453125,6,1.3906,2
apache.xalan.transformer.NumeratorFormatter,4,1,0,3,11,4,1,3,0,1.095238095,360,0.428571429,3,0.0,0.428571429,0,0,87.25,7,3.5,0
apache.xalan.transformer.StackGuard,7,1,0,7,18,0,3,6,5,0.5,155,0.0,1,0.0,0.45833333299999995,0,0,20.85714286,4,1.4286,1
apache.xalan.transformer.NodeSortKey,1,1,0,6,10,0,3,4,0,2.0,80,0.0,3,0.0,1.0,0,0,71.0,0,0.0,0
apache.xalan.transformer.CountersTable,5,3,0,7,23,8,3,5,2,0.875,198,0.5,1,0.904761905,0.44,0,0,38.2,2,1.2,0
apache.xalan.transformer.TransformerHandlerImpl,36,1,0,9,100,0,2,8,33,0.817582418,914,0.923076923,2,0.0,0.176623377,0,0,24.02777778,7,1.1944,0
apache.xalan.transformer.QueuedEvents,7,1,1,5,10,13,3,2,2,0.8611111109999999,99,0.75,2,0.0,0.571428571,0,0,11.42857143,1,0.8571,0
apache.xalan.transformer.KeyRefIterator,3,7,0,20,26,0,1,19,2,0.0,171,0.75,3,0.985185185,0.444444444,3,4,54.66666667,6,3.0,0
apache.xalan.transformer.TransformSnapshotImpl,2,1,0,13,34,0,1,13,0,0.066666667,283,0.8666666670000001,6,0.0,1.0,0,0,133.0,4,2.0,1
apache.xalan.transformer.XSLInfiniteLoopException,2,1,0,0,3,1,0,0,1,2.0,7,0.0,0,0.0,1.0,0,0,2.5,1,0.5,0
apache.xalan.transformer.Counter,3,1,0,5,8,0,1,4,0,0.833333333,84,0.0,2,0.0,0.46666666700000003,0,0,25.0,4,2.0,0
apache.xalan.transformer.TreeWalker2Result,4,2,0,6,25,0,1,5,2,0.444444444,152,0.0,2,0.727272727,0.5625,1,4,36.25,1,0.75,0
apache.xalan.transformer.TransformerIdentityImpl,43,2,0,12,139,575,1,11,41,0.8639455779999999,1086,0.7857142859999999,2,0.23636363600000002,0.153100775,0,0,23.93023256,2,1.0465,0
apache.xalan.transformer.DecimalToRoman,1,1,0,2,2,0,2,0,1,2.0,20,0.0,0,0.0,1.0,0,0,15.0,0,0.0,0
apache.xalan.transformer.KeyIterator,4,8,0,10,15,2,2,8,3,0.333333333,97,1.0,1,0.978571429,0.4375,2,2,22.75,4,1.5,0
apache.xalan.transformer.KeyTable,5,1,0,10,15,2,1,9,4,0.5,68,1.0,1,0.0,0.342857143,0,0,12.2,1,0.8,1
apache.xalan.transformer.ResultNameSpace,1,1,0,0,2,0,0,0,1,2.0,16,0.0,1,0.0,1.0,0,0,12.0,0,0.0,0
apache.xalan.transformer.TrAXFilter,7,2,0,3,35,1,1,2,6,0.5,199,1.0,1,0.85,0.265306122,1,6,27.14285714,6,1.7143,0
apache.xalan.transformer.SerializerSwitcher,4,1,0,6,23,6,2,4,3,2.0,157,0.0,0,0.0,0.4,0,0,38.25,1,0.75,0
apache.xalan.transformer.NodeSorter,4,1,0,9,28,2,2,8,2,0.333333333,475,0.0,1,0.0,0.583333333,0,0,117.25,1,0.75,0
apache.xalan.transformer.ClonerToResultTree,2,1,0,6,24,1,4,4,2,1.0,118,1.0,2,0.0,0.583333333,0,0,57.0,1,0.5,0
apache.xalan.transformer.XalanProperties,1,1,0,0,2,0,0,0,1,2.0,5,0.0,0,0.0,1.0,0,0,3.0,0,0.0,0
apache.xalan.transformer.TransformerImpl,123,2,0,106,355,6589,67,56,115,0.93969555,3260,0.7142857140000001,18,0.097014925,0.057650272999999995,1,2,25.16260163,5,1.3821,7
apache.xalan.xslt.Process,4,1,0,8,96,6,0,8,2,2.0,1490,0.0,0,0.0,0.25,0,0,371.5,86,22.0,1
apache.xalan.xslt.EnvironmentCheck,22,1,0,1,77,219,1,0,5,0.972789116,2261,0.14285714300000002,0,0.0,0.227513228,0,0,101.1363636,8,3.4091,0
apache.xml.dtm.DTMConfigurationException,6,5,0,2,11,15,1,1,6,2.0,34,0.0,0,1.0,0.625,0,0,4.666666667,0,0.0,0
apache.xml.dtm.DTMManager,21,1,2,43,49,196,36,8,17,0.975,299,0.4,1,0.0,0.15,0,0,12.76190476,10,1.3333,1
apache.xml.dtm.DTMDOMException,2,5,0,3,3,1,3,0,2,2.0,12,0.0,0,1.0,0.833333333,0,0,5.0,0,0.0,0
apache.xml.dtm.DTMAxisTraverser,5,1,12,28,6,10,28,0,5,2.0,19,0.0,0,0.0,0.9,0,0,2.8,1,0.8,0
apache.xml.dtm.DTMException,15,4,1,9,35,0,8,1,15,0.39285714299999996,357,0.0,0,0.62962963,0.311111111,1,2,22.66666667,8,2.0,0
apache.xml.dtm.ref.NodeLocator,6,1,0,1,11,0,1,0,6,0.65,57,1.0,0,0.0,0.444444444,0,0,7.833333333,1,0.8333,0
apache.xml.dtm.ref.DTMDocumentImpl,110,1,0,13,149,5191,0,13,96,0.943807339,1853,0.666666667,8,0.0,0.11983945,0,0,15.62727273,10,1.5364,0
apache.xml.dtm.ref.ChunkedIntArray,9,1,0,3,24,0,2,2,0,0.892857143,353,0.0,1,0.0,0.62962963,0,0,37.44444444,3,1.4444,0
apache.xml.dtm.ref.DTMNodeList,5,1,0,8,17,0,6,2,4,0.4375,115,1.0,2,0.0,0.45,0,0,21.2,4,1.6,2
apache.xml.dtm.ref.DTMTreeWalker,10,1,1,6,41,0,3,3,7,0.333333333,437,0.666666667,1,0.0,0.475,0,0,42.4,1,0.8,0
apache.xml.dtm.ref.IncrementalSAXSource_Filter,42,1,0,10,89,335,6,5,39,0.667917448,875,0.923076923,1,0.0,0.125396825,0,0,19.52380952,6,1.2857,0
apache.xml.dtm.ref.DTMDefaultBaseIterators,3,3,3,40,31,3,30,33,3,2.0,242,0.0,0,0.978723404,0.523809524,0,0,79.66666667,2,1.3333,0
apache.xml.dtm.ref.CoroutineManager,6,1,0,4,17,0,3,1,6,0.7,183,0.0,0,0.0,0.7222222220000001,0,0,28.5,7,1.8333,0
apache.xml.dtm.ref.IncrementalSAXSource_Xerces,14,1,0,9,51,27,1,8,10,0.596153846,755,0.05,0,0.0,0.16239316199999998,0,0,51.5,9,1.5,0
apache.xml.dtm.ref.DTMAxisIteratorBase,16,1,1,24,23,92,22,2,14,0.8888888890000001,133,1.0,0,0.0,0.5625,0,0,6.9375,3,1.125,0
apache.xml.dtm.ref.DTMManagerDefault,16,2,0,25,85,76,6,22,16,0.8,736,0.8,2,0.558823529,0.21590909100000003,1,1,44.6875,25,4.125,0
apache.xml.dtm.ref.DTMStringPool,5,1,2,6,24,0,5,1,5,0.6,419,0.0,1,0.0,0.35,0,0,81.8,8,3.4,0
apache.xml.dtm.ref.DTMNodeProxy,120,1,0,10,148,5942,5,5,118,0.7983193279999999,1019,0.0,1,0.0,0.18580765600000002,0,0,7.466666667,4,1.1833,0
apache.xml.dtm.ref.ExpandedNameTable,10,1,0,15,24,0,13,3,9,0.9707602340000001,247,0.21052631600000002,3,0.0,0.475,0,0,21.8,4,1.5,1
apache.xml.dtm.ref.DTMDefaultBase,97,1,1,64,139,4474,51,14,72,0.941666667,2010,0.96,14,0.0,0.151442308,0,0,19.46391753,12,2.1031,0
apache.xml.dtm.ref.DTMNamedNodeMap,9,1,0,3,16,24,2,2,8,0.708333333,143,0.0,1,0.0,0.4,0,0,14.55555556,3,1.5556,0
apache.xml.dtm.ref.DTMNodeIterator,9,1,0,11,19,0,7,4,9,0.5,101,1.0,1,0.0,0.5555555560000001,0,0,10.0,2,1.0,0
apache.xml.dtm.ref.DTMDefaultBaseTraversers,2,2,1,33,26,1,24,29,2,2.0,213,0.0,0,0.989130435,0.642857143,0,0,105.5,5,2.5,0
apache.xml.dtm.ref.DTMSafeStringPool,5,2,0,2,15,10,1,1,5,2.0,305,0.0,0,0.5,0.35,2,5,60.0,8,2.2,0
apache.xml.dtm.ref.CustomStringPool,4,2,0,1,15,0,0,1,4,0.833333333,62,0.0,0,0.571428571,0.5,1,4,14.0,3,1.5,0
apache.xml.utils.AttList,13,1,0,2,27,0,1,1,13,0.694444444,168,0.0,1,0.0,0.4,0,0,11.69230769,6,1.6923,0
apache.xml.utils.IntStack,10,2,0,6,16,45,5,1,10,2.0,143,0.0,0,0.666666667,0.8,1,14,13.3,2,1.1,1
apache.xml.utils.StringToIntTable,8,1,0,2,12,0,2,0,8,0.523809524,217,0.833333333,0,0.0,0.583333333,0,0,25.375,4,1.875,0
apache.xml.utils.XMLStringFactory,5,1,1,17,6,10,15,2,5,2.0,8,0.0,0,0.0,0.4,0,0,0.6,1,0.8,0
apache.xml.utils.UnImplNode,107,1,1,3,117,5671,2,1,107,2.0,648,0.0,0,0.0,0.191069574,0,0,5.056074766,1,0.9907,0
apache.xml.utils.ElemDesc,4,1,0,0,10,0,0,0,0,1.266666667,90,0.0,0,0.0,0.833333333,0,0,15.25,4,2.0,0
apache.xml.utils.URI,42,1,0,3,68,375,1,2,29,0.780487805,2042,1.0,0,0.0,0.22648083600000002,0,0,47.33333333,33,3.1429,1
apache.xml.utils.NamespaceSupport2,11,2,0,5,26,0,4,2,11,0.55,127,0.5,1,0.583333333,0.409090909,1,3,10.36363636,3,1.3636,0
apache.xml.utils.StringVector,11,1,0,8,15,0,8,0,11,0.425,234,1.0,0,0.0,0.515151515,0,0,19.90909091,4,1.7273,0
apache.xml.utils.StringBufferPool,5,1,0,6,13,4,4,2,3,0.75,44,0.5,1,0.0,0.25,0,0,7.4,1,0.6,0
apache.xml.utils.QName,28,1,0,54,49,268,50,4,28,0.5629629629999999,732,0.8,0,0.0,0.28571428600000004,1,1,24.96428571,9,1.4286,0
apache.xml.utils.SuballocatedIntVector,18,1,0,13,20,3,13,0,11,0.294117647,860,1.0,0,0.0,0.916666667,0,0,46.38888889,8,3.1111,0
apache.xml.utils.FastStringBuffer,28,1,0,20,42,0,19,1,21,0.62962963,1676,0.0625,1,0.0,0.242798354,0,0,58.28571429,11,3.0,1
apache.xml.utils.DOMBuilder,30,1,0,4,62,223,2,2,28,0.634482759,460,0.6,0,0.0,0.2,0,0,14.16666667,5,1.0667,0
apache.xml.utils.NSInfo,3,1,0,1,4,0,1,0,3,0.642857143,55,0.0,0,0.0,0.666666667,0,0,15.0,0,0.0,0
apache.xml.utils.SAXSourceLocator,8,2,0,17,29,0,17,0,8,0.28571428600000004,119,0.0,0,0.666666667,0.34375,0,0,13.75,2,1.0,0
apache.xml.utils.CharKey,5,1,0,1,6,0,1,0,5,0.25,32,1.0,0,0.0,0.533333333,1,1,5.2,2,0.8,0
apache.xml.utils.StringToStringTableVector,10,1,0,1,14,0,0,1,10,0.472222222,180,1.0,1,0.0,0.4,0,0,16.6,3,1.6,0
apache.xml.utils.PrefixResolverDefault,5,1,0,4,17,8,3,1,5,1.0,108,0.0,0,0.0,0.6,0,0,20.2,12,3.0,0
apache.xml.utils.ListingErrorHandler,17,1,0,4,52,50,0,4,16,0.65625,569,1.0,0,0.0,0.19607843100000003,0,0,32.23529412,14,1.8824,0
apache.xml.utils.SystemIDResolver,4,1,0,14,23,6,12,2,4,2.0,295,0.0,0,0.0,0.5,0,0,72.75,6,2.0,1
apache.xml.utils.Trie,3,1,0,2,8,0,2,1,3,0.75,100,0.0,1,0.0,0.666666667,0,0,31.66666667,4,2.3333,0
apache.xml.utils.IntVector,18,1,1,4,20,0,4,0,18,0.382352941,458,1.0,0,0.0,0.916666667,0,0,24.22222222,4,1.8889,1
apache.xml.utils.ObjectPool,7,1,0,4,20,0,2,2,7,0.166666667,119,1.0,0,0.0,0.342857143,0,0,15.71428571,2,0.7143,0
apache.xml.utils.StringToStringTable,11,1,0,1,15,0,1,0,11,0.45,286,1.0,0,0.0,0.606060606,0,0,24.63636364,4,2.1818,0
apache.xml.utils.NameSpace,1,1,0,1,2,0,1,0,1,2.0,16,0.0,1,0.0,1.0,0,0,12.0,0,0.0,0
apache.xml.utils.XMLChar,23,1,0,2,26,181,2,0,22,0.97979798,3198,0.0,0,0.0,0.25,0,0,137.6521739,17,3.9130000000000003,0
apache.xml.utils.NodeVector,30,1,1,7,33,0,7,0,30,0.422413793,933,1.0,0,0.0,0.4,0,0,29.96666667,5,2.1667,0
apache.xml.utils.SerializableLocatorImpl,10,1,0,0,15,37,0,0,10,0.7777777779999999,64,1.0,0,0.0,0.375,0,0,5.0,1,0.8,0
apache.xml.utils.DefaultErrorHandler,13,1,1,13,36,58,10,3,13,0.666666667,260,0.0,0,0.0,0.307692308,0,0,18.92307692,11,2.0,0
apache.xml.utils.SuballocatedByteVector,18,1,0,0,20,3,0,0,10,0.329411765,833,1.0,0,0.0,0.685185185,0,0,45.0,8,3.1111,0
apache.xml.utils.WrappedRuntimeException,3,4,0,35,5,0,35,0,3,0.0,22,1.0,0,0.944444444,0.666666667,0,0,6.0,1,0.3333,0
apache.xml.utils.MutableAttrListImpl,5,2,0,2,18,10,2,0,5,2.0,107,0.0,0,0.8888888890000001,0.6,1,2,20.4,4,1.8,0
apache.xml.utils.TreeWalker,10,1,0,12,59,0,7,5,7,0.305555556,596,0.75,1,0.0,0.44,0,0,58.2,1,0.7,0
apache.xml.utils.XMLCharacterRecognizer,5,1,0,8,10,10,8,0,5,2.0,85,0.0,0,0.0,0.2,0,0,16.0,5,3.0,0
apache.xml.utils.WrongParserException,1,4,0,0,2,0,0,0,1,2.0,5,0.0,0,1.0,1.0,0,0,4.0,0,0.0,0
apache.xml.utils.PrefixForUriEnumerator,3,1,0,1,9,0,1,1,2,0.0,67,1.0,1,0.0,0.5,0,0,20.0,3,1.6667,0
apache.xml.utils.Context2,12,1,0,1,26,0,1,0,0,0.681818182,365,0.5,2,0.0,0.409090909,0,0,28.58333333,10,2.5,0
apache.xml.utils.Hashtree2Node,2,1,0,1,22,1,1,0,2,2.0,145,0.0,0,0.0,0.5,0,0,71.5,8,4.0,0
apache.xml.utils.BoolStack,13,1,0,6,16,0,6,0,12,0.36111111100000004,160,1.0,0,0.0,0.41025641,0,0,11.07692308,2,1.2308,0
apache.xml.utils.res.XResources_ja_JP_A,3,4,0,1,4,1,0,1,2,0.5,599,0.0,0,0.976190476,1.0,0,0,198.33333330000002,1,0.3333,0
apache.xml.utils.res.XResources_cy,3,4,0,1,4,1,0,1,2,0.5,583,0.0,0,0.976190476,1.0,0,0,193.0,1,0.3333,0
apache.xml.utils.res.XResources_ka,3,4,0,1,4,1,0,1,2,0.5,614,0.0,0,0.976190476,1.0,0,0,203.33333330000002,1,0.3333,0
apache.xml.utils.res.XResources_zh_TW,3,4,0,1,4,1,0,1,2,0.5,499,0.0,0,0.976190476,1.0,0,0,165.0,1,0.3333,0
apache.xml.utils.res.XResources_he,3,4,0,1,4,1,0,1,2,0.5,426,0.0,0,0.976190476,1.0,0,0,140.66666669999998,1,0.3333,0
apache.xml.utils.res.XResources_ja_JP_HA,3,4,0,1,4,1,0,1,2,0.5,599,0.0,0,0.976190476,1.0,0,0,198.33333330000002,1,0.3333,0
apache.xml.utils.res.XResourceBundle,5,3,12,13,16,8,13,0,3,1.223684211,424,0.0,0,0.926829268,0.41666666700000005,0,0,80.0,3,1.0,0
apache.xml.utils.res.XResources_ja_JP_I,3,4,0,1,4,1,0,1,2,0.5,595,0.0,0,0.976190476,1.0,0,0,197.0,1,0.3333,0
apache.xml.utils.res.XResources_ja_JP_HI,3,4,0,1,4,1,0,1,2,0.5,595,0.0,0,0.976190476,1.0,0,0,197.0,1,0.3333,0
apache.xml.utils.res.XResources_en,3,4,0,1,4,1,0,1,2,0.5,314,0.0,0,0.976190476,1.0,0,0,103.33333329999999,1,0.3333,0
apache.xml.utils.res.XResources_el,3,4,0,1,4,1,0,1,2,0.5,575,0.0,0,0.976190476,1.0,0,0,190.33333330000002,1,0.3333,0
apache.xml.utils.res.XResources_hy,3,4,0,1,4,1,0,1,2,0.5,614,0.0,0,0.976190476,1.0,0,0,203.33333330000002,1,0.3333,0
apache.xml.utils.res.XResources_zh_CN,3,4,0,1,4,1,0,1,2,0.5,499,0.0,0,0.976190476,1.0,0,0,165.0,1,0.3333,0
apache.xpath.XPathException,13,4,1,6,25,8,4,2,12,0.541666667,257,0.5,0,0.771428571,0.269230769,2,4,18.61538462,5,1.8462,0
apache.xpath.VariableStack,22,1,0,27,42,0,20,9,21,0.682539683,476,0.333333333,2,0.0,0.365079365,0,0,20.36363636,3,1.0,0
apache.xpath.NodeSet,61,1,0,8,71,714,4,4,60,0.629166667,1450,0.875,0,0.0,0.219262295,0,0,22.63934426,9,2.2131,0
apache.xpath.Expression,32,1,6,106,57,466,98,11,31,0.806451613,276,1.0,1,0.0,0.16346153800000002,0,0,7.59375,3,1.2813,0
apache.xpath.XPathAPI,10,1,0,6,21,45,1,5,10,2.0,116,0.0,0,0.0,0.5,0,0,10.6,1,0.9,0
apache.xpath.XPath,17,1,0,60,64,78,44,16,17,0.96875,462,0.2,1,0.0,0.21176470600000002,0,0,25.58823529,2,0.9412,0
apache.xpath.XPathVisitor,13,1,5,42,14,78,40,13,13,2.0,40,0.0,0,0.0,0.203296703,0,0,2.076923077,1,0.9231,0
apache.xpath.DOMHelper,26,1,1,17,84,315,12,5,23,0.8844444440000001,1119,0.8888888890000001,6,0.0,0.22,0,0,41.69230769,40,4.9615,0
apache.xpath.XPathProcessorException,2,5,0,4,4,1,3,1,2,2.0,11,0.0,0,1.0,0.833333333,0,0,4.5,0,0.0,0
apache.xpath.FoundIndex,1,4,0,0,2,0,0,0,1,2.0,4,0.0,0,1.0,1.0,0,0,3.0,0,0.0,0
apache.xpath.XPathContext,81,2,1,171,136,2426,155,22,78,0.936206897,1294,0.793103448,11,0.19587628899999998,0.069318182,0,0,14.61728395,5,1.2716,3
apache.xpath.SourceTreeManager,13,1,0,8,45,42,4,5,13,0.625,345,0.5,0,0.0,0.340659341,0,0,25.38461538,5,1.8462,0
apache.xpath.SourceTree,1,1,0,1,2,0,1,0,1,2.0,12,0.0,0,0.0,1.0,0,0,9.0,0,0.0,0
apache.xpath.Arg,15,1,0,3,21,0,1,2,15,0.628571429,158,1.0,2,0.0,0.311111111,0,0,9.2,2,0.8667,0
apache.xpath.DOM2Helper,11,2,1,13,29,53,10,3,11,0.8,125,1.0,0,0.705882353,0.327272727,1,5,10.27272727,4,1.4545,0
apache.xpath.CachedXPathAPI,12,1,0,5,23,54,0,5,12,0.454545455,139,1.0,1,0.0,0.533333333,0,0,10.5,1,0.8333,0
apache.xpath.NodeSetDTM,56,2,1,21,84,714,14,7,56,0.7393939390000001,839,0.833333333,1,0.363636364,0.16071428599999998,1,4,13.875,9,1.5714,0
apache.xpath.axes.AttributeIterator,3,7,0,5,6,3,1,4,1,2.0,31,0.0,0,0.985185185,0.5555555560000001,3,5,9.333333332999999,2,1.0,0
apache.xpath.axes.WalkerFactory,51,1,0,27,115,1275,11,25,40,1.02,2159,0.0,0,0.0,0.181372549,0,0,40.82352941,18,3.3333,1
apache.xpath.axes.NodeSequence,37,3,1,18,68,218,10,8,34,0.625,693,1.0,2,0.682692308,0.171171171,2,9,17.62162162,12,2.2432,4
apache.xpath.axes.ReverseAxesWalker,8,5,0,8,24,26,1,7,4,0.571428571,200,1.0,1,0.9363636359999999,0.4375,2,8,23.875,4,1.875,1
apache.xpath.axes.FilterExprIteratorSimple,16,5,0,19,44,8,4,16,14,0.75,261,1.0,2,0.8992805759999999,0.18125,3,10,15.0625,4,1.4375,0
apache.xpath.axes.MatchPatternIterator,5,5,0,13,23,4,1,13,3,0.75,251,1.0,2,0.968992248,0.44,1,5,48.4,10,3.0,1
apache.xpath.axes.LocPathIterator,52,4,8,46,84,1030,28,22,45,0.85130719,658,0.833333333,4,0.616,0.145104895,2,9,11.42307692,10,1.3846,1
apache.xpath.axes.ChildTestIterator,6,6,5,13,13,3,7,7,4,0.4,65,1.0,1,0.96969697,0.36666666700000006,2,4,9.666666667000001,2,0.8333,1
apache.xpath.axes.BasicTestIterator,7,5,2,12,23,21,3,10,2,2.0,163,0.0,0,0.9765625,0.37142857100000004,2,4,22.28571429,11,1.8571,0
apache.xpath.axes.OneStepIteratorForward,6,7,2,13,16,0,4,10,4,0.2,94,1.0,0,0.97080292,0.4,4,10,14.5,3,1.1667,0
apache.xpath.axes.RTFIterator,2,8,0,4,4,1,2,2,1,2.0,12,0.0,0,1.0,0.833333333,0,0,5.0,0,0.0,1
apache.xpath.axes.IteratorPool,4,1,0,4,13,0,2,2,4,0.166666667,76,1.0,1,0.0,0.75,0,0,17.5,2,1.0,0
apache.xpath.axes.OneStepIterator,12,7,0,16,35,6,3,14,8,0.409090909,230,1.0,1,0.93006993,0.291666667,4,13,18.0,5,1.6667,2
apache.xpath.axes.ChildIterator,4,5,0,6,9,6,1,5,3,2.0,64,0.0,0,0.9765625,0.4375,1,6,15.0,4,1.5,0
apache.xpath.axes.SelfIteratorNoPredicate,5,5,0,9,8,10,3,6,4,2.0,52,0.0,0,0.9765625,0.45,1,4,9.4,3,1.0,1
apache.xpath.axes.WalkingIterator,17,5,1,19,41,0,8,13,16,0.4375,281,1.0,2,0.892857143,0.165775401,2,9,15.41176471,7,1.8824,0
apache.xpath.axes.UnionChildIterator,3,7,0,11,14,0,1,10,3,0.0,119,1.0,0,0.985185185,0.5555555560000001,3,3,38.33333333,5,2.3333,0
apache.xpath.axes.FilterExprWalker,18,5,0,22,48,19,5,18,16,0.75,244,1.0,2,0.8583333329999999,0.185185185,4,14,12.33333333,3,1.3333,0
apache.xpath.axes.DescendantIterator,9,5,0,14,43,0,2,12,8,0.583333333,426,1.0,1,0.946969697,0.27777777800000003,3,11,46.0,14,2.7778,1
apache.xpath.axes.UnionPathIterator,16,5,0,23,52,46,4,22,13,0.6,561,1.0,2,0.8992805759999999,0.2,2,13,33.9375,9,2.4375,1
apache.xpath.axes.HasPositionalPredChecker,4,2,0,18,7,0,1,17,4,0.166666667,93,1.0,0,0.8,0.4,0,0,21.75,12,4.0,0
apache.xpath.axes.WalkingIteratorSorted,5,6,0,5,13,0,1,5,3,0.25,129,1.0,0,0.9790209790000001,0.36666666700000006,1,1,24.6,17,4.0,0
apache.xpath.axes.FilterExprIterator,14,6,0,15,32,0,1,15,11,0.7307692309999999,163,1.0,2,0.914285714,0.234693878,4,8,10.35714286,3,1.2143,0
apache.xpath.axes.AxesWalker,27,4,2,21,53,257,8,15,23,0.807692308,451,0.625,4,0.7475728159999999,0.13888888900000002,1,4,15.40740741,5,1.5926,1
apache.xpath.compiler.Lexer,10,1,0,5,25,3,1,5,0,0.611111111,815,0.5,3,0.0,0.3125,0,0,79.9,11,2.8,1
apache.xpath.compiler.XPathParser,58,1,0,13,88,0,4,10,5,0.679425837,3479,0.454545455,2,0.0,0.163793103,0,0,58.79310345,6,1.4828,1
apache.xpath.compiler.Keywords,3,1,0,4,9,1,4,0,2,1.456896552,583,0.896551724,0,0.0,0.5,0,0,174.0,3,1.0,0
apache.xpath.compiler.OpMap,21,1,1,12,29,76,11,1,20,0.8583333329999999,409,0.166666667,0,0.0,0.404761905,0,0,18.19047619,8,1.6667,1
apache.xpath.compiler.FuncLoader,3,1,0,3,11,0,2,1,3,0.5,64,1.0,0,0.0,0.5555555560000001,0,0,19.66666667,1,0.6667,0
apache.xpath.compiler.XPathDumper,1,1,0,0,2,0,0,0,1,2.0,4,0.0,0,0.0,1.0,0,0,3.0,0,0.0,0
apache.xpath.compiler.Compiler,45,2,0,60,111,932,24,40,15,0.568181818,1193,0.6,1,0.328125,0.175925926,0,0,25.4,12,1.2222,1
apache.xpath.compiler.PsuedoNames,1,1,0,0,2,0,0,0,1,2.0,10,0.0,0,0.0,1.0,0,0,3.0,0,0.0,0
apache.xpath.compiler.FunctionTable,5,1,0,7,14,0,3,4,4,1.211538462,391,0.051282050999999995,1,0.0,0.375,0,0,69.4,2,0.8,0
apache.xpath.compiler.OpCodes,1,1,0,0,2,0,0,0,1,2.0,68,0.015625,0,0.0,1.0,0,0,3.0,0,0.0,0
apache.xpath.functions.FuncStartsWith,2,5,0,7,6,1,0,7,2,2.0,21,0.0,0,0.98245614,0.75,1,6,9.5,1,0.5,0
apache.xpath.functions.FuncLocalPart,2,5,0,5,9,1,0,5,2,2.0,42,0.0,0,0.982142857,0.75,3,8,20.0,1,0.5,0
apache.xpath.functions.Function2Args,9,4,7,20,23,6,12,9,8,0.375,123,0.0,1,0.857142857,0.355555556,3,9,12.55555556,6,1.7778,0
apache.xpath.functions.FuncNormalizeSpace,3,5,0,6,11,3,0,6,3,2.0,45,0.0,0,0.9649122809999999,0.666666667,2,7,14.0,1,0.6667,0
apache.xpath.functions.FuncFloor,2,4,0,5,7,1,0,5,2,2.0,15,0.0,0,0.9795918370000001,0.75,1,6,6.5,1,0.5,0
apache.xpath.functions.FuncSum,2,4,0,8,11,1,0,8,2,2.0,44,0.0,0,0.9795918370000001,0.75,1,6,21.0,1,0.5,0
apache.xpath.functions.FuncExtElementAvailable,2,4,0,10,17,1,0,10,2,2.0,87,0.0,0,0.9795918370000001,0.75,2,7,42.5,1,0.5,0
apache.xpath.functions.FuncConcat,4,7,0,10,13,6,0,10,3,2.0,81,0.0,0,0.96,0.5,3,8,19.25,1,0.75,0
apache.xpath.functions.FuncContains,2,5,0,6,7,1,0,6,2,2.0,36,0.0,0,0.98245614,0.75,1,6,17.0,1,0.5,0
apache.xpath.functions.FuncCurrent,3,3,0,10,12,3,1,9,3,2.0,50,0.0,0,0.95,0.5,1,6,15.66666667,1,0.6667,0
apache.xpath.functions.FuncDoclocation,2,5,0,5,9,1,0,5,2,2.0,43,0.0,0,0.982142857,0.75,2,7,20.5,1,0.5,0
apache.xpath.functions.FuncNot,2,4,0,5,5,1,0,5,2,2.0,15,0.0,0,0.9795918370000001,0.75,1,6,6.5,1,0.5,0
apache.xpath.functions.FuncString,2,5,0,5,4,1,0,5,2,2.0,10,0.0,0,0.982142857,0.75,2,7,4.0,1,0.5,0
apache.xpath.functions.FuncExtFunctionAvailable,2,4,0,8,14,1,0,8,2,2.0,72,0.0,0,0.9795918370000001,0.75,2,7,35.0,1,0.5,0
apache.xpath.functions.FuncCeiling,2,4,0,5,7,1,0,5,2,2.0,15,0.0,0,0.9795918370000001,0.75,1,6,6.5,1,0.5,0
apache.xpath.functions.FuncRound,2,4,0,5,7,1,0,5,2,2.0,17,0.0,0,0.9795918370000001,0.75,1,6,7.5,1,0.5,0
apache.xpath.functions.FuncFalse,3,3,0,4,4,3,0,4,3,2.0,9,0.0,0,0.95,0.5,1,6,2.0,1,0.6667,0
apache.xpath.functions.FunctionDef1Arg,8,4,9,18,21,28,9,9,4,2.0,110,0.0,0,0.872727273,0.5,2,5,12.75,2,1.125,0
apache.xpath.functions.FuncStringLength,2,5,0,5,6,1,0,5,2,2.0,14,0.0,0,0.982142857,0.75,2,7,6.0,1,0.5,0
apache.xpath.functions.FuncLang,2,4,0,6,15,1,0,6,2,2.0,73,0.0,0,0.9795918370000001,0.75,1,6,35.5,1,0.5,0
apache.xpath.functions.Function,9,2,7,21,15,36,15,8,8,2.0,51,0.0,0,0.7894736840000001,0.28571428600000004,1,7,4.666666667,2,1.1111,0
apache.xpath.functions.FuncSubstring,4,6,0,10,16,6,0,10,3,2.0,113,0.0,0,0.9552238809999999,0.5,2,8,27.25,1,0.75,0
apache.xpath.functions.FunctionOneArg,11,3,15,33,20,0,25,8,10,0.3,113,0.0,1,0.791666667,0.345454545,2,4,9.181818182,6,1.5455,0
apache.xpath.functions.FuncBoolean,2,4,0,5,5,1,0,5,2,2.0,15,0.0,0,0.9795918370000001,0.75,1,6,6.5,1,0.5,0
apache.xpath.functions.FuncExtFunction,8,3,0,11,21,8,3,8,7,0.7142857140000001,137,0.0,0,0.8444444440000001,0.28571428600000004,2,8,15.625,3,1.125,2
apache.xpath.functions.FuncTrue,3,3,0,4,4,3,0,4,3,2.0,9,0.0,0,0.95,0.5,1,6,2.0,1,0.6667,0
apache.xpath.functions.FuncPosition,5,3,0,9,17,8,1,8,5,0.5,92,1.0,0,0.904761905,0.4,1,6,17.2,8,2.4,0
apache.xpath.functions.FuncCount,2,4,0,6,8,1,0,6,2,2.0,23,0.0,0,0.9795918370000001,0.75,1,6,10.5,1,0.5,0
apache.xpath.functions.FuncGenerateId,2,5,0,4,10,1,0,4,2,2.0,28,0.0,0,0.982142857,0.75,2,7,13.0,1,0.5,0
apache.xpath.functions.FuncUnparsedEntityURI,2,4,0,6,10,1,0,6,2,2.0,30,0.0,0,0.9795918370000001,0.75,1,6,14.0,1,0.5,0
apache.xpath.functions.FuncLast,5,3,0,8,12,8,1,7,5,0.5,59,1.0,0,0.904761905,0.4,1,6,10.6,2,1.0,0
apache.xpath.functions.FuncId,3,4,0,11,27,3,0,11,2,2.0,169,0.0,0,0.96,0.47619047600000003,1,6,55.33333333,8,3.0,0
apache.xpath.functions.FuncSubstringAfter,2,5,0,7,8,1,0,7,2,2.0,34,0.0,0,0.98245614,0.75,1,6,16.0,1,0.5,0
apache.xpath.functions.FuncNumber,2,5,0,4,5,1,0,4,2,2.0,12,0.0,0,0.982142857,0.75,2,7,5.0,1,0.5,0
apache.xpath.functions.FunctionMultiArgs,8,6,1,10,23,8,2,9,7,0.428571429,214,0.0,1,0.9014084509999999,0.375,5,22,25.625,7,2.5,1
apache.xpath.functions.FuncNamespace,2,5,0,5,11,1,0,5,2,2.0,65,0.0,0,0.982142857,0.75,3,8,31.5,1,0.5,0
apache.xpath.functions.FuncQname,2,5,0,5,7,1,0,5,2,2.0,35,0.0,0,0.982142857,0.75,2,7,16.5,1,0.5,0
apache.xpath.functions.FuncSystemProperty,5,4,0,8,37,6,0,8,3,0.65,253,0.4,0,0.9411764709999999,0.4375,2,7,48.6,4,1.2,0
apache.xpath.functions.FuncSubstringBefore,2,5,0,6,8,1,0,6,2,2.0,34,0.0,0,0.98245614,0.75,1,6,16.0,1,0.5,0
apache.xpath.functions.WrongNumberArgsException,1,3,0,12,2,0,12,0,1,2.0,5,0.0,0,1.0,1.0,0,0,4.0,0,0.0,0
apache.xpath.functions.FuncTranslate,2,6,0,7,12,1,0,7,2,2.0,70,0.0,0,0.984615385,0.75,1,6,34.0,1,0.5,0
apache.xpath.functions.Function3Args,9,5,4,14,23,6,6,9,8,0.375,124,0.0,1,0.875,0.355555556,4,15,12.66666667,6,1.7778,0
apache.xpath.objects.XNodeSetForDOM,7,5,0,7,18,0,1,6,7,0.0,115,0.0,0,0.9784172659999999,0.28571428600000004,3,14,15.28571429,1,0.4286,0
apache.xpath.objects.Comparator,3,1,6,8,4,3,7,1,0,2.0,6,0.0,0,0.0,0.5555555560000001,0,0,1.0,1,0.6667,0
apache.xpath.objects.XStringForChars,12,4,0,5,22,4,1,4,11,0.484848485,148,0.333333333,0,0.921875,0.25,3,15,11.08333333,2,1.0,0
apache.xpath.objects.EqualComparator,3,2,0,3,5,3,1,2,0,2.0,18,0.0,0,0.5,0.5555555560000001,0,0,5.0,2,1.0,0
apache.xpath.objects.XRTreeFrag,19,3,1,21,43,87,6,15,18,0.6,336,0.2,3,0.816091954,0.184210526,2,24,16.42105263,9,1.6842,1
apache.xpath.objects.XBooleanStatic,2,4,0,5,5,0,3,3,2,0.0,25,0.0,0,0.9873417720000001,0.666666667,2,3,11.0,2,1.0,0
apache.xpath.objects.XObjectFactory,3,1,0,13,19,3,1,13,3,2.0,207,0.0,0,0.0,0.444444444,0,0,68.0,11,5.3333,0
apache.xpath.objects.XNull,8,5,0,5,10,28,2,3,8,2.0,31,0.0,0,0.951048951,0.41666666700000005,3,19,2.875,2,1.0,0
apache.xpath.objects.XNodeSet,33,4,2,42,74,516,24,19,31,0.96875,600,0.0,6,0.8014705879999999,0.173611111,3,29,17.0,2,1.1515,2
apache.xpath.objects.GreaterThanComparator,3,2,0,3,5,3,1,2,0,2.0,24,0.0,0,0.5,0.5555555560000001,0,0,7.0,2,1.3333,0
apache.xpath.objects.GreaterThanOrEqualComparator,3,2,0,3,5,3,1,2,0,2.0,24,0.0,0,0.5,0.5555555560000001,0,0,7.0,2,1.3333,0
apache.xpath.objects.XNumber,13,3,0,41,36,22,37,5,12,0.41666666700000005,307,0.0,0,0.8658536590000001,0.182692308,2,22,22.53846154,11,2.3077,2
apache.xpath.objects.LessThanComparator,3,2,0,3,5,3,1,2,0,2.0,24,0.0,0,0.5,0.5555555560000001,0,0,7.0,2,1.3333,0
apache.xpath.objects.XString,49,3,2,43,100,1176,34,12,46,1.0,743,0.0,1,0.606837607,0.12222222199999999,3,21,14.14285714,16,1.8571,0
apache.xpath.objects.LessThanOrEqualComparator,3,2,0,3,5,3,1,2,0,2.0,24,0.0,0,0.5,0.5555555560000001,0,0,7.0,2,1.3333,0
apache.xpath.objects.XBoolean,10,3,1,26,17,1,24,3,9,0.703703704,99,0.0,2,0.91025641,0.333333333,2,22,8.6,3,1.3,1
apache.xpath.objects.XObject,42,2,7,146,68,819,133,15,40,0.9539295390000001,465,0.111111111,0,0.428571429,0.12087912099999999,2,8,9.857142857000001,4,1.1667,0
apache.xpath.objects.XRTreeFragSelectWrapper,10,4,0,8,23,25,1,7,10,0.5555555560000001,86,0.0,1,0.905263158,0.28,3,22,7.5,2,1.0,2
apache.xpath.objects.XStringForFSB,31,4,0,10,57,117,1,10,29,0.5,904,0.5,0,0.802721088,0.150537634,4,20,28.03225806,15,3.0,1
apache.xpath.objects.NotEqualComparator,3,2,0,3,5,3,1,2,0,2.0,22,0.0,0,0.5,0.5555555560000001,0,0,6.333333333,2,1.3333,0
apache.xpath.objects.XMLStringFactoryImpl,7,2,0,8,11,19,4,6,6,0.833333333,39,1.0,1,0.444444444,0.333333333,0,0,4.428571429,1,0.7143,0
apache.xpath.operations.Bool,3,3,0,6,7,3,1,5,3,2.0,24,0.0,0,0.9523809520000001,0.5555555560000001,1,1,7.0,1,0.6667,0
apache.xpath.operations.Or,3,3,0,6,7,3,1,5,3,2.0,42,0.0,0,0.953488372,0.833333333,1,6,13.0,1,0.6667,0
apache.xpath.operations.Number,3,3,0,7,8,3,2,5,3,2.0,23,0.0,0,0.9523809520000001,0.5555555560000001,1,1,6.666666667,1,0.6667,0
apache.xpath.operations.Gt,2,3,0,4,4,1,1,3,2,2.0,13,0.0,0,0.976190476,0.75,1,1,5.5,1,0.5,0
apache.xpath.operations.Minus,3,3,0,7,7,3,2,5,3,2.0,25,0.0,0,0.953488372,0.5555555560000001,1,1,7.333333333,1,0.6667,0
apache.xpath.operations.Operation,12,2,14,23,23,0,17,8,12,0.363636364,149,1.0,2,0.731707317,0.21875,1,7,11.25,5,1.5833,0
apache.xpath.operations.Quo,2,3,0,4,5,1,1,3,2,2.0,16,0.0,0,0.976190476,0.75,1,1,7.0,1,0.5,0
apache.xpath.operations.And,3,3,0,6,7,3,1,5,3,2.0,42,0.0,0,0.953488372,0.833333333,1,6,13.0,1,0.6667,0
apache.xpath.operations.NotEquals,2,3,0,4,4,1,1,3,2,2.0,13,0.0,0,0.976190476,0.75,1,1,5.5,1,0.5,0
apache.xpath.operations.Mult,3,3,0,7,7,3,2,5,3,2.0,25,0.0,0,0.953488372,0.5555555560000001,1,1,7.333333333,1,0.6667,0
apache.xpath.operations.VariableSafeAbsRef,2,3,0,10,11,1,1,9,2,2.0,39,0.0,0,0.97826087,0.666666667,1,1,18.5,1,0.5,0
apache.xpath.operations.Lte,2,3,0,4,4,1,1,3,2,2.0,13,0.0,0,0.976190476,0.75,1,1,5.5,1,0.5,0
apache.xpath.operations.Lt,2,3,0,4,4,1,1,3,2,2.0,13,0.0,0,0.976190476,0.75,1,1,5.5,1,0.5,0
apache.xpath.operations.UnaryOperation,11,2,4,12,20,0,6,7,11,0.2,88,1.0,1,0.75,0.22727272699999998,1,7,6.909090909,3,1.3636,0
apache.xpath.operations.String,2,3,0,5,4,1,1,4,2,2.0,9,0.0,0,0.975609756,0.75,1,1,3.5,1,0.5,0
apache.xpath.operations.Mod,3,3,0,7,7,3,2,5,3,2.0,25,0.0,0,0.953488372,0.5555555560000001,1,1,7.333333333,1,0.6667,0
apache.xpath.operations.Variable,16,2,1,25,51,50,7,19,16,0.7466666670000001,356,0.8,1,0.666666667,0.1875,2,9,20.9375,9,2.25,0
apache.xpath.operations.Neg,3,3,0,6,7,3,1,5,3,2.0,19,0.0,0,0.9523809520000001,0.5555555560000001,1,1,5.333333333,1,0.6667,0
apache.xpath.operations.Div,3,3,0,7,7,3,2,5,3,2.0,25,0.0,0,0.953488372,0.5555555560000001,1,1,7.333333333,1,0.6667,0
apache.xpath.operations.Equals,3,3,0,6,7,3,1,5,3,2.0,40,0.0,0,0.953488372,0.5555555560000001,2,2,12.33333333,1,0.6667,0
apache.xpath.operations.Gte,2,3,0,4,4,1,1,3,2,2.0,13,0.0,0,0.976190476,0.75,1,1,5.5,1,0.5,0
apache.xpath.operations.Plus,3,3,0,7,7,3,2,5,3,2.0,25,0.0,0,0.953488372,0.5555555560000001,1,1,7.333333333,1,0.6667,0
apache.xpath.patterns.UnionPattern,9,2,0,12,20,0,4,10,8,0.125,212,1.0,1,0.7894736840000001,0.19753086399999997,1,7,22.44444444,7,2.4444,0
apache.xpath.patterns.ContextMatchStepPattern,3,4,0,8,16,3,1,8,3,2.0,176,0.0,0,0.975903614,0.583333333,2,12,57.66666667,1,0.6667,0
apache.xpath.patterns.StepPattern,31,3,2,23,77,241,11,14,26,0.7333333329999999,1095,0.4,2,0.641975309,0.180107527,2,9,34.16129032,17,3.0645,0
apache.xpath.patterns.FunctionPattern,7,4,0,14,18,0,3,12,6,0.166666667,156,0.0,1,0.931034483,0.367346939,3,17,21.14285714,2,1.0,0
apache.xpath.res.XPATHErrorResources,8,3,0,1,21,28,1,0,7,1.142857143,273,0.0,0,0.857142857,0.225,0,0,17.375,2,0.875,0
