Random Forest,jedit,jedit-3.2.csv,jedit-4.0.csv,0,0.7156862745098039,0.6638889008697291,0.6242458521870285,0.7156862745098039,0.14185657605903507
Random Forest,jedit,jedit-3.2.csv,jedit-4.0.csv,1,0.7450980392156863,0.6965352703457116,0.6667705833068561,0.7450980392156863,0.22713752464916176
Random Forest,jedit,jedit-3.2.csv,jedit-4.0.csv,2,0.7320261437908496,0.6818829558378209,0.6819803034335906,0.7320261437908496,0.17884652749085594
Random Forest,jedit,jedit-3.2.csv,jedit-4.0.csv,3,0.7091503267973857,0.6585708859098411,0.6202977487291212,0.7091503267973857,0.11843595832157197
Random Forest,jedit,jedit-3.2.csv,jedit-4.0.csv,4,0.7320261437908496,0.6760536798545849,0.6403341046563552,0.7320261437908496,0.16005752125194198
Random Forest,jedit,jedit-3.2.csv,jedit-4.0.csv,5,0.7058823529411765,0.6467788956476739,0.6031329923273657,0.7058823529411765,0.06476175736330611
Random Forest,jedit,jedit-3.2.csv,jedit-4.0.csv,6,0.738562091503268,0.686970748296909,0.6527794640387975,0.738562091503268,0.20306330411194187
Random Forest,jedit,jedit-3.2.csv,jedit-4.0.csv,7,0.7647058823529411,0.6990436303971427,0.6766362883181442,0.7647058823529411,0.25094594030309164
Random Forest,jedit,jedit-3.2.csv,jedit-4.0.csv,8,0.7418300653594772,0.6731045335310788,0.6436356098894799,0.7418300653594772,0.1431546984338446
Random Forest,jedit,jedit-3.2.csv,jedit-4.0.csv,9,0.7156862745098039,0.664343154245904,0.6271902879456602,0.7156862745098039,0.13350870562629638
Random Forest,xerecs,xerces-1.2.csv,xerces-1.3.csv,0,0.8366445916114791,0.7732166622835329,0.7187282397736197,0.8366445916114791,-0.00562798597300258
Random Forest,xerecs,xerces-1.2.csv,xerces-1.3.csv,1,0.8300220750551877,0.7717396533200777,0.7211051511791675,0.8300220750551877,0.015626482484908732
Random Forest,xerecs,xerces-1.2.csv,xerces-1.3.csv,2,0.8366445916114791,0.7741482486236336,0.7203397380690761,0.8366445916114791,0.014051779250957096
Random Forest,xerecs,xerces-1.2.csv,xerces-1.3.csv,3,0.8454746136865342,0.782657739611382,0.7824030274361401,0.8454746136865342,0.08496225472516275
Random Forest,xerecs,xerces-1.2.csv,xerces-1.3.csv,4,0.8344370860927153,0.7730370110002475,0.7200535754148374,0.8344370860927153,0.008880875201687578
Random Forest,xerecs,xerces-1.2.csv,xerces-1.3.csv,5,0.8410596026490066,0.7763627101375445,0.7209082308420056,0.8410596026490066,0.027386868542053425
Random Forest,xerecs,xerces-1.2.csv,xerces-1.3.csv,6,0.8388520971302428,0.7761908561397911,0.722240370623348,0.8388520971302428,0.03832728018760259
Random Forest,xerecs,xerces-1.2.csv,xerces-1.3.csv,7,0.8388520971302428,0.7752568117882388,0.7206246203534972,0.8388520971302428,0.02069349649779617
Random Forest,xerecs,xerces-1.2.csv,xerces-1.3.csv,8,0.8344370860927153,0.7739706305787503,0.7216753177018077,0.8344370860927153,0.02604019293234879
Random Forest,xerecs,xerces-1.2.csv,xerces-1.3.csv,9,0.8388520971302428,0.7752568117882388,0.7206246203534972,0.8388520971302428,0.02008873862638401
Random Forest,camel,camel-1.0.csv,camel-1.2.csv,0,0.6447368421052632,0.5054736842105263,0.41568559556786705,0.6447368421052632,0.0
Random Forest,camel,camel-1.0.csv,camel-1.2.csv,1,0.6447368421052632,0.5054736842105263,0.41568559556786705,0.6447368421052632,0.0
Random Forest,camel,camel-1.0.csv,camel-1.2.csv,2,0.6447368421052632,0.5054736842105263,0.41568559556786705,0.6447368421052632,0.0
Random Forest,camel,camel-1.0.csv,camel-1.2.csv,3,0.6447368421052632,0.5069946682151718,0.41774684645498045,0.6447368421052632,0.032418988379797446
Random Forest,camel,camel-1.0.csv,camel-1.2.csv,4,0.6463815789473685,0.5129804513457978,0.48319477175525877,0.6463815789473685,0.05932046438761353
Random Forest,camel,camel-1.0.csv,camel-1.2.csv,5,0.6430921052631579,0.5051945997257673,0.4159935730415147,0.6430921052631579,-0.0009929337421818029
Random Forest,camel,camel-1.0.csv,camel-1.2.csv,6,0.6398026315789473,0.5041258926209998,0.41592476215414154,0.6398026315789473,-0.0102730567849268
Random Forest,camel,camel-1.0.csv,camel-1.2.csv,7,0.6447368421052632,0.5054736842105263,0.41568559556786705,0.6447368421052632,0.0
Random Forest,camel,camel-1.0.csv,camel-1.2.csv,8,0.6447368421052632,0.5084189353172212,0.4974080467257252,0.6447368421052632,0.02644814422356984
Random Forest,camel,camel-1.0.csv,camel-1.2.csv,9,0.6463815789473685,0.5106654261399199,0.45914571714883234,0.6463815789473685,0.056901070329064
Random Forest,xalan,xalan-2.4.csv,xalan-2.5.csv,0,0.5180572851805728,0.3611701295442431,0.38076679664373353,0.5180572851805728,0.015346579879170295
Random Forest,xalan,xalan-2.4.csv,xalan-2.5.csv,1,0.5180572851805728,0.35579162268807624,0.4533382151513597,0.5180572851805728,0.006828840006054248
Random Forest,xalan,xalan-2.4.csv,xalan-2.5.csv,2,0.5155666251556662,0.3536285508075138,0.2691037842719663,0.5155666251556662,-0.00618866512033242
Random Forest,xalan,xalan-2.4.csv,xalan-2.5.csv,3,0.5168119551681195,0.35637788509201807,0.36190760777736747,0.5168119551681195,0.011157455217502762
Random Forest,xalan,xalan-2.4.csv,xalan-2.5.csv,4,0.5168119551681195,0.3566458874422792,0.3226183483097414,0.5168119551681195,0.005483511861601516
Random Forest,xalan,xalan-2.4.csv,xalan-2.5.csv,5,0.5205479452054794,0.362215080514276,0.4061733906655075,0.5205479452054794,0.04519969018046813
Random Forest,xalan,xalan-2.4.csv,xalan-2.5.csv,6,0.5168119551681195,0.35550400774994595,0.3608959362341158,0.5168119551681195,-0.006642714755790057
Random Forest,xalan,xalan-2.4.csv,xalan-2.5.csv,7,0.5168119551681195,0.3544827260510103,0.2697537934127199,0.5168119551681195,0.0062224977396783615
Random Forest,xalan,xalan-2.4.csv,xalan-2.5.csv,8,0.5155666251556662,0.3530464461971311,0.2684301828094583,0.5155666251556662,-0.0229549470154213
Random Forest,xalan,xalan-2.4.csv,xalan-2.5.csv,9,0.5168119551681195,0.36018381930476395,0.3284218736551676,0.5168119551681195,0.015942686517658358
Random Forest,velocity,velocity-1.4.csv,velocity-1.5.csv,0,0.3130841121495327,0.16633120254615585,0.18098670924717045,0.3130841121495327,0.040224479488501524
Random Forest,velocity,velocity-1.4.csv,velocity-1.5.csv,1,0.3130841121495327,0.196842746223517,0.2450948843472208,0.3130841121495327,0.03840273272640047
Random Forest,velocity,velocity-1.4.csv,velocity-1.5.csv,2,0.3177570093457944,0.21924691019172418,0.27599124006834286,0.3177570093457944,0.0599764662173063
Random Forest,velocity,velocity-1.4.csv,velocity-1.5.csv,3,0.3364485981308411,0.21304606545089788,0.26830569101047386,0.3364485981308411,0.10310334184054833
Random Forest,velocity,velocity-1.4.csv,velocity-1.5.csv,4,0.3177570093457944,0.2000167316012142,0.265111241439328,0.3177570093457944,0.05071793954695961
Random Forest,velocity,velocity-1.4.csv,velocity-1.5.csv,5,0.3177570093457944,0.18775378665807282,0.2725300400534046,0.3177570093457944,0.054836613344581536
Random Forest,velocity,velocity-1.4.csv,velocity-1.5.csv,6,0.308411214953271,0.18121077713866932,0.19344805419571773,0.308411214953271,0.03971851967059589
Random Forest,velocity,velocity-1.4.csv,velocity-1.5.csv,7,0.32242990654205606,0.20869766499811926,0.23385026188764507,0.32242990654205606,0.06237144483051053
Random Forest,velocity,velocity-1.4.csv,velocity-1.5.csv,8,0.3130841121495327,0.18632457264843605,0.1839563862928349,0.3130841121495327,0.047036493856759905
Random Forest,velocity,velocity-1.4.csv,velocity-1.5.csv,9,0.32710280373831774,0.19939252336448599,0.305607476635514,0.32710280373831774,0.10031242042246942
Random Forest,log4j,log4j-1.0.csv,log4j-1.1.csv,0,0.7155963302752294,0.6473896534875493,0.6450507001448575,0.7155963302752294,0.35294346538242327
Random Forest,log4j,log4j-1.0.csv,log4j-1.1.csv,1,0.7064220183486238,0.658226370442691,0.6509392747924858,0.7064220183486238,0.3743006997088185
Random Forest,log4j,log4j-1.0.csv,log4j-1.1.csv,2,0.7155963302752294,0.6567070572248712,0.6363086454829574,0.7155963302752294,0.36870142007535195
Random Forest,log4j,log4j-1.0.csv,log4j-1.1.csv,3,0.6972477064220184,0.632063654999435,0.6262405050803986,0.6972477064220184,0.31379770391552386
Random Forest,log4j,log4j-1.0.csv,log4j-1.1.csv,4,0.6605504587155964,0.5799073812227343,0.5221328057068834,0.6605504587155964,0.20196358170251433
Random Forest,log4j,log4j-1.0.csv,log4j-1.1.csv,5,0.6880733944954128,0.6242900830056793,0.6073394495412844,0.6880733944954128,0.2981667136956797
Random Forest,log4j,log4j-1.0.csv,log4j-1.1.csv,6,0.7155963302752294,0.6455792589317515,0.6099355846183877,0.7155963302752294,0.35750361560194627
Random Forest,log4j,log4j-1.0.csv,log4j-1.1.csv,7,0.6880733944954128,0.6112315818737838,0.5543515377785873,0.6880733944954128,0.28301310477792047
Random Forest,log4j,log4j-1.0.csv,log4j-1.1.csv,8,0.7155963302752294,0.6638971629797318,0.6633380381086803,0.7155963302752294,0.37089913503894595
Random Forest,log4j,log4j-1.0.csv,log4j-1.1.csv,9,0.7155963302752294,0.6637368057610734,0.6306445847730252,0.7155963302752294,0.3795791535220566
Random Forest,lucene,lucene-2.0.csv,lucene-2.2.csv,0,0.42105263157894735,0.3306152697050365,0.3151476364715649,0.42105263157894735,0.1095500964442398
Random Forest,lucene,lucene-2.0.csv,lucene-2.2.csv,1,0.41295546558704455,0.31740368415249604,0.32805571621361096,0.41295546558704455,0.08819183175464498
Random Forest,lucene,lucene-2.0.csv,lucene-2.2.csv,2,0.41700404858299595,0.32146358044455803,0.3185912794203375,0.41700404858299595,0.09608802909038004
Random Forest,lucene,lucene-2.0.csv,lucene-2.2.csv,3,0.41700404858299595,0.2900013887779903,0.24965566605572248,0.41700404858299595,0.07751829207080439
Random Forest,lucene,lucene-2.0.csv,lucene-2.2.csv,4,0.43724696356275305,0.34138532593382087,0.3323494546681054,0.43724696356275305,0.13396687147098552
Random Forest,lucene,lucene-2.0.csv,lucene-2.2.csv,5,0.41295546558704455,0.3166175073396616,0.36511958576735903,0.41295546558704455,0.08454293742072644
Random Forest,lucene,lucene-2.0.csv,lucene-2.2.csv,6,0.3967611336032389,0.29836897483668773,0.2638329391365829,0.3967611336032389,0.052297423699476375
Random Forest,lucene,lucene-2.0.csv,lucene-2.2.csv,7,0.4331983805668016,0.3353728181891305,0.3851646898459911,0.4331983805668016,0.12350641474845257
Random Forest,lucene,lucene-2.0.csv,lucene-2.2.csv,8,0.3967611336032389,0.29575336785749223,0.26292792926887354,0.3967611336032389,0.0612100710609628
Random Forest,lucene,lucene-2.0.csv,lucene-2.2.csv,9,0.42105263157894735,0.3198922602363898,0.3139125058406642,0.42105263157894735,0.1000842089468439
Random Forest,poi,poi-1.5.csv,poi-2.0.csv,0,0.45222929936305734,0.5510866835604866,0.7586453980517527,0.45222929936305734,-0.11125463410201838
Random Forest,poi,poi-1.5.csv,poi-2.0.csv,1,0.5031847133757962,0.5914690227198243,0.7671109587621469,0.5031847133757963,-0.07532104578942019
Random Forest,poi,poi-1.5.csv,poi-2.0.csv,2,0.4713375796178344,0.5702383250153951,0.759392452984023,0.4713375796178344,-0.11906314111320321
Random Forest,poi,poi-1.5.csv,poi-2.0.csv,3,0.4968152866242038,0.5914457806978576,0.7808340935821116,0.4968152866242038,-0.04858277821575759
Random Forest,poi,poi-1.5.csv,poi-2.0.csv,4,0.4554140127388535,0.551911921176522,0.7455464775787629,0.4554140127388535,-0.14310555488946997
Random Forest,poi,poi-1.5.csv,poi-2.0.csv,5,0.5159235668789809,0.6048835743047992,0.7790230754864014,0.5159235668789809,-0.05007631156151582
Random Forest,poi,poi-1.5.csv,poi-2.0.csv,6,0.42356687898089174,0.5298828367829169,0.7772589980790618,0.42356687898089174,-0.05974468734734144
Random Forest,poi,poi-1.5.csv,poi-2.0.csv,7,0.45222929936305734,0.552417001984115,0.7782489173289839,0.45222929936305734,-0.06551583611469773
Random Forest,poi,poi-1.5.csv,poi-2.0.csv,8,0.48089171974522293,0.5770980397259651,0.7572152149923528,0.48089171974522293,-0.12568814730845818
Random Forest,poi,poi-1.5.csv,poi-2.0.csv,9,0.47770700636942676,0.5690595053652377,0.7475018116632975,0.47770700636942676,-0.12506613674648573
Random Forest,synapse,synapse-1.0.csv,synapse-1.1.csv,0,0.7252252252252253,0.6151124946936464,0.534029484029484,0.7252252252252253,0.0050810184046644865
Random Forest,synapse,synapse-1.0.csv,synapse-1.1.csv,1,0.7297297297297297,0.6248350712917642,0.5770085153646798,0.7297297297297297,0.07492076874422844
Random Forest,synapse,synapse-1.0.csv,synapse-1.1.csv,2,0.7252252252252253,0.6212768344246095,0.593195935661689,0.7252252252252253,0.027216622699282482
Random Forest,synapse,synapse-1.0.csv,synapse-1.1.csv,3,0.7297297297297297,0.6279894670395989,0.5774484161580935,0.7297297297297297,0.08971589446038267
Random Forest,synapse,synapse-1.0.csv,synapse-1.1.csv,4,0.7297297297297297,0.6157094594594593,0.5325054784514244,0.7297297297297297,0.0
Random Forest,synapse,synapse-1.0.csv,synapse-1.1.csv,5,0.7252252252252253,0.6151124946936464,0.534029484029484,0.7252252252252253,0.0050810184046644865
Random Forest,synapse,synapse-1.0.csv,synapse-1.1.csv,6,0.7252252252252253,0.6232704853394508,0.5464487743557511,0.7252252252252253,0.08350202275748378
Random Forest,synapse,synapse-1.0.csv,synapse-1.1.csv,7,0.7297297297297297,0.6173170559593536,0.5349150055032408,0.7297297297297297,0.03975741318489128
Random Forest,synapse,synapse-1.0.csv,synapse-1.1.csv,8,0.7342342342342343,0.6362795753297072,0.6269979657076431,0.7342342342342343,0.12669260945551605
Random Forest,synapse,synapse-1.0.csv,synapse-1.1.csv,9,0.7297297297297297,0.6311044062168499,0.5764788043857811,0.7297297297297297,0.11029744797070619
Random Forest,ivy,ivy-1.1.csv,ivy-1.4.csv,0,0.6804979253112033,0.7713452553905327,0.8901862395059347,0.6804979253112033,0.04179562753808647
Random Forest,ivy,ivy-1.1.csv,ivy-1.4.csv,1,0.6804979253112033,0.7772111536959022,0.9078986366330765,0.6804979253112033,0.08911115184808478
Random Forest,ivy,ivy-1.1.csv,ivy-1.4.csv,2,0.6887966804979253,0.7819795214091133,0.9063172609670047,0.6887966804979253,0.10124344661862834
Random Forest,ivy,ivy-1.1.csv,ivy-1.4.csv,3,0.7136929460580913,0.7929921622867679,0.8921161825726142,0.7136929460580913,0.053703669332415015
Random Forest,ivy,ivy-1.1.csv,ivy-1.4.csv,4,0.6929460580912863,0.7795643153526972,0.8909306461173682,0.6929460580912863,0.04696095077228828
Random Forest,ivy,ivy-1.1.csv,ivy-1.4.csv,5,0.7510373443983402,0.8158502732304039,0.893042382928275,0.7510373443983402,0.06758208232581916
Random Forest,ivy,ivy-1.1.csv,ivy-1.4.csv,6,0.7883817427385892,0.8402174324307281,0.9015465861938892,0.7883817427385892,0.09919187407859618
Random Forest,ivy,ivy-1.1.csv,ivy-1.4.csv,7,0.7095435684647303,0.7949641356386841,0.9042578272350056,0.7095435684647303,0.099150944405198
Random Forest,ivy,ivy-1.1.csv,ivy-1.4.csv,8,0.7219917012448133,0.801751959428308,0.9014522821576764,0.7219917012448133,0.09011677391297633
Random Forest,ivy,ivy-1.1.csv,ivy-1.4.csv,9,0.7178423236514523,0.8031615290956565,0.913014630597618,0.7178423236514523,0.1293014763903764
Random Forest,ant,ant-1.3.csv,ant-1.4.csv,0,0.7471910112359551,0.6892864182929233,0.6661364559361039,0.7471910112359551,0.060661677837694813
Random Forest,ant,ant-1.3.csv,ant-1.4.csv,1,0.7584269662921348,0.694127700574267,0.6792807991489928,0.7584269662921348,0.07197466815053019
Random Forest,ant,ant-1.3.csv,ant-1.4.csv,2,0.7808988764044944,0.7167557543362059,0.7693672383205203,0.7808988764044944,0.18366992582105096
Random Forest,ant,ant-1.3.csv,ant-1.4.csv,3,0.7696629213483146,0.7151062571561584,0.6984172645638735,0.7696629213483146,0.15697680463456246
Random Forest,ant,ant-1.3.csv,ant-1.4.csv,4,0.7528089887640449,0.6918924873320115,0.6888041733547352,0.7528089887640449,0.06695428583230134
Random Forest,ant,ant-1.3.csv,ant-1.4.csv,5,0.7865168539325843,0.7186131419124993,0.7440989460848357,0.7865168539325843,0.20077682956121864
Random Forest,ant,ant-1.3.csv,ant-1.4.csv,6,0.7640449438202247,0.690409940428063,0.7023125163313301,0.7640449438202247,0.06735218011211547
Random Forest,ant,ant-1.3.csv,ant-1.4.csv,7,0.7752808988764045,0.6971431241094163,0.8025958930647037,0.7752808988764045,0.11930368382298225
Random Forest,ant,ant-1.3.csv,ant-1.4.csv,8,0.7471910112359551,0.6871124209492233,0.6625008410146,0.7471910112359551,0.042373440703809606
Random Forest,ant,ant-1.3.csv,ant-1.4.csv,9,0.7640449438202247,0.7054519743617331,0.7074638844301766,0.7640449438202247,0.11879495601458392
Naive Bayes,jedit,jedit-3.2.csv,jedit-4.0.csv,0,0.17973856209150327,0.2585639341844203,0.6252511480706207,0.17973856209150327,0.004520553226657461
Naive Bayes,jedit,jedit-3.2.csv,jedit-4.0.csv,1,0.17973856209150327,0.2585639341844203,0.6252511480706207,0.17973856209150327,0.004520553226657461
Naive Bayes,jedit,jedit-3.2.csv,jedit-4.0.csv,2,0.17973856209150327,0.2585639341844203,0.6252511480706207,0.17973856209150327,0.004520553226657461
Naive Bayes,jedit,jedit-3.2.csv,jedit-4.0.csv,3,0.17973856209150327,0.2585639341844203,0.6252511480706207,0.17973856209150327,0.004520553226657461
Naive Bayes,jedit,jedit-3.2.csv,jedit-4.0.csv,4,0.17973856209150327,0.2585639341844203,0.6252511480706207,0.17973856209150327,0.004520553226657461
Naive Bayes,jedit,jedit-3.2.csv,jedit-4.0.csv,5,0.17973856209150327,0.2585639341844203,0.6252511480706207,0.17973856209150327,0.004520553226657461
Naive Bayes,jedit,jedit-3.2.csv,jedit-4.0.csv,6,0.17973856209150327,0.2585639341844203,0.6252511480706207,0.17973856209150327,0.004520553226657461
Naive Bayes,jedit,jedit-3.2.csv,jedit-4.0.csv,7,0.17973856209150327,0.2585639341844203,0.6252511480706207,0.17973856209150327,0.004520553226657461
Naive Bayes,jedit,jedit-3.2.csv,jedit-4.0.csv,8,0.17973856209150327,0.2585639341844203,0.6252511480706207,0.17973856209150327,0.004520553226657461
Naive Bayes,jedit,jedit-3.2.csv,jedit-4.0.csv,9,0.17973856209150327,0.2585639341844203,0.6252511480706207,0.17973856209150327,0.004520553226657461
Naive Bayes,xerecs,xerces-1.2.csv,xerces-1.3.csv,0,0.7262693156732892,0.7573161483544993,0.7938538804046372,0.7262693156732892,0.2060598638681414
Naive Bayes,xerecs,xerces-1.2.csv,xerces-1.3.csv,1,0.7262693156732892,0.7573161483544993,0.7938538804046372,0.7262693156732892,0.2060598638681414
Naive Bayes,xerecs,xerces-1.2.csv,xerces-1.3.csv,2,0.7262693156732892,0.7573161483544993,0.7938538804046372,0.7262693156732892,0.2060598638681414
Naive Bayes,xerecs,xerces-1.2.csv,xerces-1.3.csv,3,0.7262693156732892,0.7573161483544993,0.7938538804046372,0.7262693156732892,0.2060598638681414
Naive Bayes,xerecs,xerces-1.2.csv,xerces-1.3.csv,4,0.7262693156732892,0.7573161483544993,0.7938538804046372,0.7262693156732892,0.2060598638681414
Naive Bayes,xerecs,xerces-1.2.csv,xerces-1.3.csv,5,0.7262693156732892,0.7573161483544993,0.7938538804046372,0.7262693156732892,0.2060598638681414
Naive Bayes,xerecs,xerces-1.2.csv,xerces-1.3.csv,6,0.7262693156732892,0.7573161483544993,0.7938538804046372,0.7262693156732892,0.2060598638681414
Naive Bayes,xerecs,xerces-1.2.csv,xerces-1.3.csv,7,0.7262693156732892,0.7573161483544993,0.7938538804046372,0.7262693156732892,0.2060598638681414
Naive Bayes,xerecs,xerces-1.2.csv,xerces-1.3.csv,8,0.7262693156732892,0.7573161483544993,0.7938538804046372,0.7262693156732892,0.2060598638681414
Naive Bayes,xerecs,xerces-1.2.csv,xerces-1.3.csv,9,0.7262693156732892,0.7573161483544993,0.7938538804046372,0.7262693156732892,0.2060598638681414
Naive Bayes,camel,camel-1.0.csv,camel-1.2.csv,0,0.6299342105263158,0.5181212656607158,0.4488174430075757,0.6299342105263158,0.05803946308356536
Naive Bayes,camel,camel-1.0.csv,camel-1.2.csv,1,0.6299342105263158,0.5181212656607158,0.4488174430075757,0.6299342105263158,0.05803946308356536
Naive Bayes,camel,camel-1.0.csv,camel-1.2.csv,2,0.6299342105263158,0.5181212656607158,0.4488174430075757,0.6299342105263158,0.05803946308356536
Naive Bayes,camel,camel-1.0.csv,camel-1.2.csv,3,0.6299342105263158,0.5181212656607158,0.4488174430075757,0.6299342105263158,0.05803946308356536
Naive Bayes,camel,camel-1.0.csv,camel-1.2.csv,4,0.6299342105263158,0.5181212656607158,0.4488174430075757,0.6299342105263158,0.05803946308356536
Naive Bayes,camel,camel-1.0.csv,camel-1.2.csv,5,0.6299342105263158,0.5181212656607158,0.4488174430075757,0.6299342105263158,0.05803946308356536
Naive Bayes,camel,camel-1.0.csv,camel-1.2.csv,6,0.6299342105263158,0.5181212656607158,0.4488174430075757,0.6299342105263158,0.05803946308356536
Naive Bayes,camel,camel-1.0.csv,camel-1.2.csv,7,0.6299342105263158,0.5181212656607158,0.4488174430075757,0.6299342105263158,0.05803946308356536
Naive Bayes,camel,camel-1.0.csv,camel-1.2.csv,8,0.6299342105263158,0.5181212656607158,0.4488174430075757,0.6299342105263158,0.05803946308356536
Naive Bayes,camel,camel-1.0.csv,camel-1.2.csv,9,0.6299342105263158,0.5181212656607158,0.4488174430075757,0.6299342105263158,0.05803946308356536
Naive Bayes,xalan,xalan-2.4.csv,xalan-2.5.csv,0,0.47696139476961397,0.3898861810207923,0.39927101441890706,0.47696139476961397,0.055110333459932416
Naive Bayes,xalan,xalan-2.4.csv,xalan-2.5.csv,1,0.47696139476961397,0.3898861810207923,0.39927101441890706,0.47696139476961397,0.055110333459932416
Naive Bayes,xalan,xalan-2.4.csv,xalan-2.5.csv,2,0.47696139476961397,0.3898861810207923,0.39927101441890706,0.47696139476961397,0.055110333459932416
Naive Bayes,xalan,xalan-2.4.csv,xalan-2.5.csv,3,0.47696139476961397,0.3898861810207923,0.39927101441890706,0.47696139476961397,0.055110333459932416
Naive Bayes,xalan,xalan-2.4.csv,xalan-2.5.csv,4,0.47696139476961397,0.3898861810207923,0.39927101441890706,0.47696139476961397,0.055110333459932416
Naive Bayes,xalan,xalan-2.4.csv,xalan-2.5.csv,5,0.47696139476961397,0.3898861810207923,0.39927101441890706,0.47696139476961397,0.055110333459932416
Naive Bayes,xalan,xalan-2.4.csv,xalan-2.5.csv,6,0.47696139476961397,0.3898861810207923,0.39927101441890706,0.47696139476961397,0.055110333459932416
Naive Bayes,xalan,xalan-2.4.csv,xalan-2.5.csv,7,0.47696139476961397,0.3898861810207923,0.39927101441890706,0.47696139476961397,0.055110333459932416
Naive Bayes,xalan,xalan-2.4.csv,xalan-2.5.csv,8,0.47696139476961397,0.3898861810207923,0.39927101441890706,0.47696139476961397,0.055110333459932416
Naive Bayes,xalan,xalan-2.4.csv,xalan-2.5.csv,9,0.47696139476961397,0.3898861810207923,0.39927101441890706,0.47696139476961397,0.055110333459932416
Naive Bayes,velocity,velocity-1.4.csv,velocity-1.5.csv,0,0.29906542056074764,0.21700170432623636,0.25052595379698184,0.29906542056074764,0.057143177600187424
Naive Bayes,velocity,velocity-1.4.csv,velocity-1.5.csv,1,0.29906542056074764,0.21700170432623636,0.25052595379698184,0.29906542056074764,0.057143177600187424
Naive Bayes,velocity,velocity-1.4.csv,velocity-1.5.csv,2,0.29906542056074764,0.21700170432623636,0.25052595379698184,0.29906542056074764,0.057143177600187424
Naive Bayes,velocity,velocity-1.4.csv,velocity-1.5.csv,3,0.29906542056074764,0.21700170432623636,0.25052595379698184,0.29906542056074764,0.057143177600187424
Naive Bayes,velocity,velocity-1.4.csv,velocity-1.5.csv,4,0.29906542056074764,0.21700170432623636,0.25052595379698184,0.29906542056074764,0.057143177600187424
Naive Bayes,velocity,velocity-1.4.csv,velocity-1.5.csv,5,0.29906542056074764,0.21700170432623636,0.25052595379698184,0.29906542056074764,0.057143177600187424
Naive Bayes,velocity,velocity-1.4.csv,velocity-1.5.csv,6,0.29906542056074764,0.21700170432623636,0.25052595379698184,0.29906542056074764,0.057143177600187424
Naive Bayes,velocity,velocity-1.4.csv,velocity-1.5.csv,7,0.29906542056074764,0.21700170432623636,0.25052595379698184,0.29906542056074764,0.057143177600187424
Naive Bayes,velocity,velocity-1.4.csv,velocity-1.5.csv,8,0.29906542056074764,0.21700170432623636,0.25052595379698184,0.29906542056074764,0.057143177600187424
Naive Bayes,velocity,velocity-1.4.csv,velocity-1.5.csv,9,0.29906542056074764,0.21700170432623636,0.25052595379698184,0.29906542056074764,0.057143177600187424
Naive Bayes,log4j,log4j-1.0.csv,log4j-1.1.csv,0,0.6330275229357798,0.6276393722099195,0.624346011326029,0.6330275229357798,0.3017960387210039
Naive Bayes,log4j,log4j-1.0.csv,log4j-1.1.csv,1,0.6330275229357798,0.6276393722099195,0.624346011326029,0.6330275229357798,0.3017960387210039
Naive Bayes,log4j,log4j-1.0.csv,log4j-1.1.csv,2,0.6330275229357798,0.6276393722099195,0.624346011326029,0.6330275229357798,0.3017960387210039
Naive Bayes,log4j,log4j-1.0.csv,log4j-1.1.csv,3,0.6330275229357798,0.6276393722099195,0.624346011326029,0.6330275229357798,0.3017960387210039
Naive Bayes,log4j,log4j-1.0.csv,log4j-1.1.csv,4,0.6330275229357798,0.6276393722099195,0.624346011326029,0.6330275229357798,0.3017960387210039
Naive Bayes,log4j,log4j-1.0.csv,log4j-1.1.csv,5,0.6330275229357798,0.6276393722099195,0.624346011326029,0.6330275229357798,0.3017960387210039
Naive Bayes,log4j,log4j-1.0.csv,log4j-1.1.csv,6,0.6330275229357798,0.6276393722099195,0.624346011326029,0.6330275229357798,0.3017960387210039
Naive Bayes,log4j,log4j-1.0.csv,log4j-1.1.csv,7,0.6330275229357798,0.6276393722099195,0.624346011326029,0.6330275229357798,0.3017960387210039
Naive Bayes,log4j,log4j-1.0.csv,log4j-1.1.csv,8,0.6330275229357798,0.6276393722099195,0.624346011326029,0.6330275229357798,0.3017960387210039
Naive Bayes,log4j,log4j-1.0.csv,log4j-1.1.csv,9,0.6330275229357798,0.6276393722099195,0.624346011326029,0.6330275229357798,0.3017960387210039
Naive Bayes,lucene,lucene-2.0.csv,lucene-2.2.csv,0,0.31983805668016196,0.2762214044715856,0.2574107089780977,0.31983805668016196,0.06825474287279187
Naive Bayes,lucene,lucene-2.0.csv,lucene-2.2.csv,1,0.31983805668016196,0.2762214044715856,0.2574107089780977,0.31983805668016196,0.06825474287279187
Naive Bayes,lucene,lucene-2.0.csv,lucene-2.2.csv,2,0.31983805668016196,0.2762214044715856,0.2574107089780977,0.31983805668016196,0.06825474287279187
Naive Bayes,lucene,lucene-2.0.csv,lucene-2.2.csv,3,0.31983805668016196,0.2762214044715856,0.2574107089780977,0.31983805668016196,0.06825474287279187
Naive Bayes,lucene,lucene-2.0.csv,lucene-2.2.csv,4,0.31983805668016196,0.2762214044715856,0.2574107089780977,0.31983805668016196,0.06825474287279187
Naive Bayes,lucene,lucene-2.0.csv,lucene-2.2.csv,5,0.31983805668016196,0.2762214044715856,0.2574107089780977,0.31983805668016196,0.06825474287279187
Naive Bayes,lucene,lucene-2.0.csv,lucene-2.2.csv,6,0.31983805668016196,0.2762214044715856,0.2574107089780977,0.31983805668016196,0.06825474287279187
Naive Bayes,lucene,lucene-2.0.csv,lucene-2.2.csv,7,0.31983805668016196,0.2762214044715856,0.2574107089780977,0.31983805668016196,0.06825474287279187
Naive Bayes,lucene,lucene-2.0.csv,lucene-2.2.csv,8,0.31983805668016196,0.2762214044715856,0.2574107089780977,0.31983805668016196,0.06825474287279187
Naive Bayes,lucene,lucene-2.0.csv,lucene-2.2.csv,9,0.31983805668016196,0.2762214044715856,0.2574107089780977,0.31983805668016196,0.06825474287279187
Naive Bayes,poi,poi-1.5.csv,poi-2.0.csv,0,0.20063694267515925,0.322988257915833,0.8509250834091598,0.20063694267515925,0.03680434436739373
Naive Bayes,poi,poi-1.5.csv,poi-2.0.csv,1,0.20063694267515925,0.322988257915833,0.8509250834091598,0.20063694267515925,0.03680434436739373
Naive Bayes,poi,poi-1.5.csv,poi-2.0.csv,2,0.20063694267515925,0.322988257915833,0.8509250834091598,0.20063694267515925,0.03680434436739373
Naive Bayes,poi,poi-1.5.csv,poi-2.0.csv,3,0.20063694267515925,0.322988257915833,0.8509250834091598,0.20063694267515925,0.03680434436739373
Naive Bayes,poi,poi-1.5.csv,poi-2.0.csv,4,0.20063694267515925,0.322988257915833,0.8509250834091598,0.20063694267515925,0.03680434436739373
Naive Bayes,poi,poi-1.5.csv,poi-2.0.csv,5,0.20063694267515925,0.322988257915833,0.8509250834091598,0.20063694267515925,0.03680434436739373
Naive Bayes,poi,poi-1.5.csv,poi-2.0.csv,6,0.20063694267515925,0.322988257915833,0.8509250834091598,0.20063694267515925,0.03680434436739373
Naive Bayes,poi,poi-1.5.csv,poi-2.0.csv,7,0.20063694267515925,0.322988257915833,0.8509250834091598,0.20063694267515925,0.03680434436739373
Naive Bayes,poi,poi-1.5.csv,poi-2.0.csv,8,0.20063694267515925,0.322988257915833,0.8509250834091598,0.20063694267515925,0.03680434436739373
Naive Bayes,poi,poi-1.5.csv,poi-2.0.csv,9,0.20063694267515925,0.322988257915833,0.8509250834091598,0.20063694267515925,0.03680434436739373
Naive Bayes,synapse,synapse-1.0.csv,synapse-1.1.csv,0,0.6126126126126126,0.6277599917014925,0.6829977024319852,0.6126126126126126,0.24836514600993378
Naive Bayes,synapse,synapse-1.0.csv,synapse-1.1.csv,1,0.6126126126126126,0.6277599917014925,0.6829977024319852,0.6126126126126126,0.24836514600993378
Naive Bayes,synapse,synapse-1.0.csv,synapse-1.1.csv,2,0.6126126126126126,0.6277599917014925,0.6829977024319852,0.6126126126126126,0.24836514600993378
Naive Bayes,synapse,synapse-1.0.csv,synapse-1.1.csv,3,0.6126126126126126,0.6277599917014925,0.6829977024319852,0.6126126126126126,0.24836514600993378
Naive Bayes,synapse,synapse-1.0.csv,synapse-1.1.csv,4,0.6126126126126126,0.6277599917014925,0.6829977024319852,0.6126126126126126,0.24836514600993378
Naive Bayes,synapse,synapse-1.0.csv,synapse-1.1.csv,5,0.6126126126126126,0.6277599917014925,0.6829977024319852,0.6126126126126126,0.24836514600993378
Naive Bayes,synapse,synapse-1.0.csv,synapse-1.1.csv,6,0.6126126126126126,0.6277599917014925,0.6829977024319852,0.6126126126126126,0.24836514600993378
Naive Bayes,synapse,synapse-1.0.csv,synapse-1.1.csv,7,0.6126126126126126,0.6277599917014925,0.6829977024319852,0.6126126126126126,0.24836514600993378
Naive Bayes,synapse,synapse-1.0.csv,synapse-1.1.csv,8,0.6126126126126126,0.6277599917014925,0.6829977024319852,0.6126126126126126,0.24836514600993378
Naive Bayes,synapse,synapse-1.0.csv,synapse-1.1.csv,9,0.6126126126126126,0.6277599917014925,0.6829977024319852,0.6126126126126126,0.24836514600993378
Naive Bayes,ivy,ivy-1.1.csv,ivy-1.4.csv,0,0.27385892116182575,0.41537170495283954,0.8930834185885885,0.27385892116182575,-0.04687275521964951
Naive Bayes,ivy,ivy-1.1.csv,ivy-1.4.csv,1,0.27385892116182575,0.41537170495283954,0.8930834185885885,0.27385892116182575,-0.04687275521964951
Naive Bayes,ivy,ivy-1.1.csv,ivy-1.4.csv,2,0.27385892116182575,0.41537170495283954,0.8930834185885885,0.27385892116182575,-0.04687275521964951
Naive Bayes,ivy,ivy-1.1.csv,ivy-1.4.csv,3,0.27385892116182575,0.41537170495283954,0.8930834185885885,0.27385892116182575,-0.04687275521964951
Naive Bayes,ivy,ivy-1.1.csv,ivy-1.4.csv,4,0.27385892116182575,0.41537170495283954,0.8930834185885885,0.27385892116182575,-0.04687275521964951
Naive Bayes,ivy,ivy-1.1.csv,ivy-1.4.csv,5,0.27385892116182575,0.41537170495283954,0.8930834185885885,0.27385892116182575,-0.04687275521964951
Naive Bayes,ivy,ivy-1.1.csv,ivy-1.4.csv,6,0.27385892116182575,0.41537170495283954,0.8930834185885885,0.27385892116182575,-0.04687275521964951
Naive Bayes,ivy,ivy-1.1.csv,ivy-1.4.csv,7,0.27385892116182575,0.41537170495283954,0.8930834185885885,0.27385892116182575,-0.04687275521964951
Naive Bayes,ivy,ivy-1.1.csv,ivy-1.4.csv,8,0.27385892116182575,0.41537170495283954,0.8930834185885885,0.27385892116182575,-0.04687275521964951
Naive Bayes,ivy,ivy-1.1.csv,ivy-1.4.csv,9,0.27385892116182575,0.41537170495283954,0.8930834185885885,0.27385892116182575,-0.04687275521964951
Naive Bayes,ant,ant-1.3.csv,ant-1.4.csv,0,0.5393258426966292,0.5882761156455375,0.6525053428976493,0.5393258426966292,0.004526255148464542
Naive Bayes,ant,ant-1.3.csv,ant-1.4.csv,1,0.5393258426966292,0.5882761156455375,0.6525053428976493,0.5393258426966292,0.004526255148464542
Naive Bayes,ant,ant-1.3.csv,ant-1.4.csv,2,0.5393258426966292,0.5882761156455375,0.6525053428976493,0.5393258426966292,0.004526255148464542
Naive Bayes,ant,ant-1.3.csv,ant-1.4.csv,3,0.5393258426966292,0.5882761156455375,0.6525053428976493,0.5393258426966292,0.004526255148464542
Naive Bayes,ant,ant-1.3.csv,ant-1.4.csv,4,0.5393258426966292,0.5882761156455375,0.6525053428976493,0.5393258426966292,0.004526255148464542
Naive Bayes,ant,ant-1.3.csv,ant-1.4.csv,5,0.5393258426966292,0.5882761156455375,0.6525053428976493,0.5393258426966292,0.004526255148464542
Naive Bayes,ant,ant-1.3.csv,ant-1.4.csv,6,0.5393258426966292,0.5882761156455375,0.6525053428976493,0.5393258426966292,0.004526255148464542
Naive Bayes,ant,ant-1.3.csv,ant-1.4.csv,7,0.5393258426966292,0.5882761156455375,0.6525053428976493,0.5393258426966292,0.004526255148464542
Naive Bayes,ant,ant-1.3.csv,ant-1.4.csv,8,0.5393258426966292,0.5882761156455375,0.6525053428976493,0.5393258426966292,0.004526255148464542
Naive Bayes,ant,ant-1.3.csv,ant-1.4.csv,9,0.5393258426966292,0.5882761156455375,0.6525053428976493,0.5393258426966292,0.004526255148464542
Logistic Regression,jedit,jedit-3.2.csv,jedit-4.0.csv,0,0.6993464052287581,0.6741433947316301,0.6584730510561713,0.6993464052287581,0.18575679929972494
Logistic Regression,jedit,jedit-3.2.csv,jedit-4.0.csv,1,0.6993464052287581,0.6741433947316301,0.6584730510561713,0.6993464052287581,0.18575679929972494
Logistic Regression,jedit,jedit-3.2.csv,jedit-4.0.csv,2,0.6993464052287581,0.6741433947316301,0.6584730510561713,0.6993464052287581,0.18575679929972494
Logistic Regression,jedit,jedit-3.2.csv,jedit-4.0.csv,3,0.6993464052287581,0.6741433947316301,0.6584730510561713,0.6993464052287581,0.18575679929972494
Logistic Regression,jedit,jedit-3.2.csv,jedit-4.0.csv,4,0.6993464052287581,0.6741433947316301,0.6584730510561713,0.6993464052287581,0.18575679929972494
Logistic Regression,jedit,jedit-3.2.csv,jedit-4.0.csv,5,0.6993464052287581,0.6741433947316301,0.6584730510561713,0.6993464052287581,0.18575679929972494
Logistic Regression,jedit,jedit-3.2.csv,jedit-4.0.csv,6,0.6993464052287581,0.6741433947316301,0.6584730510561713,0.6993464052287581,0.18575679929972494
Logistic Regression,jedit,jedit-3.2.csv,jedit-4.0.csv,7,0.6993464052287581,0.6741433947316301,0.6584730510561713,0.6993464052287581,0.18575679929972494
Logistic Regression,jedit,jedit-3.2.csv,jedit-4.0.csv,8,0.6993464052287581,0.6741433947316301,0.6584730510561713,0.6993464052287581,0.18575679929972494
Logistic Regression,jedit,jedit-3.2.csv,jedit-4.0.csv,9,0.6993464052287581,0.6741433947316301,0.6584730510561713,0.6993464052287581,0.18575679929972494
Logistic Regression,xerecs,xerces-1.2.csv,xerces-1.3.csv,0,0.8410596026490066,0.7782334636559484,0.7241410031776201,0.8410596026490066,0.06323571319426458
Logistic Regression,xerecs,xerces-1.2.csv,xerces-1.3.csv,1,0.8410596026490066,0.7782334636559484,0.7241410031776201,0.8410596026490066,0.06323571319426458
Logistic Regression,xerecs,xerces-1.2.csv,xerces-1.3.csv,2,0.8410596026490066,0.7782334636559484,0.7241410031776201,0.8410596026490066,0.06323571319426458
Logistic Regression,xerecs,xerces-1.2.csv,xerces-1.3.csv,3,0.8410596026490066,0.7782334636559484,0.7241410031776201,0.8410596026490066,0.06323571319426458
Logistic Regression,xerecs,xerces-1.2.csv,xerces-1.3.csv,4,0.8410596026490066,0.7782334636559484,0.7241410031776201,0.8410596026490066,0.06323571319426458
Logistic Regression,xerecs,xerces-1.2.csv,xerces-1.3.csv,5,0.8410596026490066,0.7782334636559484,0.7241410031776201,0.8410596026490066,0.06323571319426458
Logistic Regression,xerecs,xerces-1.2.csv,xerces-1.3.csv,6,0.8410596026490066,0.7782334636559484,0.7241410031776201,0.8410596026490066,0.06323571319426458
Logistic Regression,xerecs,xerces-1.2.csv,xerces-1.3.csv,7,0.8410596026490066,0.7782334636559484,0.7241410031776201,0.8410596026490066,0.06323571319426458
Logistic Regression,xerecs,xerces-1.2.csv,xerces-1.3.csv,8,0.8410596026490066,0.7782334636559484,0.7241410031776201,0.8410596026490066,0.06323571319426458
Logistic Regression,xerecs,xerces-1.2.csv,xerces-1.3.csv,9,0.8410596026490066,0.7782334636559484,0.7241410031776201,0.8410596026490066,0.06323571319426458
Logistic Regression,camel,camel-1.0.csv,camel-1.2.csv,0,0.6414473684210527,0.5091760604209817,0.4367943282664089,0.6414473684210527,0.03040943214668161
Logistic Regression,camel,camel-1.0.csv,camel-1.2.csv,1,0.6414473684210527,0.5091760604209817,0.4367943282664089,0.6414473684210527,0.03040943214668161
Logistic Regression,camel,camel-1.0.csv,camel-1.2.csv,2,0.6414473684210527,0.5091760604209817,0.4367943282664089,0.6414473684210527,0.03040943214668161
Logistic Regression,camel,camel-1.0.csv,camel-1.2.csv,3,0.6414473684210527,0.5091760604209817,0.4367943282664089,0.6414473684210527,0.03040943214668161
Logistic Regression,camel,camel-1.0.csv,camel-1.2.csv,4,0.6414473684210527,0.5091760604209817,0.4367943282664089,0.6414473684210527,0.03040943214668161
Logistic Regression,camel,camel-1.0.csv,camel-1.2.csv,5,0.6414473684210527,0.5091760604209817,0.4367943282664089,0.6414473684210527,0.03040943214668161
Logistic Regression,camel,camel-1.0.csv,camel-1.2.csv,6,0.6414473684210527,0.5091760604209817,0.4367943282664089,0.6414473684210527,0.03040943214668161
Logistic Regression,camel,camel-1.0.csv,camel-1.2.csv,7,0.6414473684210527,0.5091760604209817,0.4367943282664089,0.6414473684210527,0.03040943214668161
Logistic Regression,camel,camel-1.0.csv,camel-1.2.csv,8,0.6414473684210527,0.5091760604209817,0.4367943282664089,0.6414473684210527,0.03040943214668161
Logistic Regression,camel,camel-1.0.csv,camel-1.2.csv,9,0.6414473684210527,0.5091760604209817,0.4367943282664089,0.6414473684210527,0.03040943214668161
Logistic Regression,xalan,xalan-2.4.csv,xalan-2.5.csv,0,0.5006226650062267,0.3615187008764265,0.3509609962987352,0.5006226650062267,0.008537678586817624
Logistic Regression,xalan,xalan-2.4.csv,xalan-2.5.csv,1,0.5006226650062267,0.3615187008764265,0.3509609962987352,0.5006226650062267,0.008537678586817624
Logistic Regression,xalan,xalan-2.4.csv,xalan-2.5.csv,2,0.5006226650062267,0.3615187008764265,0.3509609962987352,0.5006226650062267,0.008537678586817624
Logistic Regression,xalan,xalan-2.4.csv,xalan-2.5.csv,3,0.5006226650062267,0.3615187008764265,0.3509609962987352,0.5006226650062267,0.008537678586817624
Logistic Regression,xalan,xalan-2.4.csv,xalan-2.5.csv,4,0.5006226650062267,0.3615187008764265,0.3509609962987352,0.5006226650062267,0.008537678586817624
Logistic Regression,xalan,xalan-2.4.csv,xalan-2.5.csv,5,0.5006226650062267,0.3615187008764265,0.3509609962987352,0.5006226650062267,0.008537678586817624
Logistic Regression,xalan,xalan-2.4.csv,xalan-2.5.csv,6,0.5006226650062267,0.3615187008764265,0.3509609962987352,0.5006226650062267,0.008537678586817624
Logistic Regression,xalan,xalan-2.4.csv,xalan-2.5.csv,7,0.5006226650062267,0.3615187008764265,0.3509609962987352,0.5006226650062267,0.008537678586817624
Logistic Regression,xalan,xalan-2.4.csv,xalan-2.5.csv,8,0.5006226650062267,0.3615187008764265,0.3509609962987352,0.5006226650062267,0.008537678586817624
Logistic Regression,xalan,xalan-2.4.csv,xalan-2.5.csv,9,0.5006226650062267,0.3615187008764265,0.3509609962987352,0.5006226650062267,0.008537678586817624
Logistic Regression,velocity,velocity-1.4.csv,velocity-1.5.csv,0,0.3317757009345794,0.24075934813971916,0.2650925872177396,0.3317757009345794,0.09830483062739304
Logistic Regression,velocity,velocity-1.4.csv,velocity-1.5.csv,1,0.3317757009345794,0.24075934813971916,0.2650925872177396,0.3317757009345794,0.09830483062739304
Logistic Regression,velocity,velocity-1.4.csv,velocity-1.5.csv,2,0.3317757009345794,0.24075934813971916,0.2650925872177396,0.3317757009345794,0.09830483062739304
Logistic Regression,velocity,velocity-1.4.csv,velocity-1.5.csv,3,0.3317757009345794,0.24075934813971916,0.2650925872177396,0.3317757009345794,0.09830483062739304
Logistic Regression,velocity,velocity-1.4.csv,velocity-1.5.csv,4,0.3317757009345794,0.24075934813971916,0.2650925872177396,0.3317757009345794,0.09830483062739304
Logistic Regression,velocity,velocity-1.4.csv,velocity-1.5.csv,5,0.3317757009345794,0.24075934813971916,0.2650925872177396,0.3317757009345794,0.09830483062739304
Logistic Regression,velocity,velocity-1.4.csv,velocity-1.5.csv,6,0.3317757009345794,0.24075934813971916,0.2650925872177396,0.3317757009345794,0.09830483062739304
Logistic Regression,velocity,velocity-1.4.csv,velocity-1.5.csv,7,0.3317757009345794,0.24075934813971916,0.2650925872177396,0.3317757009345794,0.09830483062739304
Logistic Regression,velocity,velocity-1.4.csv,velocity-1.5.csv,8,0.3317757009345794,0.24075934813971916,0.2650925872177396,0.3317757009345794,0.09830483062739304
Logistic Regression,velocity,velocity-1.4.csv,velocity-1.5.csv,9,0.3317757009345794,0.24075934813971916,0.2650925872177396,0.3317757009345794,0.09830483062739304
Logistic Regression,log4j,log4j-1.0.csv,log4j-1.1.csv,0,0.6880733944954128,0.6387054675782544,0.6066180021018547,0.6880733944954128,0.3279083362391094
Logistic Regression,log4j,log4j-1.0.csv,log4j-1.1.csv,1,0.6880733944954128,0.6387054675782544,0.6066180021018547,0.6880733944954128,0.3279083362391094
Logistic Regression,log4j,log4j-1.0.csv,log4j-1.1.csv,2,0.6880733944954128,0.6387054675782544,0.6066180021018547,0.6880733944954128,0.3279083362391094
Logistic Regression,log4j,log4j-1.0.csv,log4j-1.1.csv,3,0.6880733944954128,0.6387054675782544,0.6066180021018547,0.6880733944954128,0.3279083362391094
Logistic Regression,log4j,log4j-1.0.csv,log4j-1.1.csv,4,0.6880733944954128,0.6387054675782544,0.6066180021018547,0.6880733944954128,0.3279083362391094
Logistic Regression,log4j,log4j-1.0.csv,log4j-1.1.csv,5,0.6880733944954128,0.6387054675782544,0.6066180021018547,0.6880733944954128,0.3279083362391094
Logistic Regression,log4j,log4j-1.0.csv,log4j-1.1.csv,6,0.6880733944954128,0.6387054675782544,0.6066180021018547,0.6880733944954128,0.3279083362391094
Logistic Regression,log4j,log4j-1.0.csv,log4j-1.1.csv,7,0.6880733944954128,0.6387054675782544,0.6066180021018547,0.6880733944954128,0.3279083362391094
Logistic Regression,log4j,log4j-1.0.csv,log4j-1.1.csv,8,0.6880733944954128,0.6387054675782544,0.6066180021018547,0.6880733944954128,0.3279083362391094
Logistic Regression,log4j,log4j-1.0.csv,log4j-1.1.csv,9,0.6880733944954128,0.6387054675782544,0.6066180021018547,0.6880733944954128,0.3279083362391094
Logistic Regression,lucene,lucene-2.0.csv,lucene-2.2.csv,0,0.4291497975708502,0.3598729275001784,0.3584820954720423,0.4291497975708502,0.1439678833364002
Logistic Regression,lucene,lucene-2.0.csv,lucene-2.2.csv,1,0.4291497975708502,0.3598729275001784,0.3584820954720423,0.4291497975708502,0.1439678833364002
Logistic Regression,lucene,lucene-2.0.csv,lucene-2.2.csv,2,0.4291497975708502,0.3598729275001784,0.3584820954720423,0.4291497975708502,0.1439678833364002
Logistic Regression,lucene,lucene-2.0.csv,lucene-2.2.csv,3,0.4291497975708502,0.3598729275001784,0.3584820954720423,0.4291497975708502,0.1439678833364002
Logistic Regression,lucene,lucene-2.0.csv,lucene-2.2.csv,4,0.4291497975708502,0.3598729275001784,0.3584820954720423,0.4291497975708502,0.1439678833364002
Logistic Regression,lucene,lucene-2.0.csv,lucene-2.2.csv,5,0.4291497975708502,0.3598729275001784,0.3584820954720423,0.4291497975708502,0.1439678833364002
Logistic Regression,lucene,lucene-2.0.csv,lucene-2.2.csv,6,0.4291497975708502,0.3598729275001784,0.3584820954720423,0.4291497975708502,0.1439678833364002
Logistic Regression,lucene,lucene-2.0.csv,lucene-2.2.csv,7,0.4291497975708502,0.3598729275001784,0.3584820954720423,0.4291497975708502,0.1439678833364002
Logistic Regression,lucene,lucene-2.0.csv,lucene-2.2.csv,8,0.4291497975708502,0.3598729275001784,0.3584820954720423,0.4291497975708502,0.1439678833364002
Logistic Regression,lucene,lucene-2.0.csv,lucene-2.2.csv,9,0.4291497975708502,0.3598729275001784,0.3584820954720423,0.4291497975708502,0.1439678833364002
Logistic Regression,poi,poi-1.5.csv,poi-2.0.csv,0,0.40764331210191085,0.522505290637702,0.7680020130722447,0.40764331210191085,-0.11114640103071281
Logistic Regression,poi,poi-1.5.csv,poi-2.0.csv,1,0.40764331210191085,0.522505290637702,0.7680020130722447,0.40764331210191085,-0.11114640103071281
Logistic Regression,poi,poi-1.5.csv,poi-2.0.csv,2,0.40764331210191085,0.522505290637702,0.7680020130722447,0.40764331210191085,-0.11114640103071281
Logistic Regression,poi,poi-1.5.csv,poi-2.0.csv,3,0.40764331210191085,0.522505290637702,0.7680020130722447,0.40764331210191085,-0.11114640103071281
Logistic Regression,poi,poi-1.5.csv,poi-2.0.csv,4,0.40764331210191085,0.522505290637702,0.7680020130722447,0.40764331210191085,-0.11114640103071281
Logistic Regression,poi,poi-1.5.csv,poi-2.0.csv,5,0.40764331210191085,0.522505290637702,0.7680020130722447,0.40764331210191085,-0.11114640103071281
Logistic Regression,poi,poi-1.5.csv,poi-2.0.csv,6,0.40764331210191085,0.522505290637702,0.7680020130722447,0.40764331210191085,-0.11114640103071281
Logistic Regression,poi,poi-1.5.csv,poi-2.0.csv,7,0.40764331210191085,0.522505290637702,0.7680020130722447,0.40764331210191085,-0.11114640103071281
Logistic Regression,poi,poi-1.5.csv,poi-2.0.csv,8,0.40764331210191085,0.522505290637702,0.7680020130722447,0.40764331210191085,-0.11114640103071281
Logistic Regression,poi,poi-1.5.csv,poi-2.0.csv,9,0.40764331210191085,0.522505290637702,0.7680020130722447,0.40764331210191085,-0.11114640103071281
Logistic Regression,synapse,synapse-1.0.csv,synapse-1.1.csv,0,0.7027027027027027,0.6358281358281359,0.5986531085540987,0.7027027027027027,0.0936619899075196
Logistic Regression,synapse,synapse-1.0.csv,synapse-1.1.csv,1,0.7027027027027027,0.6358281358281359,0.5986531085540987,0.7027027027027027,0.0936619899075196
Logistic Regression,synapse,synapse-1.0.csv,synapse-1.1.csv,2,0.7027027027027027,0.6358281358281359,0.5986531085540987,0.7027027027027027,0.0936619899075196
Logistic Regression,synapse,synapse-1.0.csv,synapse-1.1.csv,3,0.7027027027027027,0.6358281358281359,0.5986531085540987,0.7027027027027027,0.0936619899075196
Logistic Regression,synapse,synapse-1.0.csv,synapse-1.1.csv,4,0.7027027027027027,0.6358281358281359,0.5986531085540987,0.7027027027027027,0.0936619899075196
Logistic Regression,synapse,synapse-1.0.csv,synapse-1.1.csv,5,0.7027027027027027,0.6358281358281359,0.5986531085540987,0.7027027027027027,0.0936619899075196
Logistic Regression,synapse,synapse-1.0.csv,synapse-1.1.csv,6,0.7027027027027027,0.6358281358281359,0.5986531085540987,0.7027027027027027,0.0936619899075196
Logistic Regression,synapse,synapse-1.0.csv,synapse-1.1.csv,7,0.7027027027027027,0.6358281358281359,0.5986531085540987,0.7027027027027027,0.0936619899075196
Logistic Regression,synapse,synapse-1.0.csv,synapse-1.1.csv,8,0.7027027027027027,0.6358281358281359,0.5986531085540987,0.7027027027027027,0.0936619899075196
Logistic Regression,synapse,synapse-1.0.csv,synapse-1.1.csv,9,0.7027027027027027,0.6358281358281359,0.5986531085540987,0.7027027027027027,0.0936619899075196
Logistic Regression,ivy,ivy-1.1.csv,ivy-1.4.csv,0,0.6597510373443983,0.7583009258678625,0.89207452215501,0.6597510373443983,0.04665547686169468
Logistic Regression,ivy,ivy-1.1.csv,ivy-1.4.csv,1,0.6597510373443983,0.7583009258678625,0.89207452215501,0.6597510373443983,0.04665547686169468
Logistic Regression,ivy,ivy-1.1.csv,ivy-1.4.csv,2,0.6597510373443983,0.7583009258678625,0.89207452215501,0.6597510373443983,0.04665547686169468
Logistic Regression,ivy,ivy-1.1.csv,ivy-1.4.csv,3,0.6597510373443983,0.7583009258678625,0.89207452215501,0.6597510373443983,0.04665547686169468
Logistic Regression,ivy,ivy-1.1.csv,ivy-1.4.csv,4,0.6597510373443983,0.7583009258678625,0.89207452215501,0.6597510373443983,0.04665547686169468
Logistic Regression,ivy,ivy-1.1.csv,ivy-1.4.csv,5,0.6597510373443983,0.7583009258678625,0.89207452215501,0.6597510373443983,0.04665547686169468
Logistic Regression,ivy,ivy-1.1.csv,ivy-1.4.csv,6,0.6597510373443983,0.7583009258678625,0.89207452215501,0.6597510373443983,0.04665547686169468
Logistic Regression,ivy,ivy-1.1.csv,ivy-1.4.csv,7,0.6597510373443983,0.7583009258678625,0.89207452215501,0.6597510373443983,0.04665547686169468
Logistic Regression,ivy,ivy-1.1.csv,ivy-1.4.csv,8,0.6597510373443983,0.7583009258678625,0.89207452215501,0.6597510373443983,0.04665547686169468
Logistic Regression,ivy,ivy-1.1.csv,ivy-1.4.csv,9,0.6597510373443983,0.7583009258678625,0.89207452215501,0.6597510373443983,0.04665547686169468
Logistic Regression,ant,ant-1.3.csv,ant-1.4.csv,0,0.7415730337078652,0.686743664450246,0.7007919317720319,0.7415730337078652,0.05312686236417592
Logistic Regression,ant,ant-1.3.csv,ant-1.4.csv,1,0.7415730337078652,0.686743664450246,0.7007919317720319,0.7415730337078652,0.05312686236417592
Logistic Regression,ant,ant-1.3.csv,ant-1.4.csv,2,0.7415730337078652,0.686743664450246,0.7007919317720319,0.7415730337078652,0.05312686236417592
Logistic Regression,ant,ant-1.3.csv,ant-1.4.csv,3,0.7415730337078652,0.686743664450246,0.7007919317720319,0.7415730337078652,0.05312686236417592
Logistic Regression,ant,ant-1.3.csv,ant-1.4.csv,4,0.7415730337078652,0.686743664450246,0.7007919317720319,0.7415730337078652,0.05312686236417592
Logistic Regression,ant,ant-1.3.csv,ant-1.4.csv,5,0.7415730337078652,0.686743664450246,0.7007919317720319,0.7415730337078652,0.05312686236417592
Logistic Regression,ant,ant-1.3.csv,ant-1.4.csv,6,0.7415730337078652,0.686743664450246,0.7007919317720319,0.7415730337078652,0.05312686236417592
Logistic Regression,ant,ant-1.3.csv,ant-1.4.csv,7,0.7415730337078652,0.686743664450246,0.7007919317720319,0.7415730337078652,0.05312686236417592
Logistic Regression,ant,ant-1.3.csv,ant-1.4.csv,8,0.7415730337078652,0.686743664450246,0.7007919317720319,0.7415730337078652,0.05312686236417592
Logistic Regression,ant,ant-1.3.csv,ant-1.4.csv,9,0.7415730337078652,0.686743664450246,0.7007919317720319,0.7415730337078652,0.05312686236417592
