,Kind,Name,AvgCyclomatic,AvgCyclomaticModified,AvgCyclomaticStrict,AvgEssential,AvgLine,AvgLineBlank,AvgLineCode,AvgLineComment,CountDeclClass,CountDeclClassMethod,CountDeclClassVariable,CountDeclFunction,CountDeclInstanceMethod,CountDeclInstanceVariable,CountDeclMethod,CountDeclMethodDefault,CountDeclMethodPrivate,CountDeclMethodProtected,CountDeclMethodPublic,CountLine,CountLineBlank,CountLineCode,CountLineCodeDecl,CountLineCodeExe,CountLineComment,CountSemicolon,CountStmt,CountStmtDecl,CountStmtExe,MaxCyclomatic,MaxCyclomaticModified,MaxCyclomaticStrict,RatioCommentToCode,SumCyclomatic,SumCyclomaticModified,SumCyclomaticStrict,SumEssential,MaxNesting,bug
0,File,org.apache.camel.Body,0,0,0,0,0,0,0,0,1,0,0,0,0,0,0,0,0,0,0,33,2,9,8,0,22,5,6,6,0,0,0,0,2.44,0,0,0,0,0,0.0
1,File,org.apache.camel.CamelContext,0,0,0,0,0,0,0,0,1,0,0,17,17,0,17,17,0,0,0,168,26,26,25,0,116,24,25,25,0,0,0,0,4.46,0,0,0,0,0,1.0
2,File,org.apache.camel.CamelException,1,1,1,1,2,0,2,0,1,0,0,4,4,0,4,0,0,0,4,41,5,14,6,3,22,4,9,6,3,1,1,1,1.57,4,4,4,4,0,0.0
3,File,org.apache.camel.CamelTemplate,1,1,1,1,7,0,5,2,5,0,0,29,29,5,29,0,0,5,24,279,33,142,54,71,104,64,101,55,46,5,5,5,0.73,35,35,35,29,3,0.0
4,File,org.apache.camel.Component,0,0,0,0,0,0,0,0,1,0,0,3,3,0,3,3,0,0,0,47,5,6,5,0,36,4,5,5,0,0,0,0,6.0,0,0,0,0,0,0.0
5,File,org.apache.camel.Consumer,0,0,0,0,0,0,0,0,1,0,0,0,0,0,0,0,0,0,0,26,1,3,2,0,22,1,2,2,0,0,0,0,7.33,0,0,0,0,0,0.0
6,File,org.apache.camel.Converter,0,0,0,0,0,0,0,0,1,0,0,0,0,0,0,0,0,0,0,33,2,9,8,0,22,5,6,6,0,0,0,0,2.44,0,0,0,0,0,0.0
7,File,org.apache.camel.Endpoint,0,0,0,0,0,0,0,0,1,0,0,9,9,0,9,9,0,0,0,92,11,12,11,0,69,10,11,11,0,0,0,0,5.75,0,0,0,0,0,0.0
8,File,org.apache.camel.EndpointInject,0,0,0,0,0,0,0,0,1,0,0,2,2,0,2,2,0,0,0,38,2,11,10,0,25,7,8,8,0,0,0,0,2.27,0,0,0,0,0,0.0
9,File,org.apache.camel.Exchange,0,0,0,0,0,0,0,0,1,0,0,15,15,0,15,15,0,0,0,136,20,19,18,0,97,17,18,18,0,0,0,0,5.11,0,0,0,0,0,0.0
10,File,org.apache.camel.ExpectedBodyTypeException,1,1,1,1,3,0,3,0,1,0,0,3,3,2,3,0,0,0,3,42,4,16,7,5,22,8,12,7,5,1,1,1,1.38,3,3,3,3,0,0.0
11,File,org.apache.camel.Expression,0,0,0,0,0,0,0,0,1,0,0,1,1,0,1,1,0,0,0,39,2,4,3,0,33,2,3,3,0,0,0,0,8.25,0,0,0,0,0,0.0
12,File,org.apache.camel.FailedToCreateProducerException,1,1,1,1,3,0,3,0,1,0,0,2,2,1,2,0,0,0,2,34,3,11,5,3,20,5,8,5,3,1,1,1,1.82,2,2,2,2,0,0.0
13,File,org.apache.camel.Header,0,0,0,0,0,0,0,0,1,0,0,1,1,0,1,1,0,0,0,34,2,10,9,0,22,6,7,7,0,0,0,0,2.2,0,0,0,0,0,0.0
14,File,org.apache.camel.InvalidHeaderTypeException,1,1,1,1,4,0,3,0,1,1,1,4,3,1,4,0,0,1,3,49,7,20,8,8,22,9,14,8,6,2,2,2,1.1,5,5,5,4,0,0.0
15,File,org.apache.camel.Message,0,0,0,0,0,0,0,0,1,0,0,13,13,0,13,9,0,0,4,119,16,17,16,0,86,15,16,16,0,0,0,0,5.06,0,0,0,0,0,1.0
16,File,org.apache.camel.MessageDriven,0,0,0,0,0,0,0,0,1,0,0,2,2,0,2,2,0,0,0,40,2,11,10,0,27,7,8,8,0,0,0,0,2.45,0,0,0,0,0,0.0
17,File,org.apache.camel.NoSuchEndpointException,1,1,1,1,3,0,3,0,1,0,1,2,2,1,2,0,0,0,2,40,4,13,7,4,23,7,10,7,3,1,1,1,1.77,2,2,2,2,0,0.0
18,File,org.apache.camel.NoTypeConversionAvailableException,1,1,1,1,7,0,3,3,1,0,0,3,3,2,3,0,0,0,3,52,4,16,7,5,32,8,12,7,5,1,1,1,2.0,3,3,3,3,0,0.0
19,File,org.apache.camel.PollingConsumer,0,0,0,0,0,0,0,0,1,0,0,3,3,0,3,3,0,0,0,55,5,6,5,0,44,4,5,5,0,0,0,0,7.33,0,0,0,0,0,0.0
20,File,org.apache.camel.Predicate,0,0,0,0,0,0,0,0,1,0,0,2,2,0,2,2,0,0,0,51,4,5,4,0,42,3,4,4,0,0,0,0,8.4,0,0,0,0,0,0.0
21,File,org.apache.camel.Processor,0,0,0,0,0,0,0,0,1,0,0,1,1,0,1,1,0,0,0,36,2,4,3,0,30,2,3,3,0,0,0,0,7.5,0,0,0,0,0,1.0
22,File,org.apache.camel.Producer,0,0,0,0,0,0,0,0,1,0,0,3,3,0,3,3,0,0,0,41,4,6,5,0,31,4,5,5,0,0,0,0,5.17,0,0,0,0,0,0.0
23,File,org.apache.camel.Property,0,0,0,0,0,0,0,0,1,0,0,1,1,0,1,1,0,0,0,34,2,10,9,0,22,6,7,7,0,0,0,0,2.2,0,0,0,0,0,0.0
24,File,org.apache.camel.ResolveEndpointFailedException,1,1,1,1,3,0,3,0,1,0,0,2,2,1,2,0,0,0,2,36,3,11,5,3,22,5,8,5,3,1,1,1,2.0,2,2,2,2,0,0.0
25,File,org.apache.camel.Route,1,1,1,1,4,0,3,1,1,0,0,8,8,3,8,0,0,1,7,80,10,34,18,11,36,18,26,18,8,1,1,1,1.06,7,7,7,7,0,0.0
26,File,org.apache.camel.RuntimeCamelException,1,1,1,1,2,0,2,0,1,0,1,4,4,0,4,0,0,0,4,39,5,15,7,4,19,5,10,7,3,1,1,1,1.27,4,4,4,4,0,0.0
27,File,org.apache.camel.RuntimeExpressionException,1,1,1,1,3,0,3,0,1,0,1,3,3,0,3,0,0,0,3,40,5,13,6,4,22,5,9,6,3,1,1,1,1.69,3,3,3,3,0,0.0
28,File,org.apache.camel.RuntimeTransformException,1,1,1,1,3,0,3,0,1,0,1,3,3,0,3,0,0,0,3,40,5,13,6,4,22,5,9,6,3,1,1,1,1.69,3,3,3,3,0,0.0
29,File,org.apache.camel.Service,0,0,0,0,0,0,0,0,1,0,0,2,2,0,2,2,0,0,0,40,3,5,4,0,32,3,4,4,0,0,0,0,6.4,0,0,0,0,0,0.0
30,File,org.apache.camel.TypeConverter,0,0,0,0,0,0,0,0,1,0,0,1,1,0,1,1,0,0,0,35,1,4,3,0,30,2,3,3,0,0,0,0,7.5,0,0,0,0,0,0.0
31,File,org.apache.camel.builder.Builder,1,1,1,1,6,0,3,3,1,8,0,8,0,0,8,0,0,0,8,95,11,35,18,14,49,17,26,18,8,1,1,1,1.4,8,8,8,8,0,0.0
32,File,org.apache.camel.builder.BuilderSupport,1,1,1,1,5,0,3,1,1,0,0,27,27,3,27,0,0,3,24,240,31,135,62,42,74,47,82,44,38,2,2,3,0.55,32,32,33,27,1,0.0
33,File,org.apache.camel.builder.ChoiceBuilder,1,1,1,1,6,0,5,0,1,0,0,6,6,3,6,0,0,0,6,81,10,47,25,17,24,24,34,21,13,3,3,3,0.51,8,8,8,6,1,0.0
34,File,org.apache.camel.builder.ConstantProcessorBuilder,1,1,1,1,3,0,3,0,1,0,0,2,2,1,2,0,0,0,2,36,4,12,7,2,20,6,9,7,2,1,1,1,1.67,2,2,2,2,0,0.0
35,File,org.apache.camel.builder.DeadLetterChannelBuilder,1,1,1,1,5,0,3,1,2,0,0,29,29,6,29,0,0,0,29,217,30,127,48,51,60,60,93,49,44,2,2,2,0.47,32,32,32,29,1,0.0
36,File,org.apache.camel.builder.ErrorHandlerBuilder,0,0,0,0,0,0,0,0,1,0,0,2,2,0,2,2,0,0,0,36,3,7,6,0,26,5,6,6,0,0,0,0,3.71,0,0,0,0,0,0.0
37,File,org.apache.camel.builder.ExpressionBuilder,1,1,1,1,8,0,6,1,16,17,0,46,29,0,46,0,0,0,46,331,38,209,39,130,84,74,126,68,58,3,3,3,0.4,52,52,53,46,1,0.0
38,File,org.apache.camel.builder.FilterBuilder,1,1,1,1,5,0,3,1,1,0,0,5,5,1,5,0,0,0,5,61,8,27,13,9,26,15,21,13,8,1,1,1,0.96,5,5,5,5,0,0.0
39,File,org.apache.camel.builder.Fluent,0,0,0,0,0,0,0,0,1,0,0,3,3,0,3,3,0,0,0,49,5,12,11,0,32,8,9,9,0,0,0,0,2.67,0,0,0,0,0,0.0
40,File,org.apache.camel.builder.FluentArg,0,0,0,0,0,0,0,0,1,0,0,4,4,0,4,4,0,0,0,34,2,13,12,0,19,9,10,10,0,0,0,0,1.46,0,0,0,0,0,0.0
41,File,org.apache.camel.builder.FromBuilder,1,1,1,1,7,0,4,2,2,0,1,48,48,5,48,0,0,6,42,502,52,286,133,116,164,130,188,96,92,5,5,5,0.57,55,55,55,48,2,0.0
42,File,org.apache.camel.builder.IdempotentConsumerBuilder,1,1,1,1,3,0,3,0,1,0,0,4,4,2,4,0,0,2,2,59,6,26,15,6,27,14,19,13,6,1,1,1,1.04,4,4,4,4,0,0.0
43,File,org.apache.camel.builder.InterceptorBuilder,2,2,2,1,9,0,7,0,1,0,0,4,4,3,4,0,0,0,4,77,10,45,20,20,22,24,35,19,16,7,7,7,0.49,10,10,10,4,2,0.0
44,File,org.apache.camel.builder.LoggingErrorHandlerBuilder,1,1,1,1,3,0,3,0,1,0,0,9,9,2,9,0,0,0,9,75,11,42,21,14,22,22,32,21,11,1,1,1,0.52,9,9,9,9,0,0.0
45,File,org.apache.camel.builder.MulticastBuilder,1,1,1,1,3,0,3,0,1,0,0,2,2,1,2,0,0,0,2,44,5,17,11,3,22,10,13,10,3,1,1,1,1.29,2,2,2,2,0,0.0
46,File,org.apache.camel.builder.NoErrorHandlerBuilder,1,1,1,1,3,0,3,0,1,0,0,2,2,0,2,0,0,0,2,40,3,11,6,2,26,5,8,6,2,1,1,1,2.36,2,2,2,2,0,0.0
47,File,org.apache.camel.builder.PipelineBuilder,1,1,1,1,3,0,3,0,1,0,0,2,2,1,2,0,0,0,2,44,5,17,11,3,22,10,13,10,3,1,1,1,1.29,2,2,2,2,0,0.0
48,File,org.apache.camel.builder.PolicyBuilder,1,1,1,1,6,0,5,0,1,0,0,4,4,3,4,0,0,0,4,66,10,35,18,13,21,20,28,17,11,3,3,3,0.6,6,6,6,4,1,0.0
49,File,org.apache.camel.builder.PredicateBuilder,1,1,1,1,7,0,5,0,12,14,0,38,24,0,38,0,0,16,22,240,41,158,29,92,41,61,101,53,48,2,2,2,0.26,39,39,41,38,1,1.0
50,File,org.apache.camel.builder.PredicateFactory,0,0,0,0,0,0,0,0,1,0,0,1,1,0,1,0,0,0,1,36,3,6,5,0,27,4,5,5,0,0,0,0,4.5,0,0,0,0,0,0.0
51,File,org.apache.camel.builder.ProcessorBuilder,1,1,1,1,7,0,6,1,6,5,0,15,10,0,15,0,0,0,15,115,12,66,15,40,37,24,40,25,15,1,1,1,0.56,15,15,15,15,0,0.0
52,File,org.apache.camel.builder.ProcessorFactory,0,0,0,0,0,0,0,0,1,0,0,1,1,0,1,0,0,0,1,31,4,6,5,0,21,4,5,5,0,0,0,0,3.5,0,0,0,0,0,0.0
53,File,org.apache.camel.builder.RecipientListBuilder,1,1,1,1,3,0,3,0,1,0,0,2,2,1,2,0,0,0,2,42,5,15,9,3,22,9,12,9,3,1,1,1,1.47,2,2,2,2,0,0.0
54,File,org.apache.camel.builder.ResequencerBuilder,1,1,1,1,4,0,4,0,2,0,0,10,10,3,10,0,0,1,9,88,13,51,23,21,24,26,37,24,13,1,1,1,0.47,10,10,10,10,0,0.0
55,File,org.apache.camel.builder.RouteBuilder,1,1,1,1,6,0,4,1,1,0,0,14,14,3,14,0,0,5,9,148,17,81,34,35,50,41,61,33,28,3,3,3,0.62,18,18,18,13,1,0.0
56,File,org.apache.camel.builder.SplitterBuilder,1,1,1,1,4,0,4,0,1,0,0,2,2,1,2,0,0,0,2,44,5,16,10,4,23,10,13,10,3,1,1,1,1.44,2,2,2,2,0,0.0
57,File,org.apache.camel.builder.ToBuilder,1,1,1,1,3,0,3,0,1,0,0,2,2,1,2,0,0,0,2,40,4,16,10,3,20,9,12,9,3,1,1,1,1.25,2,2,2,2,0,0.0
58,File,org.apache.camel.builder.UndefinedDestinationException,1,1,1,1,3,0,3,0,1,0,1,1,1,0,1,0,0,0,1,31,3,8,5,2,20,4,6,5,1,1,1,1,2.5,1,1,1,1,0,0.0
59,File,org.apache.camel.builder.ValueBuilder,1,1,1,1,5,0,3,1,1,0,0,26,26,1,26,0,0,2,24,227,35,123,65,41,69,44,72,44,28,2,2,2,0.56,27,27,27,26,1,0.0
60,File,org.apache.camel.builder.WhenBuilder,1,1,1,1,4,0,4,0,1,0,0,4,4,1,4,0,0,0,4,55,6,29,16,8,20,13,18,10,8,1,1,1,0.69,4,4,4,4,0,0.0
61,File,org.apache.camel.builder.xml.DefaultNamespaceContext,2,2,2,1,8,0,8,0,1,0,0,8,8,2,8,0,0,0,8,121,12,82,34,39,27,48,66,37,29,5,5,5,0.33,19,19,20,11,2,0.0
62,File,org.apache.camel.builder.xml.DomResultHandler,1,1,1,1,3,0,3,0,1,0,0,2,2,1,2,0,0,0,2,40,5,13,8,3,22,7,10,8,2,1,1,1,1.69,2,2,2,2,0,0.0
63,File,org.apache.camel.builder.xml.InvalidXPathExpression,1,1,1,1,3,0,3,0,1,0,0,2,2,1,2,0,0,0,2,40,5,13,7,3,22,7,10,7,3,1,1,1,1.69,2,2,2,2,0,0.0
64,File,org.apache.camel.builder.xml.MessageVariableResolver,3,3,3,1,12,0,11,0,1,0,6,4,4,2,4,0,0,0,4,101,11,66,26,35,29,34,49,26,23,11,11,12,0.44,14,14,15,4,3,0.0
65,File,org.apache.camel.builder.xml.NamespaceBuilder,1,1,1,1,6,0,4,1,1,2,0,4,2,1,4,0,0,0,4,59,6,25,12,10,28,13,20,13,7,2,2,2,1.12,5,5,5,4,1,0.0
66,File,org.apache.camel.builder.xml.ResultHandler,0,0,0,0,0,0,0,0,1,0,0,2,2,0,2,2,0,0,0,33,4,7,6,0,22,5,6,6,0,0,0,0,3.14,0,0,0,0,0,0.0
67,File,org.apache.camel.builder.xml.StreamResultHandler,1,1,1,1,3,0,3,0,1,0,0,2,2,2,2,0,0,0,2,42,5,15,10,4,22,9,12,10,2,1,1,1,1.47,2,2,2,2,0,0.0
68,File,org.apache.camel.builder.xml.StringResultHandler,1,1,1,1,3,0,3,0,1,0,0,2,2,2,2,0,0,0,2,42,5,15,10,4,22,9,12,10,2,1,1,1,1.47,2,2,2,2,0,0.0
69,File,org.apache.camel.builder.xml.XPathBuilder,1,1,1,1,7,0,5,1,1,1,0,30,29,9,30,0,0,3,27,321,43,197,69,90,81,94,139,68,71,6,6,6,0.41,45,45,45,35,3,0.0
70,File,org.apache.camel.builder.xml.XsltBuilder,1,1,1,1,5,0,4,1,1,5,0,25,20,5,25,0,0,3,22,237,33,145,60,63,59,78,110,60,50,4,4,4,0.41,30,30,30,25,3,1.0
71,File,org.apache.camel.component.direct.DirectComponent,1,1,1,1,5,0,4,0,1,0,0,4,4,1,4,0,0,0,4,67,11,33,20,10,23,21,27,20,7,2,2,2,0.7,5,5,5,4,1,0.0
72,File,org.apache.camel.component.direct.DirectEndpoint,1,1,1,1,6,0,5,0,3,0,1,11,11,2,11,0,0,1,10,106,15,66,25,29,25,31,47,29,18,3,3,3,0.38,14,14,15,11,2,0.0
73,File,org.apache.camel.component.file.FileComponent,1,1,1,1,3,0,3,0,1,0,0,3,3,0,3,0,0,1,2,47,5,20,13,5,22,12,16,13,3,1,1,1,1.1,3,3,3,3,0,0.0
74,File,org.apache.camel.component.file.FileConsumer,2,2,2,1,8,0,7,1,1,0,1,13,13,5,13,0,0,6,7,164,16,110,33,54,40,47,74,34,40,7,7,8,0.36,26,26,29,13,5,1.0
75,File,org.apache.camel.component.file.FileEndpoint,1,1,1,1,6,0,3,2,1,0,0,9,9,2,9,0,0,1,8,106,14,44,20,16,48,22,33,20,13,2,2,3,1.09,10,10,11,9,1,1.0
76,File,org.apache.camel.component.file.FileExchange,1,1,1,1,7,0,3,3,1,0,0,3,3,1,3,0,0,0,3,57,5,19,10,5,33,11,15,10,5,1,1,1,1.74,3,3,3,3,0,0.0
77,File,org.apache.camel.component.file.FileMessage,1,1,1,1,3,0,3,0,1,0,0,7,7,1,7,0,0,0,7,66,13,31,16,7,22,12,20,13,7,1,1,1,0.71,7,7,7,7,0,0.0
78,File,org.apache.camel.component.file.FileProducer,1,1,2,1,10,0,9,1,1,0,1,4,4,1,4,0,1,0,3,81,9,50,24,26,22,32,40,24,16,3,3,4,0.44,7,7,8,4,1,2.0
79,File,org.apache.camel.component.jmx.JMXComponent,1,1,1,1,3,0,3,0,1,0,0,5,5,1,5,0,0,1,4,59,10,27,15,7,22,15,21,15,6,1,1,1,0.81,5,5,5,5,0,0.0
80,File,org.apache.camel.component.jmx.JMXConsumer,1,1,1,1,5,0,5,0,1,0,0,2,2,1,2,0,0,0,2,46,5,20,10,6,21,10,14,9,5,2,2,2,1.05,3,3,3,2,1,0.0
81,File,org.apache.camel.component.jmx.JMXEndpoint,1,1,1,1,4,0,4,0,1,0,1,18,18,9,18,0,0,1,17,162,33,96,44,38,33,55,75,43,32,3,3,3,0.34,20,20,20,18,1,0.0
82,File,org.apache.camel.component.jmx.JMXExchange,1,1,1,1,9,0,4,5,1,0,0,1,1,0,1,0,0,0,1,41,3,11,7,2,27,7,9,7,2,1,1,1,2.45,1,1,1,1,0,0.0
83,File,org.apache.camel.component.jmx.JMXMessage,1,1,1,1,3,0,3,0,1,0,0,6,6,1,6,0,0,0,6,57,10,25,12,6,22,11,18,12,6,1,1,1,0.88,6,6,6,6,0,0.0
84,File,org.apache.camel.component.mock.AssertionClause,1,1,1,1,6,0,3,2,2,0,0,10,10,1,10,0,0,3,7,121,16,60,34,19,45,29,43,30,13,2,2,2,0.75,11,11,11,10,1,0.0
85,File,org.apache.camel.component.mock.MockComponent,1,1,1,1,3,0,3,0,1,0,0,1,1,0,1,0,0,1,0,37,4,11,8,1,22,6,8,7,1,1,1,1,2.0,1,1,1,1,0,0.0
86,File,org.apache.camel.component.mock.MockEndpoint,1,1,1,1,8,0,6,1,5,4,1,36,32,8,36,0,0,4,32,367,51,240,80,121,76,105,177,90,87,9,9,9,0.32,63,63,63,36,2,0.0
87,File,org.apache.camel.component.pojo.NoPojoAvailableException,1,1,1,1,3,0,3,0,1,0,0,2,2,1,2,0,0,0,2,36,4,12,6,3,20,6,9,6,3,1,1,1,1.67,2,2,2,2,0,0.0
88,File,org.apache.camel.component.pojo.PojoComponent,1,1,1,1,7,0,5,1,2,4,0,9,5,1,9,0,0,1,8,109,13,58,29,23,38,30,42,27,15,2,2,2,0.66,11,11,11,9,1,0.0
89,File,org.apache.camel.component.pojo.PojoEndpoint,1,1,1,1,6,0,5,0,2,1,0,9,8,1,9,0,0,0,9,101,12,62,25,26,27,31,43,26,17,4,4,4,0.44,13,13,13,9,1,0.0
90,File,org.apache.camel.component.pojo.PojoExchange,1,1,1,1,3,0,3,0,1,0,0,4,4,0,4,0,0,0,4,44,6,19,10,4,19,8,13,9,4,1,1,1,1.0,4,4,4,4,0,0.0
91,File,org.apache.camel.component.pojo.PojoInvocation,1,1,1,1,3,0,3,0,1,0,0,4,4,3,4,0,0,0,4,46,9,21,10,6,16,11,16,10,6,1,1,1,0.76,4,4,4,4,0,0.0
92,File,org.apache.camel.component.pojo.timer.TimerComponent,1,1,1,1,3,0,3,0,1,0,0,3,3,1,3,2,0,1,0,47,6,19,12,4,22,10,14,11,3,1,1,1,1.16,3,3,3,3,0,0.0
93,File,org.apache.camel.component.pojo.timer.TimerConsumer,2,2,2,1,10,0,9,0,2,0,0,7,7,2,7,0,1,2,4,120,16,81,31,42,23,41,57,29,28,6,6,6,0.28,15,15,15,7,3,0.0
94,File,org.apache.camel.component.pojo.timer.TimerEndpoint,1,1,1,1,3,0,3,0,1,0,0,17,17,7,17,0,0,0,17,125,25,78,40,25,22,42,60,40,20,1,1,1,0.28,17,17,17,17,0,0.0
95,File,org.apache.camel.component.processor.ProcessorEndpoint,1,1,1,1,4,0,3,0,2,0,0,9,9,2,9,0,0,2,7,80,11,46,22,14,23,25,35,23,12,1,1,1,0.5,9,9,9,9,0,0.0
96,File,org.apache.camel.component.processor.ProcessorEndpointConsumer,1,1,1,1,4,0,4,0,1,0,0,3,3,1,3,0,0,2,1,46,5,21,11,6,20,11,15,9,6,1,1,1,0.95,3,3,3,3,0,0.0
97,File,org.apache.camel.component.queue.QueueComponent,1,1,1,1,3,0,3,0,1,0,0,2,2,0,2,0,0,1,1,47,5,19,14,2,23,12,15,13,2,1,1,1,1.21,2,2,2,2,0,0.0
98,File,org.apache.camel.component.queue.QueueEndpoint,1,1,1,1,4,0,3,0,2,0,0,7,7,1,7,0,0,0,7,71,11,35,17,10,25,18,26,18,8,1,1,1,0.71,7,7,7,7,0,0.0
99,File,org.apache.camel.component.queue.QueueEndpointConsumer,1,1,2,1,6,0,6,0,1,0,0,5,5,3,5,0,0,2,3,74,8,46,17,17,20,21,31,16,15,5,5,6,0.43,9,9,10,7,3,0.0
100,File,org.apache.camel.converter.CollectionConverter,1,1,1,1,5,0,4,1,1,5,0,5,0,0,5,0,0,0,5,74,8,38,21,10,28,16,25,16,9,2,2,2,0.74,7,7,7,5,1,0.0
101,File,org.apache.camel.converter.HasAnnotation,0,0,0,0,0,0,0,0,1,0,0,1,1,0,1,1,0,0,0,36,3,10,9,0,23,6,7,7,0,0,0,0,2.3,0,0,0,0,0,0.0
102,File,org.apache.camel.converter.IOConverter,1,1,1,1,5,0,5,0,1,14,1,14,0,0,14,0,0,0,14,141,18,98,40,36,25,31,53,25,28,6,6,6,0.26,20,20,20,17,3,0.0
103,File,org.apache.camel.converter.NIOConverter,1,1,1,1,4,0,4,0,1,8,0,8,0,0,8,0,0,0,8,81,6,52,29,21,23,25,34,20,14,1,1,1,0.44,8,8,8,8,0,1.0
104,File,org.apache.camel.converter.ObjectConverter,2,2,3,2,12,0,8,3,1,4,0,4,0,0,4,0,0,0,4,89,6,46,17,19,37,18,29,13,16,4,4,4,0.8,11,11,13,9,1,0.0
105,File,org.apache.camel.converter.jaxp.BytesSource,1,1,1,1,3,0,3,0,1,0,0,6,6,1,6,0,0,0,6,61,10,29,15,7,22,15,22,15,7,1,1,1,0.76,6,6,6,6,0,0.0
106,File,org.apache.camel.converter.jaxp.StringSource,1,1,1,1,4,0,4,0,1,0,0,7,7,2,7,0,0,0,7,78,12,44,19,16,22,23,33,19,14,2,2,2,0.5,9,9,9,7,1,0.0
107,File,org.apache.camel.converter.jaxp.XmlConverter,1,1,1,1,9,0,6,2,1,0,3,38,38,3,38,0,0,0,38,528,54,330,139,159,144,152,222,111,111,4,4,4,0.44,69,69,69,60,2,0.0
108,File,org.apache.camel.impl.BinaryPredicateSupport,1,1,1,1,5,0,4,0,1,0,0,7,7,2,7,0,0,4,3,70,11,37,21,13,22,22,29,20,9,2,2,2,0.59,6,6,6,5,1,0.0
109,File,org.apache.camel.impl.CachingInjector,1,1,1,1,4,0,4,0,1,0,0,3,3,3,3,0,0,1,2,46,5,20,9,6,21,10,15,9,6,2,2,2,1.05,4,4,4,3,1,0.0
110,File,org.apache.camel.impl.DefaultCamelContext,2,2,2,1,9,0,7,1,1,0,0,31,31,9,31,0,0,7,24,395,40,282,80,134,73,120,193,83,110,7,7,8,0.26,65,65,67,36,5,1.0
111,File,org.apache.camel.impl.DefaultComponent,1,1,1,1,6,0,5,0,2,0,0,12,12,4,12,0,0,4,8,128,19,77,34,32,32,40,58,36,22,5,5,5,0.42,17,17,17,11,2,0.0
112,File,org.apache.camel.impl.DefaultComponentResolver,5,5,5,5,21,0,21,0,1,0,1,1,1,0,1,0,0,0,1,59,3,31,11,13,25,15,20,11,9,5,5,5,0.81,5,5,5,5,1,0.0
113,File,org.apache.camel.impl.DefaultConsumer,1,1,1,1,4,0,3,0,1,0,0,9,9,3,9,0,0,3,6,81,12,44,21,12,25,21,32,20,12,2,2,2,0.57,10,10,10,9,1,0.0
114,File,org.apache.camel.impl.DefaultEndpoint,1,1,1,1,6,0,5,0,1,0,0,15,15,4,15,0,0,2,13,155,18,102,42,43,35,48,74,40,34,4,4,5,0.34,25,25,26,20,3,0.0
115,File,org.apache.camel.impl.DefaultExchange,1,1,1,1,4,0,4,0,1,2,1,27,25,7,27,0,2,3,22,193,30,133,47,57,30,62,98,46,52,2,2,3,0.23,35,35,36,27,1,1.0
116,File,org.apache.camel.impl.DefaultExchangeConverter,1,1,1,1,4,0,3,1,1,0,0,1,1,0,1,0,0,0,1,31,2,8,5,1,21,4,6,5,1,1,1,1,2.63,1,1,1,1,0,0.0
117,File,org.apache.camel.impl.DefaultMessage,1,1,1,1,5,0,3,1,1,0,0,9,9,1,9,0,0,2,7,88,12,43,18,15,33,18,30,17,13,2,2,2,0.77,11,11,11,9,1,0.0
118,File,org.apache.camel.impl.DefaultPollingConsumer,1,1,1,1,5,0,5,0,1,0,1,11,11,3,11,0,0,3,8,113,14,75,29,28,24,35,52,29,23,3,3,4,0.32,15,15,16,13,2,0.0
119,File,org.apache.camel.impl.DefaultProducer,1,1,1,1,2,0,2,0,1,0,0,6,6,1,6,0,0,2,4,53,8,23,12,4,22,9,16,12,4,1,1,1,0.96,6,6,6,6,0,0.0
120,File,org.apache.camel.impl.EventDrivenConsumerRoute,1,1,1,1,5,0,5,0,1,0,0,5,5,1,5,0,0,1,4,72,8,37,20,13,27,20,28,19,9,3,3,3,0.73,7,7,7,5,1,0.0
121,File,org.apache.camel.impl.LoggingExceptionHandler,1,1,1,1,3,0,3,0,1,0,0,3,3,1,3,0,0,0,3,46,5,18,11,3,23,10,14,11,3,1,1,1,1.28,3,3,3,3,0,0.0
122,File,org.apache.camel.impl.MessageSupport,1,1,1,1,5,0,4,1,1,0,1,11,11,3,11,0,0,1,10,119,17,60,25,26,42,29,44,24,20,3,3,3,0.7,14,14,14,10,2,1.0
123,File,org.apache.camel.impl.NoPolicy,1,1,1,1,3,0,3,0,1,0,0,1,1,0,1,0,0,0,1,33,3,8,5,1,22,4,6,5,1,1,1,1,2.75,1,1,1,1,0,0.0
124,File,org.apache.camel.impl.NoRouteBuilder,1,1,1,1,2,0,2,0,1,1,1,2,1,0,2,0,0,0,2,36,4,10,6,2,22,4,7,6,1,1,1,1,2.2,2,2,2,2,0,0.0
125,File,org.apache.camel.impl.PollingConsumerRoute,1,1,1,1,5,0,5,0,1,0,0,5,5,1,5,0,0,1,4,73,8,38,21,13,27,21,29,20,9,3,3,3,0.71,7,7,7,5,1,0.0
126,File,org.apache.camel.impl.PollingConsumerSupport,1,1,1,1,4,0,3,0,1,0,0,6,6,2,6,0,0,1,5,66,8,31,15,8,27,14,22,14,8,2,2,2,0.87,7,7,7,6,1,0.0
127,File,org.apache.camel.impl.PredicateSupport,1,1,1,1,4,0,4,0,1,0,0,2,2,0,2,0,0,1,1,39,4,13,6,3,22,5,9,6,3,2,2,2,1.69,3,3,3,2,1,0.0
128,File,org.apache.camel.impl.ReflectionInjector,3,3,3,3,11,0,11,0,1,0,0,1,1,0,1,0,0,0,1,42,3,16,5,6,23,6,9,5,4,3,3,3,1.44,3,3,3,3,1,0.0
129,File,org.apache.camel.impl.ScheduledPollConsumer,1,1,1,1,4,0,4,0,1,0,1,14,14,6,14,0,0,3,11,132,19,79,33,30,34,37,55,31,24,2,2,2,0.43,17,17,17,13,1,0.0
130,File,org.apache.camel.impl.ScheduledPollEndpoint,1,1,1,1,4,0,4,0,1,0,0,5,5,1,5,0,0,2,3,61,9,30,15,8,22,14,22,15,7,2,2,2,0.73,7,7,7,5,1,0.0
131,File,org.apache.camel.impl.ServiceSupport,1,1,1,1,7,0,5,1,1,0,0,7,7,3,7,0,0,2,5,81,12,37,14,16,32,17,26,14,12,2,2,2,0.86,7,7,7,5,2,1.0
132,File,org.apache.camel.impl.converter.AnnotationTypeConverterLoader,4,4,5,2,23,0,20,2,1,0,2,5,5,2,5,0,0,4,1,172,9,127,44,72,36,60,88,46,42,10,10,13,0.28,24,24,28,10,7,0.0
133,File,org.apache.camel.impl.converter.ArrayTypeConverter,12,12,13,8,42,0,42,0,1,0,0,1,1,0,1,0,0,0,1,76,3,51,16,28,22,27,41,19,22,12,12,13,0.43,12,12,13,8,4,0.0
134,File,org.apache.camel.impl.converter.DefaultTypeConverter,2,2,3,2,11,0,9,0,2,0,1,16,16,7,16,0,0,3,13,248,27,186,59,96,35,81,135,60,75,15,15,17,0.19,45,45,48,33,4,0.0
135,File,org.apache.camel.impl.converter.InstanceMethodTypeConverter,1,1,1,1,4,0,4,0,1,0,0,3,3,2,3,0,0,0,3,55,6,26,15,7,23,15,20,14,6,2,2,2,0.88,4,4,4,3,1,0.0
136,File,org.apache.camel.impl.converter.PropertyEditorTypeConverter,7,7,7,7,30,7,21,2,1,0,0,1,1,0,1,0,0,0,1,64,13,27,8,15,24,13,21,8,13,7,7,7,0.89,7,7,7,7,2,0.0
137,File,org.apache.camel.impl.converter.StaticMethodTypeConverter,1,1,1,1,3,0,3,0,1,0,0,3,3,1,3,0,0,0,3,49,6,21,14,3,22,12,16,13,3,1,1,1,1.05,3,3,3,3,0,0.0
138,File,org.apache.camel.impl.converter.ToStringTypeConverter,3,3,3,3,8,0,8,0,1,0,0,1,1,0,1,0,0,0,1,39,4,12,4,4,23,4,8,4,4,3,3,3,1.92,3,3,3,3,2,0.0
139,File,org.apache.camel.impl.converter.TypeConverterLoader,0,0,0,0,0,0,0,0,1,0,0,1,1,0,1,1,0,0,0,31,1,4,3,0,26,2,3,3,0,0,0,0,6.5,0,0,0,0,0,0.0
140,File,org.apache.camel.impl.converter.TypeConverterRegistry,0,0,0,0,0,0,0,0,1,0,0,2,2,0,2,2,0,0,0,37,3,7,6,0,27,5,6,6,0,0,0,0,3.86,0,0,0,0,0,0.0
141,File,org.apache.camel.processor.ChoiceProcessor,1,1,2,1,7,0,7,0,1,0,0,7,7,2,7,0,0,2,5,99,11,65,22,32,23,34,50,23,27,4,4,5,0.35,13,13,14,9,2,0.0
142,File,org.apache.camel.processor.CompositeProcessor,1,1,1,1,5,0,5,0,1,0,0,6,6,1,6,0,0,2,4,73,9,42,17,16,22,19,31,18,13,3,3,3,0.52,9,9,9,6,2,0.0
143,File,org.apache.camel.processor.DeadLetterChannel,1,1,1,1,7,0,5,1,1,1,3,15,14,4,15,0,0,4,11,171,23,103,37,48,45,50,73,36,37,5,5,5,0.44,23,23,23,17,3,0.0
144,File,org.apache.camel.processor.DelegateProcessor,1,1,1,1,3,0,3,0,1,0,0,9,9,1,9,0,0,3,6,72,11,38,18,9,23,15,26,17,9,2,2,2,0.61,10,10,10,9,1,0.0
145,File,org.apache.camel.processor.ErrorHandler,0,0,0,0,0,0,0,0,1,0,0,0,0,0,0,0,0,0,0,29,2,5,4,0,22,3,4,4,0,0,0,0,4.4,0,0,0,0,0,0.0
146,File,org.apache.camel.processor.FilterProcessor,1,1,1,1,3,0,3,0,1,0,0,7,7,2,7,0,0,2,5,64,9,35,17,9,20,16,25,16,9,2,2,2,0.57,8,8,8,7,1,0.0
147,File,org.apache.camel.processor.Logger,4,2,4,1,11,0,11,0,1,0,0,12,12,2,12,0,0,1,11,183,14,146,21,91,23,56,90,20,70,13,8,13,0.16,48,33,48,12,2,0.0
148,File,org.apache.camel.processor.LoggingErrorHandler,2,1,2,1,6,0,6,0,1,0,0,13,13,3,13,0,0,4,9,137,16,92,25,44,29,38,60,24,36,13,8,13,0.32,26,21,26,13,2,0.0
149,File,org.apache.camel.processor.LoggingLevel,1,1,1,1,0,0,0,0,1,0,0,0,2,6,2,0,0,0,2,27,1,4,3,0,22,2,2,2,0,1,1,1,5.5,2,2,2,2,0,0.0
150,File,org.apache.camel.processor.MulticastProcessor,1,1,1,1,6,0,4,1,1,1,0,9,8,1,9,0,0,3,6,105,12,54,23,19,39,23,43,27,16,2,2,2,0.72,14,14,14,9,1,0.0
151,File,org.apache.camel.processor.Pipeline,1,1,1,1,9,0,6,3,1,0,0,5,5,0,5,0,0,2,3,85,8,39,17,16,38,18,28,17,11,3,3,3,0.97,8,8,8,5,2,0.0
152,File,org.apache.camel.processor.RecipientList,1,1,1,1,4,0,4,0,1,0,0,6,6,2,6,0,0,3,3,72,9,40,25,12,23,23,31,24,7,2,2,2,0.57,7,7,7,6,1,0.0
153,File,org.apache.camel.processor.RedeliveryPolicy,1,1,1,1,6,0,4,1,1,1,1,26,25,6,26,0,0,1,25,230,34,121,41,54,75,52,84,40,44,5,5,6,0.62,32,32,33,26,1,0.0
154,File,org.apache.camel.processor.Resequencer,1,1,1,1,5,0,5,0,1,3,1,17,14,7,17,0,0,6,11,177,26,120,53,50,31,67,93,53,40,5,5,5,0.26,25,25,26,19,2,0.0
155,File,org.apache.camel.processor.SendProcessor,1,1,1,1,4,0,4,0,1,0,0,6,6,2,6,0,0,2,4,68,8,40,17,12,20,17,27,16,11,2,2,2,0.5,8,8,8,6,2,0.0
156,File,org.apache.camel.processor.Splitter,1,1,1,1,5,0,5,0,1,0,0,5,5,2,5,0,0,2,3,70,8,39,22,14,23,24,31,21,10,2,2,2,0.59,6,6,6,5,1,0.0
157,File,org.apache.camel.processor.idempotent.IdempotentConsumer,1,1,1,1,5,0,4,0,1,0,1,9,9,3,9,0,0,3,6,102,13,56,25,19,33,27,40,24,16,3,3,3,0.59,12,12,12,9,1,0.0
158,File,org.apache.camel.processor.idempotent.MemoryMessageIdRepository,1,1,1,1,7,0,4,2,1,3,0,5,2,1,5,0,0,0,5,77,8,33,14,10,36,15,23,14,9,2,2,2,1.09,6,6,6,5,1,0.0
159,File,org.apache.camel.processor.idempotent.MessageIdRepository,0,0,0,0,0,0,0,0,1,0,0,1,1,0,1,1,0,0,0,36,2,4,3,0,30,2,3,3,0,0,0,0,7.5,0,0,0,0,0,0.0
160,File,org.apache.camel.processor.idempotent.NoMessageIdException,1,1,1,1,5,0,3,2,1,0,0,3,3,2,3,0,0,0,3,53,5,19,10,5,29,11,15,10,5,1,1,1,1.53,3,3,3,3,0,0.0
161,File,org.apache.camel.processor.loadbalancer.LoadBalancer,0,0,0,0,0,0,0,0,1,0,0,3,3,0,3,3,0,0,0,52,5,10,9,0,37,8,9,9,0,0,0,0,3.7,0,0,0,0,0,0.0
162,File,org.apache.camel.processor.loadbalancer.LoadBalancerSupport,1,1,1,1,3,0,3,0,1,0,0,3,3,1,3,0,0,0,3,45,6,17,10,4,22,9,13,10,3,1,1,1,1.29,3,3,3,3,0,0.0
163,File,org.apache.camel.processor.loadbalancer.QueueLoadBalancer,3,3,3,1,13,0,13,0,1,0,0,2,2,0,2,0,0,1,1,48,5,20,9,8,23,10,14,9,5,3,3,3,1.15,3,3,3,1,1,0.0
164,File,org.apache.camel.processor.loadbalancer.RandomLoadBalancer,3,3,3,3,9,0,9,0,1,0,0,1,1,0,1,0,0,1,0,41,4,15,8,5,22,7,11,8,3,3,3,3,1.47,3,3,3,3,2,0.0
165,File,org.apache.camel.processor.loadbalancer.RoundRobinLoadBalancer,2,2,2,1,7,0,7,0,1,0,0,1,1,1,1,0,0,1,0,40,4,14,8,5,22,8,11,8,3,2,2,2,1.57,2,2,2,1,1,0.0
166,File,org.apache.camel.processor.loadbalancer.StickyLoadBalancer,1,1,1,1,8,0,6,1,1,0,0,7,7,4,7,0,0,2,5,113,13,64,28,28,36,33,48,27,21,3,3,3,0.56,12,12,12,7,2,0.0
167,File,org.apache.camel.processor.loadbalancer.TopicLoadBalancer,1,1,1,1,8,0,5,3,1,0,0,2,2,0,2,0,0,1,1,50,4,17,10,5,29,9,14,11,3,2,2,2,1.71,3,3,3,2,1,0.0
168,File,org.apache.camel.spi.ComponentResolver,0,0,0,0,0,0,0,0,1,0,0,1,1,0,1,1,0,0,0,41,3,8,7,0,30,6,7,7,0,0,0,0,3.75,0,0,0,0,0,0.0
169,File,org.apache.camel.spi.ExceptionHandler,0,0,0,0,0,0,0,0,1,0,0,1,1,0,1,1,0,0,0,33,2,4,3,0,27,2,3,3,0,0,0,0,6.75,0,0,0,0,0,0.0
170,File,org.apache.camel.spi.ExchangeConverter,0,0,0,0,0,0,0,0,1,0,0,1,1,0,1,1,0,0,0,29,3,5,4,0,21,3,4,4,0,0,0,0,4.2,0,0,0,0,0,0.0
171,File,org.apache.camel.spi.Injector,0,0,0,0,0,0,0,0,1,0,0,1,1,0,1,1,0,0,0,34,1,4,3,0,29,2,3,3,0,0,0,0,7.25,0,0,0,0,0,0.0
172,File,org.apache.camel.spi.Marshaller,0,0,0,0,0,0,0,0,1,0,0,1,1,0,1,1,0,0,0,31,3,6,5,0,22,4,5,5,0,0,0,0,3.67,0,0,0,0,0,0.0
173,File,org.apache.camel.spi.Policy,0,0,0,0,0,0,0,0,1,0,0,1,1,0,1,1,0,0,0,36,3,5,4,0,28,3,4,4,0,0,0,0,5.6,0,0,0,0,0,0.0
174,File,org.apache.camel.spi.Provider,0,0,0,0,0,0,0,0,1,0,0,1,1,0,1,1,0,0,0,31,2,4,3,0,25,2,3,3,0,0,0,0,6.25,0,0,0,0,0,0.0
175,File,org.apache.camel.spi.Unmarshaller,0,0,0,0,0,0,0,0,1,0,0,1,1,0,1,1,0,0,0,32,4,6,5,0,22,4,5,5,0,0,0,0,3.67,0,0,0,0,0,0.0
176,File,org.apache.camel.spi.XmlMarshaller,1,1,1,1,6,0,3,3,1,0,0,2,2,0,2,0,0,0,2,40,5,11,8,1,24,7,9,8,1,1,1,1,2.18,1,1,1,1,0,0.0
177,File,org.apache.camel.spi.XmlUnmarshaller,1,1,1,1,6,0,3,3,1,0,0,2,2,0,2,0,0,0,2,44,6,11,8,1,27,7,9,8,1,1,1,1,2.45,1,1,1,1,0,0.0
178,File,org.apache.camel.util.CollectionHelper,3,3,3,1,26,1,17,8,1,1,0,1,0,0,1,0,0,0,1,56,3,23,8,10,30,11,15,8,7,3,3,3,1.3,3,3,3,1,2,0.0
179,File,org.apache.camel.util.ExchangeHelper,3,3,3,1,24,0,14,10,1,1,0,1,0,0,1,0,0,0,1,56,3,21,9,8,32,10,14,8,6,3,3,3,1.52,3,3,3,1,2,0.0
180,File,org.apache.camel.util.ExpressionComparator,1,1,1,1,4,0,4,0,1,0,0,2,2,1,2,0,0,0,2,43,5,15,10,4,23,9,12,10,2,1,1,1,1.53,2,2,2,2,0,0.0
181,File,org.apache.camel.util.ExpressionHelper,1,1,1,1,11,0,3,7,1,2,0,2,0,0,2,0,0,0,2,53,4,12,7,3,37,6,9,7,2,1,1,1,3.08,2,2,2,2,0,0.0
182,File,org.apache.camel.util.ExpressionListComparator,2,2,2,2,7,0,7,0,1,0,0,2,2,1,2,0,0,0,2,51,5,22,12,8,24,12,18,13,5,3,3,3,1.09,4,4,4,4,2,0.0
183,File,org.apache.camel.util.FactoryFinder,2,2,2,1,9,0,8,1,1,0,0,10,10,2,10,0,2,0,8,138,17,94,33,48,27,42,64,31,33,5,5,5,0.29,20,20,20,10,2,0.0
184,File,org.apache.camel.util.IntrospectionSupport,3,3,4,2,16,1,14,0,1,14,0,14,0,0,14,0,5,1,8,292,44,222,64,150,26,127,179,71,108,9,9,12,0.12,55,55,64,32,4,0.0
185,File,org.apache.camel.util.LRUCache,1,1,1,1,7,0,3,3,1,0,1,4,4,1,4,0,0,1,3,63,6,20,10,7,37,10,15,10,5,1,1,1,1.85,4,4,4,4,0,0.0
186,File,org.apache.camel.util.NoFactoryAvailableException,1,1,1,1,3,0,3,0,1,0,0,2,2,1,2,0,0,0,2,38,4,12,6,3,22,6,9,6,3,1,1,1,1.83,2,2,2,2,0,0.0
187,File,org.apache.camel.util.ObjectHelper,3,3,3,2,15,0,10,4,1,16,1,16,0,0,16,0,0,0,16,296,19,183,46,100,94,77,123,49,74,6,6,6,0.51,48,48,51,32,3,0.0
188,File,org.apache.camel.util.ProducerCache,2,2,2,1,12,0,8,2,1,0,1,5,5,1,5,0,0,2,3,105,11,60,25,28,34,32,43,25,18,3,3,3,0.57,10,10,10,5,2,0.0
189,File,org.apache.camel.util.ResolverUtil,2,2,2,1,13,0,7,5,4,0,1,16,16,4,16,1,2,1,12,328,36,144,54,71,148,68,108,57,51,7,7,7,1.03,35,35,39,15,3,0.0
190,File,org.apache.camel.util.ServiceHelper,4,4,4,1,14,0,12,2,1,5,1,5,0,0,5,0,0,0,5,112,8,70,18,36,34,24,49,22,27,6,6,6,0.49,20,20,20,5,4,0.0
191,File,org.apache.camel.util.Time,1,1,1,1,3,0,3,0,1,10,0,15,5,2,15,0,0,3,12,91,17,53,21,17,21,21,37,21,16,1,1,1,0.4,15,15,15,15,0,0.0
192,File,org.apache.camel.util.URISupport,2,2,2,1,13,0,11,1,2,13,0,21,8,6,21,0,2,0,19,346,38,267,73,158,43,142,197,78,119,8,8,9,0.16,56,54,57,25,4,0.0
193,File,org.apache.camel.util.UuidGenerator,1,1,1,1,7,0,4,3,1,1,4,5,4,6,5,0,0,0,5,112,14,61,23,32,37,34,45,22,23,1,1,1,0.61,5,5,5,5,0,0.0
194,File,org.apache.camel.view.RouteDotGenerator,1,1,1,1,7,0,6,0,1,0,1,5,5,1,5,0,0,2,3,83,8,49,24,23,26,33,42,25,17,3,3,3,0.53,7,7,7,5,2,0.0
