,Kind,Name,AvgCyclomatic,AvgCyclomaticModified,AvgCyclomaticStrict,AvgEssential,AvgLine,AvgLineBlank,AvgLineCode,AvgLineComment,CountDeclClass,CountDeclClassMethod,CountDeclClassVariable,CountDeclFunction,CountDeclInstanceMethod,CountDeclInstanceVariable,CountDeclMethod,CountDeclMethodDefault,CountDeclMethodPrivate,CountDeclMethodProtected,CountDeclMethodPublic,CountLine,CountLineBlank,CountLineCode,CountLineCodeDecl,CountLineCodeExe,CountLineComment,CountSemicolon,CountStmt,CountStmtDecl,CountStmtExe,MaxCyclomatic,MaxCyclomaticModified,MaxCyclomaticStrict,RatioCommentToCode,SumCyclomatic,SumCyclomaticModified,SumCyclomaticStrict,SumEssential,MaxNesting,bug
0,File,org.apache.velocity.Template,2,2,2,2,52,6,24,21,1,0,0,4,4,2,4,0,0,0,4,282,37,119,33,54,126,51,63,28,35,6,6,6,1.06,11,11,11,8,2,2.0
1,File,org.apache.velocity.VelocityContext,1,1,1,1,11,0,5,6,1,0,0,10,10,1,10,0,0,0,10,178,14,59,18,17,105,20,32,18,14,2,2,2,1.78,12,12,12,10,1,1.0
2,File,org.apache.velocity.anakia.AnakiaElement,1,1,1,1,18,0,4,14,1,0,1,11,11,0,11,0,0,0,11,246,14,53,18,12,179,17,29,18,11,1,1,1,3.38,11,11,11,11,0,1.0
3,File,org.apache.velocity.anakia.AnakiaJDOMFactory,1,1,1,1,3,0,3,0,1,0,0,5,5,0,5,0,0,0,5,55,7,26,10,4,22,8,14,10,4,1,1,1,0.85,5,5,5,5,0,1.0
4,File,org.apache.velocity.anakia.AnakiaTask,3,3,4,1,27,1,19,6,1,0,0,13,13,14,13,0,3,0,10,470,57,290,68,148,123,120,163,68,95,13,13,18,0.42,43,43,55,15,3,1.0
5,File,org.apache.velocity.anakia.Escape,4,3,4,1,25,0,21,4,1,1,0,2,1,0,2,0,0,0,2,80,4,46,8,27,31,22,28,8,20,8,5,8,0.67,9,6,9,2,2,1.0
6,File,org.apache.velocity.anakia.NodeList,1,1,1,1,8,0,6,1,2,0,1,37,37,1,37,0,2,0,35,413,44,263,57,96,106,77,130,54,76,14,14,14,0.4,56,56,56,37,3,1.0
7,File,org.apache.velocity.anakia.OutputWrapper,1,1,1,1,16,0,8,7,1,0,0,2,2,0,2,0,0,0,2,68,6,24,10,6,38,9,13,10,3,2,2,2,1.58,3,3,3,2,1,1.0
8,File,org.apache.velocity.anakia.TreeWalker,1,1,1,1,10,0,6,4,1,0,0,3,3,0,3,0,1,0,2,74,6,26,11,7,42,13,17,12,5,2,2,2,1.62,4,4,4,3,1,1.0
9,File,org.apache.velocity.anakia.XPathCache,1,1,1,1,11,0,8,3,1,1,1,2,1,0,2,1,1,0,0,61,5,25,9,8,31,10,15,9,6,2,2,2,1.24,3,3,3,2,1,1.0
10,File,org.apache.velocity.anakia.XPathTool,1,1,1,1,12,0,4,8,1,0,0,4,4,0,4,0,0,0,4,128,10,25,12,3,93,7,12,9,3,1,1,1,3.72,4,4,4,4,0,1.0
11,File,org.apache.velocity.app.FieldMethodizer,1,1,2,1,14,0,8,5,1,0,0,7,7,2,7,0,1,0,6,172,11,71,20,24,90,22,36,19,17,3,3,4,1.27,13,13,14,9,2,1.0
12,File,org.apache.velocity.app.Velocity,1,1,1,1,20,1,8,10,1,24,0,24,0,0,24,0,0,0,24,586,56,231,79,81,299,82,117,57,60,5,5,9,1.29,33,33,37,27,3,2.0
13,File,org.apache.velocity.app.VelocityEngine,1,1,1,1,21,1,8,11,1,0,0,23,23,1,23,0,0,0,23,582,59,229,80,81,294,82,116,57,59,5,5,9,1.28,32,32,36,26,3,3.0
14,File,org.apache.velocity.app.event.EventCartridge,3,3,3,1,27,2,14,10,1,0,0,6,6,3,6,0,0,0,6,207,24,97,19,44,86,34,53,16,37,5,5,5,0.89,18,18,18,6,1,2.0
15,File,org.apache.velocity.app.event.EventHandler,0,0,0,0,0,0,0,0,1,0,0,0,0,0,0,0,0,0,0,28,3,4,2,0,21,1,2,2,0,0,0,0,5.25,0,0,0,0,0,1.0
16,File,org.apache.velocity.app.event.MethodExceptionEventHandler,0,0,0,0,0,0,0,0,1,0,0,1,1,0,1,0,0,0,1,32,1,6,4,0,25,2,3,3,0,0,0,0,4.17,0,0,0,0,0,2.0
17,File,org.apache.velocity.app.event.NullSetEventHandler,0,0,0,0,0,0,0,0,1,0,0,1,1,0,1,0,0,0,1,37,2,5,3,0,30,2,3,3,0,0,0,0,6.0,0,0,0,0,0,2.0
18,File,org.apache.velocity.app.event.ReferenceInsertionEventHandler,0,0,0,0,0,0,0,0,1,0,0,1,1,0,1,0,0,0,1,40,1,5,3,0,34,2,3,3,0,0,0,0,6.8,0,0,0,0,0,2.0
19,File,org.apache.velocity.app.tools.VelocityFormatter,1,1,1,1,14,0,7,7,3,0,0,23,23,4,23,0,0,0,23,456,28,180,60,64,248,61,95,47,48,4,4,4,1.38,31,31,31,23,2,1.0
20,File,org.apache.velocity.context.AbstractContext,1,1,2,1,17,1,7,8,1,0,0,13,13,1,13,0,0,0,13,267,33,74,21,23,160,25,41,20,21,3,3,4,2.16,15,15,16,10,1,1.0
21,File,org.apache.velocity.context.Context,0,0,0,0,0,0,0,0,1,0,0,5,5,0,5,5,0,0,0,74,6,9,7,0,59,6,7,7,0,0,0,0,6.56,0,0,0,0,0,1.0
22,File,org.apache.velocity.context.InternalContextAdapter,0,0,0,0,0,0,0,0,1,0,0,0,0,0,0,0,0,0,0,33,3,5,3,0,25,1,2,2,0,0,0,0,5.0,0,0,0,0,0,1.0
23,File,org.apache.velocity.context.InternalContextAdapterImpl,1,1,1,1,6,0,5,0,1,0,0,18,18,3,18,0,0,0,18,226,37,102,26,31,87,30,53,26,27,3,3,3,0.85,22,22,22,18,1,2.0
24,File,org.apache.velocity.context.InternalContextBase,1,1,1,1,8,0,4,3,1,0,0,10,10,4,10,0,0,0,10,157,21,61,23,21,75,26,38,23,15,2,2,2,1.23,11,11,11,10,1,2.0
25,File,org.apache.velocity.context.InternalEventContext,0,0,0,0,0,0,0,0,1,0,0,2,2,0,2,0,0,0,2,35,5,7,5,0,23,4,5,5,0,0,0,0,3.29,0,0,0,0,0,1.0
26,File,org.apache.velocity.context.InternalHousekeepingContext,0,0,0,0,0,0,0,0,1,0,0,8,8,0,8,8,0,0,0,91,12,14,12,0,65,11,12,12,0,0,0,0,4.64,0,0,0,0,0,1.0
27,File,org.apache.velocity.context.InternalWrapperContext,0,0,0,0,0,0,0,0,1,0,0,2,2,0,2,0,0,0,2,33,4,6,4,0,23,3,4,4,0,0,0,0,3.83,0,0,0,0,0,2.0
28,File,org.apache.velocity.context.VMContext,1,1,1,1,11,0,6,3,1,0,0,19,19,5,19,0,0,0,19,293,47,145,37,51,101,46,73,37,36,4,4,4,0.7,26,26,26,22,3,3.0
29,File,org.apache.velocity.convert.WebMacro,2,2,2,1,23,2,16,4,1,2,3,8,6,0,8,0,5,0,3,296,40,181,66,102,79,65,87,36,51,5,5,5,0.44,22,22,22,8,2,1.0
30,File,org.apache.velocity.exception.MethodInvocationException,1,1,1,1,10,0,4,6,1,0,0,5,5,3,5,0,0,0,5,93,7,29,10,10,57,11,17,10,7,1,1,1,1.97,5,5,5,5,0,2.0
31,File,org.apache.velocity.exception.ParseErrorException,1,1,1,1,4,0,4,0,1,0,0,1,1,0,1,0,0,0,1,36,2,8,3,1,26,2,4,3,1,1,1,1,3.25,1,1,1,1,0,3.0
32,File,org.apache.velocity.exception.ResourceNotFoundException,1,1,1,1,4,0,4,0,1,0,0,1,1,0,1,0,0,0,1,37,2,8,3,1,27,2,4,3,1,1,1,1,3.38,1,1,1,1,0,1.0
33,File,org.apache.velocity.exception.VelocityException,1,1,1,1,4,0,4,0,1,0,0,1,1,0,1,0,0,0,1,32,2,8,3,1,22,2,4,3,1,1,1,1,2.75,1,1,1,1,0,2.0
34,File,org.apache.velocity.io.VelocityWriter,2,2,2,1,13,0,8,5,1,0,4,19,19,6,19,0,5,0,14,332,32,170,38,90,130,73,113,37,76,8,8,8,0.76,41,41,43,24,3,1.0
35,File,org.apache.velocity.runtime.Runtime,1,1,1,1,12,0,4,7,1,29,0,29,0,0,29,0,0,0,29,503,45,141,52,29,317,40,70,41,29,1,1,1,2.25,29,29,29,29,0,1.0
36,File,org.apache.velocity.runtime.RuntimeConstants,0,0,0,0,0,0,0,0,1,0,51,0,0,0,0,0,0,0,0,370,58,91,89,51,221,52,53,53,0,0,0,0,2.43,0,0,0,0,0,3.0
37,File,org.apache.velocity.runtime.RuntimeInstance,1,1,1,1,19,1,9,8,1,0,0,45,45,11,45,0,10,0,35,1129,138,483,133,208,508,175,253,114,139,6,6,6,1.05,76,76,80,45,3,3.0
38,File,org.apache.velocity.runtime.RuntimeLogger,0,0,0,0,0,0,0,0,1,0,0,4,4,0,4,0,0,0,4,54,5,8,6,0,41,5,6,6,0,0,0,0,5.13,0,0,0,0,0,1.0
39,File,org.apache.velocity.runtime.RuntimeServices,0,0,0,0,0,0,0,0,1,0,0,28,28,0,28,0,0,0,28,349,39,53,51,0,257,41,42,42,0,0,0,0,4.85,0,0,0,0,0,1.0
40,File,org.apache.velocity.runtime.RuntimeSingleton,1,1,1,1,11,0,4,7,1,35,1,35,0,0,35,0,1,0,34,559,52,169,62,36,338,50,86,51,35,1,1,1,2.0,35,35,35,35,0,1.0
41,File,org.apache.velocity.runtime.VelocimacroFactory,2,2,3,1,32,4,16,11,2,0,0,17,17,11,17,0,11,0,6,679,109,304,52,162,266,118,170,54,116,12,12,13,0.88,46,46,52,25,5,2.0
42,File,org.apache.velocity.runtime.VelocimacroManager,1,1,2,1,17,2,9,5,2,0,1,20,20,13,20,5,4,0,11,454,76,224,63,101,154,89,131,60,71,5,5,5,0.69,39,39,41,32,3,1.0
43,File,org.apache.velocity.runtime.compiler.Compiler,2,2,2,1,116,27,76,24,1,1,0,1,0,0,1,0,0,0,1,146,30,82,29,68,45,49,52,23,29,2,2,2,0.55,2,2,2,1,1,0.0
44,File,org.apache.velocity.runtime.configuration.Configuration,2,2,2,1,27,1,15,11,3,1,2,57,56,7,57,0,2,0,55,1885,136,915,187,415,834,288,444,169,275,9,9,12,0.91,156,156,167,112,6,0.0
45,File,org.apache.velocity.runtime.directive.Directive,1,1,1,1,7,0,4,2,1,0,0,7,7,3,7,0,0,0,7,92,17,40,25,8,35,20,25,20,5,1,1,1,0.88,4,4,4,4,0,2.0
46,File,org.apache.velocity.runtime.directive.DirectiveConstants,0,0,0,0,0,0,0,0,1,0,2,0,0,0,0,0,0,0,0,32,3,6,4,2,23,3,4,4,0,0,0,0,3.83,0,0,0,0,0,1.0
47,File,org.apache.velocity.runtime.directive.Foreach,2,2,2,1,30,5,16,8,1,0,0,4,4,4,4,0,0,0,4,201,36,86,30,35,79,41,52,26,26,7,7,7,0.92,10,10,10,6,1,4.0
48,File,org.apache.velocity.runtime.directive.Include,2,2,2,1,26,2,16,7,1,0,0,6,6,2,6,0,2,0,4,239,28,114,34,55,97,47,62,26,36,6,6,6,0.85,15,15,17,9,3,2.0
49,File,org.apache.velocity.runtime.directive.InputBase,2,2,2,1,24,0,12,12,1,0,0,1,1,0,1,0,0,1,0,56,3,19,7,5,34,7,10,7,3,2,2,2,1.79,2,2,2,1,1,1.0
50,File,org.apache.velocity.runtime.directive.Literal,1,1,1,1,9,0,5,3,1,0,0,4,4,1,4,0,0,0,4,79,10,31,15,6,38,12,17,11,6,1,1,1,1.23,4,4,4,4,0,2.0
51,File,org.apache.velocity.runtime.directive.Macro,2,2,2,1,32,6,14,12,1,3,1,7,4,0,7,0,2,0,5,293,60,116,43,55,118,55,72,36,36,6,6,6,1.02,16,16,16,7,3,2.0
52,File,org.apache.velocity.runtime.directive.MacroParseException,1,1,1,1,4,0,4,0,1,0,0,1,1,0,1,0,0,0,1,35,3,9,4,1,23,3,5,4,1,1,1,1,2.56,1,1,1,1,0,1.0
53,File,org.apache.velocity.runtime.directive.Parse,4,4,4,3,47,6,28,13,1,0,0,3,3,1,3,0,0,0,3,206,28,100,24,49,78,42,53,22,31,10,10,10,0.78,12,12,12,10,2,1.0
54,File,org.apache.velocity.runtime.directive.ParseDirectiveException,1,1,1,1,13,1,9,3,1,0,0,3,3,3,3,1,0,0,2,75,10,35,11,15,30,13,19,10,9,3,3,3,0.86,5,5,5,3,2,0.0
55,File,org.apache.velocity.runtime.directive.VMProxyArg,3,3,4,1,35,4,20,11,1,0,0,11,11,11,11,0,1,0,10,522,75,250,42,129,197,95,131,41,90,13,13,13,0.79,43,35,44,11,3,2.0
56,File,org.apache.velocity.runtime.directive.VelocimacroProxy,2,2,2,1,21,2,11,7,1,0,0,14,14,10,14,0,3,0,11,388,73,183,56,84,132,87,115,57,58,6,6,6,0.72,28,28,29,14,3,4.0
57,File,org.apache.velocity.runtime.exception.NodeException,1,1,1,1,6,0,6,0,1,0,0,1,1,0,1,0,0,0,1,29,3,11,4,3,15,3,5,4,1,1,1,1,1.36,1,1,1,1,0,0.0
58,File,org.apache.velocity.runtime.exception.ReferenceException,1,1,1,1,6,0,6,0,1,0,0,1,1,0,1,0,0,0,1,35,3,11,4,3,21,3,5,4,1,1,1,1,1.91,1,1,1,1,0,2.0
59,File,org.apache.velocity.runtime.log.AvalonLogSystem,2,1,2,1,27,2,15,9,1,0,0,4,4,2,4,0,0,0,4,155,20,76,22,40,59,34,42,19,23,5,3,5,0.78,10,7,10,4,2,1.0
60,File,org.apache.velocity.runtime.log.Log4JLogSystem,2,1,3,1,21,2,14,4,1,0,0,10,10,4,10,0,5,1,4,273,41,162,55,89,70,73,92,39,53,5,2,11,0.43,21,18,35,10,1,1.0
61,File,org.apache.velocity.runtime.log.LogManager,9,9,11,6,125,22,70,33,1,1,0,1,0,0,1,0,0,0,1,186,27,79,16,44,80,33,42,15,27,9,9,11,1.01,9,9,11,6,4,1.0
62,File,org.apache.velocity.runtime.log.LogSystem,0,0,0,0,0,0,0,0,1,0,5,2,2,0,2,0,0,0,2,61,9,12,10,5,40,9,10,10,0,0,0,0,3.33,0,0,0,0,0,1.0
63,File,org.apache.velocity.runtime.log.NullLogSystem,1,1,1,1,5,0,3,2,1,0,0,3,3,0,3,0,0,0,3,48,5,15,7,0,28,2,6,6,0,1,1,1,1.87,3,3,3,3,0,1.0
64,File,org.apache.velocity.runtime.log.PrimordialLogSystem,1,1,1,1,12,0,8,4,1,0,0,4,4,2,4,0,0,0,4,90,9,41,14,13,40,15,23,14,9,3,3,3,0.98,6,6,6,4,2,1.0
65,File,org.apache.velocity.runtime.log.SimpleLog4JLogSystem,2,1,2,1,19,2,12,5,1,0,0,6,6,2,6,0,1,1,4,169,27,86,24,45,56,41,52,23,29,5,3,5,0.65,13,10,13,6,1,1.0
66,File,org.apache.velocity.runtime.log.VelocityFormatter,1,1,1,1,7,0,4,3,1,0,0,2,2,0,2,0,0,1,1,40,4,14,6,2,22,5,8,6,2,1,1,1,1.57,2,2,2,2,0,1.0
67,File,org.apache.velocity.runtime.parser.CharStream,0,0,0,0,0,0,0,0,1,0,0,12,12,0,12,12,0,0,0,110,15,15,14,0,80,13,14,14,0,0,0,0,5.33,0,0,0,0,0,0.0
68,File,org.apache.velocity.runtime.parser.JJTParserState,1,1,1,1,6,0,6,0,1,0,0,12,12,5,12,12,0,0,0,125,20,82,23,44,25,45,63,23,40,3,3,3,0.3,17,17,17,12,2,0.0
69,File,org.apache.velocity.runtime.parser.ParseException,5,3,5,1,27,0,20,7,1,0,0,5,5,5,5,0,0,1,4,192,13,110,22,76,69,67,85,23,62,12,10,13,0.63,25,17,26,8,3,0.0
70,File,org.apache.velocity.runtime.parser.Parser,7,6,8,3,21,0,19,1,1,0,0,143,143,26,143,0,98,0,45,3234,194,2801,313,2148,241,1465,2279,323,1956,61,43,64,0.09,1087,909,1248,533,8,0.0
71,File,org.apache.velocity.runtime.parser.ParserConstants,0,0,0,0,0,0,0,0,1,0,0,0,0,68,0,0,0,0,0,140,5,134,133,129,1,69,70,70,0,0,0,0,0.01,0,0,0,0,0,0.0
72,File,org.apache.velocity.runtime.parser.ParserTokenManager,12,9,13,6,41,0,39,0,1,1,10,93,92,23,93,3,80,0,10,3948,69,3788,287,2977,91,1761,2555,249,2306,132,84,142,0.02,1201,848,1269,630,6,0.0
73,File,org.apache.velocity.runtime.parser.ParserTreeConstants,0,0,0,0,0,0,0,0,1,0,0,0,0,39,0,0,0,0,0,87,4,82,80,76,1,40,41,41,0,0,0,0,0.01,0,0,0,0,0,0.0
74,File,org.apache.velocity.runtime.parser.Token,1,1,1,1,13,0,5,7,1,1,0,2,1,8,2,0,0,0,2,81,10,19,9,3,52,8,12,9,3,1,2,1,2.74,2,3,2,2,1,0.0
75,File,org.apache.velocity.runtime.parser.TokenMgrError,3,1,3,1,14,0,10,4,1,2,4,6,4,1,6,0,1,1,4,133,13,72,16,50,48,37,47,17,30,12,4,13,0.67,18,10,19,6,3,0.0
76,File,org.apache.velocity.runtime.parser.VelocityCharStream,2,2,2,1,13,1,11,0,1,0,1,24,24,14,24,0,3,0,21,395,59,305,61,176,31,140,191,52,139,10,10,10,0.1,53,51,55,24,3,1.0
77,File,org.apache.velocity.runtime.parser.node.ASTAddNode,2,2,2,1,15,1,9,3,1,0,0,4,4,0,4,0,0,0,4,107,21,46,12,22,40,14,21,11,10,6,6,8,0.87,9,9,11,6,1,1.0
78,File,org.apache.velocity.runtime.parser.node.ASTAndNode,1,1,2,1,12,1,7,3,1,0,0,5,5,0,5,0,0,0,5,100,13,46,14,16,41,14,23,12,11,5,5,6,0.89,9,9,10,8,2,1.0
79,File,org.apache.velocity.runtime.parser.node.ASTAssignment,1,1,1,1,4,0,4,0,1,0,0,3,3,0,3,0,0,0,3,39,6,17,6,3,16,5,9,6,3,1,1,1,0.94,3,3,3,3,0,1.0
80,File,org.apache.velocity.runtime.parser.node.ASTBlock,1,1,1,1,6,0,5,0,1,0,0,4,4,0,4,0,0,0,4,59,11,32,16,7,16,16,22,14,8,2,2,2,0.5,5,5,5,4,1,1.0
81,File,org.apache.velocity.runtime.parser.node.ASTComment,1,1,1,1,8,0,6,0,1,0,1,5,5,1,5,0,0,0,5,88,15,48,22,14,25,22,29,20,9,3,3,4,0.52,7,7,8,5,1,2.0
82,File,org.apache.velocity.runtime.parser.node.ASTDirective,1,1,1,1,12,1,8,2,1,0,0,7,7,3,7,0,0,0,7,144,25,75,22,28,44,33,44,20,24,3,3,3,0.59,10,10,10,7,1,3.0
83,File,org.apache.velocity.runtime.parser.node.ASTDivNode,2,2,3,1,18,2,11,4,1,0,0,4,4,0,4,0,0,0,4,114,17,54,12,28,43,16,24,11,13,7,7,9,0.8,10,10,12,7,1,1.0
84,File,org.apache.velocity.runtime.parser.node.ASTEQNode,2,2,2,1,16,1,10,5,1,0,0,5,5,0,5,0,0,0,5,123,15,58,15,28,50,16,24,13,11,5,5,6,0.86,10,10,11,7,1,1.0
85,File,org.apache.velocity.runtime.parser.node.ASTElseIfStatement,1,1,1,1,7,0,4,2,1,0,0,5,5,0,5,0,0,0,5,80,9,34,17,5,37,13,19,14,5,1,1,1,1.09,5,5,5,5,0,1.0
86,File,org.apache.velocity.runtime.parser.node.ASTElseStatement,1,1,1,1,5,0,4,1,1,0,0,4,4,0,4,0,0,0,4,59,7,22,8,4,30,7,12,8,4,1,1,1,1.36,4,4,4,4,0,1.0
87,File,org.apache.velocity.runtime.parser.node.ASTEscape,1,1,1,1,5,0,4,0,1,0,0,5,5,2,5,0,0,0,5,69,9,34,15,7,26,14,20,13,7,1,1,1,0.76,5,5,5,5,0,2.0
88,File,org.apache.velocity.runtime.parser.node.ASTEscapedDirective,1,1,1,1,4,0,4,0,1,0,0,4,4,0,4,0,0,0,4,61,9,26,11,5,26,10,15,10,5,1,1,1,1.0,4,4,4,4,0,1.0
89,File,org.apache.velocity.runtime.parser.node.ASTExpression,1,1,1,1,4,0,4,0,1,0,0,5,5,0,5,0,0,0,5,53,8,29,12,5,16,9,15,10,5,1,1,1,0.55,5,5,5,5,0,1.0
90,File,org.apache.velocity.runtime.parser.node.ASTFalse,1,1,1,1,4,0,4,0,1,0,1,5,5,0,5,0,0,0,5,52,9,27,10,6,16,9,15,10,5,1,1,1,0.59,5,5,5,5,0,1.0
91,File,org.apache.velocity.runtime.parser.node.ASTGENode,2,2,2,1,13,1,9,2,1,0,0,5,5,0,5,0,0,0,5,96,17,54,15,26,25,16,24,13,11,7,7,9,0.46,12,12,14,7,1,1.0
92,File,org.apache.velocity.runtime.parser.node.ASTGTNode,2,2,2,1,13,1,9,2,1,0,0,5,5,0,5,0,0,0,5,96,17,54,15,26,25,16,24,13,11,7,7,9,0.46,12,12,14,7,1,1.0
93,File,org.apache.velocity.runtime.parser.node.ASTIdentifier,2,2,3,2,31,4,20,7,1,0,0,5,5,2,5,0,0,0,5,217,31,117,23,59,69,37,50,21,29,10,10,13,0.59,14,14,17,11,3,3.0
94,File,org.apache.velocity.runtime.parser.node.ASTIfStatement,1,1,1,1,11,0,7,4,1,0,0,5,5,0,5,0,0,0,5,111,22,46,17,12,43,19,28,16,12,4,4,4,0.93,8,8,8,8,2,1.0
95,File,org.apache.velocity.runtime.parser.node.ASTIncludeStatement,1,1,1,1,4,0,4,0,1,0,0,3,3,0,3,0,0,0,3,24,5,17,6,3,2,5,9,6,3,1,1,1,0.12,3,3,3,3,0,1.0
96,File,org.apache.velocity.runtime.parser.node.ASTIntegerRange,2,2,3,1,23,4,12,7,1,0,0,4,4,0,4,0,0,0,4,137,29,55,19,29,53,26,34,19,15,7,7,9,0.96,10,10,12,6,1,1.0
97,File,org.apache.velocity.runtime.parser.node.ASTLENode,2,2,2,1,13,1,9,2,1,0,0,5,5,0,5,0,0,0,5,96,17,54,15,26,25,16,24,13,11,7,7,9,0.46,12,12,14,7,1,1.0
98,File,org.apache.velocity.runtime.parser.node.ASTLTNode,2,2,2,1,13,1,9,2,1,0,0,5,5,0,5,0,0,0,5,96,17,54,15,26,25,16,24,13,11,7,7,9,0.46,12,12,14,7,1,1.0
99,File,org.apache.velocity.runtime.parser.node.ASTMethod,3,3,4,2,41,5,21,14,1,0,0,5,5,2,5,0,0,0,5,264,38,122,25,64,104,47,64,25,39,14,14,16,0.85,18,18,20,14,3,7.0
100,File,org.apache.velocity.runtime.parser.node.ASTModNode,2,2,3,1,17,2,11,3,1,0,0,4,4,0,4,0,0,0,4,108,19,52,12,26,37,16,24,11,13,7,7,9,0.71,10,10,12,7,1,1.0
101,File,org.apache.velocity.runtime.parser.node.ASTMulNode,2,2,2,1,14,1,9,3,1,0,0,4,4,0,4,0,0,0,4,102,18,45,12,21,39,14,21,11,10,6,6,8,0.87,9,9,11,6,1,1.0
102,File,org.apache.velocity.runtime.parser.node.ASTNENode,2,2,2,1,13,1,9,1,1,0,0,5,5,0,5,0,0,0,5,96,17,55,15,25,24,16,24,13,11,5,5,6,0.44,10,10,11,7,1,1.0
103,File,org.apache.velocity.runtime.parser.node.ASTNotNode,1,1,1,1,5,0,5,0,1,0,0,5,5,0,5,0,0,0,5,56,8,32,12,8,16,10,17,10,7,2,2,2,0.5,7,7,7,5,1,1.0
104,File,org.apache.velocity.runtime.parser.node.ASTNumberLiteral,1,1,1,1,6,0,4,1,1,0,0,5,5,1,5,0,0,0,5,65,12,30,11,8,23,11,17,10,7,1,1,1,0.77,5,5,5,5,0,0.0
105,File,org.apache.velocity.runtime.parser.node.ASTObjectArray,1,1,1,1,6,0,5,0,1,0,0,4,4,0,4,0,0,0,4,59,12,31,13,8,16,14,20,13,7,2,2,2,0.52,5,5,5,4,1,1.0
106,File,org.apache.velocity.runtime.parser.node.ASTOrNode,1,1,1,1,10,1,5,4,1,0,0,5,5,0,5,0,0,0,5,96,18,35,14,11,43,13,21,12,9,3,3,5,1.23,7,7,9,7,1,1.0
107,File,org.apache.velocity.runtime.parser.node.ASTParameters,1,1,1,1,4,0,4,0,1,0,0,3,3,0,3,0,0,0,3,38,5,17,6,3,16,5,9,6,3,1,1,1,0.94,3,3,3,3,0,1.0
108,File,org.apache.velocity.runtime.parser.node.ASTReference,3,3,4,2,41,6,20,14,1,0,4,14,14,11,14,0,1,0,13,663,114,323,65,181,229,136,188,60,128,15,15,18,0.71,53,53,57,38,3,4.0
109,File,org.apache.velocity.runtime.parser.node.ASTSetDirective,1,1,1,1,16,2,9,5,1,0,0,7,7,4,7,0,2,0,5,167,29,78,25,30,60,32,45,23,22,6,6,6,0.77,12,12,12,7,3,3.0
110,File,org.apache.velocity.runtime.parser.node.ASTStringLiteral,1,1,2,1,26,4,10,12,1,0,0,5,5,4,5,0,0,0,5,177,30,64,21,30,83,28,37,20,17,3,3,6,1.3,9,9,12,7,2,2.0
111,File,org.apache.velocity.runtime.parser.node.ASTSubtractNode,2,2,2,1,15,1,9,3,1,0,0,4,4,0,4,0,0,0,4,102,17,45,12,21,40,14,21,11,10,6,6,8,0.89,9,9,11,6,1,1.0
112,File,org.apache.velocity.runtime.parser.node.ASTText,1,1,1,1,6,0,5,0,1,0,0,5,5,1,5,0,0,0,5,71,19,36,17,9,16,16,22,15,7,1,1,1,0.44,5,5,5,5,0,2.0
113,File,org.apache.velocity.runtime.parser.node.ASTTrue,1,1,1,1,4,0,4,0,1,0,1,5,5,0,5,0,0,0,5,51,8,27,10,6,16,9,15,10,5,1,1,1,0.59,5,5,5,5,0,1.0
114,File,org.apache.velocity.runtime.parser.node.ASTVariable,1,1,1,1,4,0,4,0,1,0,0,3,3,0,3,0,0,0,3,38,5,17,6,3,16,5,9,6,3,1,1,1,0.94,3,3,3,3,0,1.0
115,File,org.apache.velocity.runtime.parser.node.ASTWord,1,1,1,1,4,0,4,0,1,0,0,3,3,0,3,0,0,0,3,38,5,17,6,3,16,5,9,6,3,1,1,1,0.94,3,3,3,3,0,1.0
116,File,org.apache.velocity.runtime.parser.node.ASTprocess,1,1,1,1,4,0,4,0,1,0,0,3,3,0,3,0,0,0,3,38,5,17,6,3,16,5,9,6,3,1,1,1,0.94,3,3,3,3,0,1.0
117,File,org.apache.velocity.runtime.parser.node.AbstractExecutor,1,1,1,1,6,0,4,2,1,0,0,3,3,2,3,0,0,0,3,62,9,19,11,4,34,9,12,10,2,1,1,1,1.79,2,2,2,2,0,1.0
118,File,org.apache.velocity.runtime.parser.node.BooleanPropertyExecutor,3,3,3,2,23,4,16,3,1,0,0,2,2,0,2,0,0,1,1,85,13,38,9,15,34,16,23,9,14,5,5,5,0.89,6,6,6,5,3,1.0
119,File,org.apache.velocity.runtime.parser.node.GetExecutor,2,2,2,2,17,1,12,4,1,0,0,3,3,1,3,0,0,0,3,109,20,47,14,20,42,16,23,11,12,4,4,4,0.89,7,7,7,6,1,2.0
120,File,org.apache.velocity.runtime.parser.node.Node,0,0,0,0,0,0,0,0,1,0,0,24,24,0,24,0,0,0,24,104,22,39,37,0,43,32,33,33,0,0,0,0,1.1,0,0,0,0,0,2.0
121,File,org.apache.velocity.runtime.parser.node.NodeUtils,6,6,8,4,52,7,32,13,1,3,0,3,0,0,3,0,0,0,3,190,25,104,21,61,61,49,69,23,46,11,11,14,0.59,20,20,26,14,5,1.0
122,File,org.apache.velocity.runtime.parser.node.ParserVisitor,0,0,0,0,0,0,0,0,1,0,0,35,35,0,35,0,0,0,35,56,2,39,37,0,15,36,37,37,0,0,0,0,0.38,0,0,0,0,0,0.0
123,File,org.apache.velocity.runtime.parser.node.PropertyExecutor,2,2,2,2,25,5,16,4,1,0,0,3,3,2,3,0,0,1,2,115,26,57,15,28,32,28,37,13,24,5,5,5,0.56,8,8,8,6,2,2.0
124,File,org.apache.velocity.runtime.parser.node.SimpleNode,1,1,1,1,6,0,5,0,1,0,0,29,29,10,29,0,0,0,29,276,48,195,60,61,36,75,116,58,58,4,4,4,0.18,41,41,41,29,3,2.0
125,File,org.apache.velocity.runtime.resource.ContentResource,3,3,3,1,29,3,21,4,1,0,0,2,2,0,2,0,0,0,2,97,11,51,13,22,35,17,24,12,12,6,6,6,0.69,7,7,7,2,2,1.0
126,File,org.apache.velocity.runtime.resource.Resource,1,1,1,1,8,0,4,3,1,0,1,17,17,8,17,0,0,0,17,248,34,87,34,24,127,32,50,33,17,2,2,2,1.46,17,17,17,16,1,1.0
127,File,org.apache.velocity.runtime.resource.ResourceCache,0,0,0,0,0,0,0,0,1,0,0,5,5,0,5,0,0,0,5,69,7,11,9,0,51,8,9,9,0,0,0,0,4.64,0,0,0,0,0,1.0
128,File,org.apache.velocity.runtime.resource.ResourceCacheImpl,1,1,1,1,4,0,4,0,1,0,0,5,5,2,5,0,0,0,5,71,10,31,13,8,30,13,19,13,6,1,1,1,0.97,5,5,5,5,0,1.0
129,File,org.apache.velocity.runtime.resource.ResourceFactory,3,2,3,1,17,3,14,0,1,1,0,1,0,0,1,0,0,0,1,48,6,19,5,9,23,8,11,5,6,3,2,3,1.21,3,2,3,1,1,1.0
130,File,org.apache.velocity.runtime.resource.ResourceManager,0,0,0,0,0,0,0,0,1,0,2,3,3,0,3,0,0,0,3,81,11,13,11,2,57,9,10,10,0,0,0,0,4.38,0,0,0,0,0,1.0
131,File,org.apache.velocity.runtime.resource.ResourceManagerImpl,5,5,5,3,73,10,34,28,1,0,3,7,7,7,7,0,1,2,4,637,101,270,59,149,267,114,148,53,95,9,9,9,0.99,37,37,38,22,4,2.0
132,File,org.apache.velocity.runtime.resource.loader.ClasspathResourceLoader,1,1,1,1,14,1,8,5,1,0,0,4,4,0,4,0,0,0,4,136,14,40,13,13,82,15,22,12,10,3,3,4,2.05,6,6,7,4,1,1.0
133,File,org.apache.velocity.runtime.resource.loader.FileResourceLoader,3,3,4,1,39,3,21,14,1,0,0,5,5,2,5,0,1,0,4,257,33,122,40,59,102,56,75,40,35,6,6,8,0.84,18,18,23,9,2,2.0
134,File,org.apache.velocity.runtime.resource.loader.JarHolder,2,2,2,1,14,1,12,0,1,0,0,6,6,4,6,0,0,0,6,141,27,92,28,43,22,44,57,27,30,3,3,3,0.24,12,12,12,6,2,1.0
135,File,org.apache.velocity.runtime.resource.loader.JarResourceLoader,2,2,3,1,21,2,13,4,1,0,0,7,7,2,7,0,3,0,4,242,44,109,28,52,89,44,64,27,37,6,6,8,0.82,19,19,23,9,2,1.0
136,File,org.apache.velocity.runtime.resource.loader.ResourceLoader,1,1,1,1,11,0,4,6,1,0,0,10,10,4,10,0,0,0,10,160,24,45,22,13,91,23,30,21,9,1,1,1,2.02,6,6,6,6,0,1.0
137,File,org.apache.velocity.runtime.resource.loader.ResourceLoaderFactory,2,2,2,1,30,4,22,4,1,1,0,1,0,0,1,0,0,0,1,60,7,28,7,14,25,9,12,6,6,2,2,2,0.89,2,2,2,1,1,1.0
138,File,org.apache.velocity.runtime.visitor.BaseVisitor,1,1,1,1,4,0,4,0,1,0,0,37,37,2,37,0,0,0,37,261,43,192,44,72,26,78,116,44,72,1,1,1,0.14,37,37,37,37,0,1.0
139,File,org.apache.velocity.runtime.visitor.NodeViewMode,1,1,1,1,5,0,4,1,1,0,0,36,36,2,36,0,2,0,34,277,43,171,46,52,63,55,95,47,48,3,3,4,0.37,39,39,40,36,2,1.0
140,File,org.apache.velocity.runtime.visitor.VMReferenceMungeVisitor,1,1,1,1,18,1,7,10,1,0,0,2,2,1,2,0,0,0,2,79,10,21,8,7,48,9,13,8,5,2,2,2,2.29,3,3,3,2,1,1.0
141,File,org.apache.velocity.servlet.VelocityServlet,2,2,2,1,33,2,13,17,1,0,9,16,16,0,16,0,0,11,5,691,71,256,86,114,364,107,141,71,70,7,7,11,1.42,32,32,39,18,4,1.0
142,File,org.apache.velocity.test.AnakiaTestCase,1,1,1,1,13,0,8,4,1,1,3,3,2,0,3,0,0,0,3,74,6,33,8,12,35,9,15,8,7,3,3,3,1.06,5,5,5,3,2,0.0
143,File,org.apache.velocity.test.BaseTestCase,1,1,1,1,16,0,9,6,1,3,0,6,3,1,6,0,0,5,1,144,14,67,27,27,63,26,36,20,16,3,3,3,0.94,9,9,9,6,2,0.0
144,File,org.apache.velocity.test.ClassloaderChangeTest,2,2,2,1,19,2,12,4,2,1,2,7,6,3,7,0,0,0,7,203,37,109,34,50,57,51,67,33,34,5,5,5,0.52,14,14,14,7,2,0.0
145,File,org.apache.velocity.test.ClasspathResourceTest,2,2,2,1,32,5,21,5,1,1,5,3,2,0,3,0,0,0,3,161,28,80,29,47,53,41,48,25,23,3,3,4,0.66,6,6,7,3,2,0.0
146,File,org.apache.velocity.test.CommonsExtPropTestCase,1,1,1,1,20,3,16,1,1,1,3,6,5,0,6,0,3,0,3,191,40,111,25,69,40,70,81,19,62,3,3,3,0.36,10,10,10,6,2,0.0
147,File,org.apache.velocity.test.ConfigurationTestCase,1,1,1,1,20,3,16,1,1,1,3,6,5,0,6,0,3,0,3,181,31,111,25,69,39,70,81,19,62,3,3,3,0.35,10,10,10,6,2,0.0
148,File,org.apache.velocity.test.ContextSafetyTestCase,2,2,2,1,32,5,21,5,1,1,0,3,2,0,3,0,0,0,3,147,25,78,25,44,44,42,49,22,27,3,3,4,0.56,6,6,7,3,2,0.0
149,File,org.apache.velocity.test.EncodingTestCase,3,3,3,1,45,10,29,6,1,1,0,3,2,0,3,0,0,0,3,189,42,104,22,63,43,51,61,20,41,6,6,6,0.41,9,9,9,3,2,0.0
150,File,org.apache.velocity.test.EventHandlingTestCase,2,2,2,1,29,4,16,9,1,1,2,9,8,2,9,0,0,0,9,330,56,168,37,81,106,73,95,33,62,12,12,12,0.63,25,25,26,9,2,0.0
151,File,org.apache.velocity.test.ExternalLoggerTest,2,1,2,1,15,1,11,3,1,1,0,5,4,2,5,0,0,0,5,121,19,65,15,34,37,30,39,15,24,5,2,5,0.57,11,8,12,5,1,0.0
152,File,org.apache.velocity.test.InlineScopeVMTestCase,2,2,2,1,30,5,20,4,1,1,1,3,2,0,3,1,0,0,2,143,26,78,30,40,39,39,46,26,20,3,3,4,0.5,6,6,7,3,2,0.0
153,File,org.apache.velocity.test.IntrospectorTestCase,1,1,1,1,10,1,7,1,2,1,0,14,13,4,14,2,1,0,11,211,39,121,37,88,51,75,104,38,66,14,14,14,0.42,27,27,27,14,3,0.0
154,File,org.apache.velocity.test.IntrospectorTestCase2,1,1,1,1,7,0,5,0,6,11,0,14,3,2,14,1,0,0,13,173,33,106,32,30,34,33,57,32,25,5,5,5,0.32,18,18,18,14,2,0.0
155,File,org.apache.velocity.test.IntrospectorTestCase3,1,1,1,1,11,2,7,1,2,1,0,9,8,0,9,0,0,0,9,152,34,85,31,40,33,45,56,30,26,1,1,1,0.39,9,9,9,9,0,0.0
156,File,org.apache.velocity.test.MethodInvocationExceptionTest,3,3,3,1,27,3,21,2,1,1,0,6,5,0,6,0,0,0,6,207,32,137,24,70,38,59,75,21,54,13,13,13,0.28,19,19,19,6,2,0.0
157,File,org.apache.velocity.test.MiscTestCase,1,1,1,1,9,1,7,0,1,1,0,4,3,0,4,0,0,0,4,75,15,35,12,16,25,20,25,12,13,1,1,1,0.71,4,4,4,4,0,0.0
158,File,org.apache.velocity.test.MultiLoaderTestCase,2,2,2,1,50,10,29,11,1,1,6,3,2,0,3,0,0,0,3,229,44,111,40,68,74,60,69,34,35,5,5,5,0.67,8,8,8,3,2,0.0
159,File,org.apache.velocity.test.MultipleFileResourcePathTest,2,2,2,1,27,4,19,3,1,1,7,3,2,0,3,1,0,0,2,166,29,84,37,45,53,46,53,33,20,3,3,4,0.63,6,6,7,3,2,0.0
160,File,org.apache.velocity.test.ParserTestCase,1,1,1,1,23,4,12,6,1,1,0,5,4,0,5,0,0,0,5,158,32,73,23,32,53,34,43,20,23,2,2,2,0.73,8,8,8,5,1,0.0
161,File,org.apache.velocity.test.TemplateTestBase,0,0,0,0,0,0,0,0,1,0,7,0,0,0,0,0,0,0,0,68,9,15,13,7,44,8,9,9,0,0,0,0,2.93,0,0,0,0,0,0.0
162,File,org.apache.velocity.test.TemplateTestCase,1,1,1,1,29,4,18,6,1,1,0,4,3,8,4,0,0,1,3,202,29,102,38,54,71,74,81,36,45,3,3,3,0.7,6,6,6,4,2,0.0
163,File,org.apache.velocity.test.TemplateTestSuite,2,2,2,1,20,1,14,5,1,1,0,3,2,1,3,0,2,0,1,107,14,54,14,22,39,28,35,15,20,3,3,3,0.72,6,6,6,5,2,0.0
164,File,org.apache.velocity.test.TexenClasspathTestCase,1,1,2,1,10,0,7,3,1,1,2,4,3,0,4,0,0,1,3,90,9,40,13,13,41,11,18,12,6,3,3,7,1.02,6,6,10,4,2,0.0
165,File,org.apache.velocity.test.TexenTestCase,1,1,2,1,10,0,7,3,1,1,2,4,3,0,4,0,0,1,3,89,9,39,12,13,41,11,18,12,6,3,3,7,1.05,6,6,10,4,2,0.0
166,File,org.apache.velocity.test.VelocimacroTestCase,2,2,2,1,15,1,12,2,1,1,0,3,2,2,3,0,0,0,3,96,15,54,22,19,27,27,34,22,12,3,3,3,0.5,6,6,6,3,2,0.0
167,File,org.apache.velocity.test.VelocityAppTestCase,2,2,2,1,18,2,12,3,1,1,0,3,2,3,3,0,0,0,3,107,17,57,21,22,33,29,36,21,15,3,3,3,0.58,6,6,6,3,2,0.0
168,File,org.apache.velocity.test.VelocityServletTest,1,1,1,1,4,0,4,0,5,1,0,61,60,1,61,1,0,1,59,395,70,291,95,58,34,70,140,90,50,4,4,5,0.12,66,66,67,61,3,0.0
169,File,org.apache.velocity.test.misc.Test,3,3,3,1,46,10,26,10,1,1,1,5,4,0,5,0,0,0,5,317,75,165,58,93,78,107,122,55,67,10,10,10,0.47,18,18,18,5,3,0.0
170,File,org.apache.velocity.test.provider.BoolObj,1,1,1,1,4,0,4,0,1,0,0,2,2,0,2,0,0,0,2,43,3,12,4,2,28,3,6,4,2,1,1,1,2.33,2,2,2,2,0,0.0
171,File,org.apache.velocity.test.provider.Child,1,1,1,1,4,0,4,0,1,0,0,1,1,0,1,0,0,0,1,33,2,8,3,1,23,2,4,3,1,1,1,1,2.88,1,1,1,1,0,0.0
172,File,org.apache.velocity.test.provider.Person,1,1,1,1,4,0,4,0,1,0,0,1,1,0,1,0,0,0,1,36,2,8,3,1,26,2,4,3,1,1,1,1,3.25,1,1,1,1,0,0.0
173,File,org.apache.velocity.test.provider.TestProvider,1,1,1,1,7,0,6,0,1,0,1,37,37,4,37,0,0,0,37,359,69,234,65,107,57,114,158,68,90,3,3,3,0.24,43,43,43,39,2,0.0
174,File,org.apache.velocity.test.view.TemplateNodeView,1,1,1,1,18,2,12,3,1,1,0,2,1,2,2,0,0,0,2,87,12,39,18,15,36,22,26,17,9,2,2,2,0.92,3,3,3,2,1,0.0
175,File,org.apache.velocity.texen.Generator,1,1,1,1,16,0,9,6,1,1,4,20,19,6,20,0,1,3,16,468,45,219,75,83,204,84,114,61,53,6,6,8,0.93,31,31,39,20,2,1.0
176,File,org.apache.velocity.texen.ant.TexenTask,2,2,2,1,25,1,14,8,1,0,1,17,17,9,17,0,0,2,15,585,62,290,78,133,233,115,155,72,83,19,19,20,0.8,43,43,44,17,6,1.0
177,File,org.apache.velocity.texen.util.FileUtil,1,1,1,1,14,0,8,6,1,3,0,3,0,0,3,0,0,0,3,75,5,29,8,11,41,9,15,8,7,3,3,3,1.41,5,5,5,5,2,1.0
178,File,org.apache.velocity.texen.util.PropertiesUtil,3,3,3,1,43,2,19,21,1,0,0,3,3,0,3,0,0,2,1,167,12,67,21,30,88,27,37,21,16,4,4,4,1.31,9,9,9,5,3,1.0
179,File,org.apache.velocity.util.ArrayIterator,1,1,1,1,14,1,6,6,1,0,0,4,4,3,4,0,0,0,4,114,13,36,12,12,65,15,22,12,10,2,2,2,1.81,6,6,6,4,1,1.0
180,File,org.apache.velocity.util.EnumerationIterator,1,1,1,1,11,0,2,9,1,0,0,1,1,0,1,0,0,0,1,52,5,12,8,0,35,5,4,4,0,1,1,1,2.92,1,1,1,1,0,1.0
181,File,org.apache.velocity.util.SimplePool,1,1,1,1,18,2,9,7,1,0,0,4,4,3,4,0,0,0,4,126,16,45,11,17,65,15,25,11,14,3,3,3,1.44,7,7,7,4,1,1.0
182,File,org.apache.velocity.util.StringUtils,2,2,3,1,26,1,14,9,1,17,2,20,3,0,20,0,0,0,20,596,59,310,84,164,230,140,197,85,112,12,12,12,0.74,57,57,64,35,4,1.0
183,File,org.apache.velocity.util.introspection.ClassMap,4,4,4,1,33,4,18,10,3,5,2,13,8,7,13,3,7,0,3,522,83,260,57,128,179,108,161,63,98,11,11,11,0.69,52,52,53,25,4,2.0
184,File,org.apache.velocity.util.introspection.Info,1,1,1,1,4,0,4,0,1,0,0,5,5,3,5,0,1,0,4,56,6,28,10,6,22,10,16,10,6,1,1,1,0.79,5,5,5,5,0,1.0
185,File,org.apache.velocity.util.introspection.IntrospectionCacheData,0,0,0,0,0,0,0,0,1,0,0,0,0,2,0,0,0,0,0,40,3,6,4,0,31,3,4,4,0,0,0,0,5.17,0,0,0,0,0,1.0
186,File,org.apache.velocity.util.introspection.Introspector,2,2,2,1,20,2,10,8,1,0,1,3,3,1,3,0,0,1,2,136,17,45,18,17,74,22,29,16,13,4,4,4,1.64,6,6,6,3,3,1.0
187,File,org.apache.velocity.util.introspection.IntrospectorBase,2,2,2,1,27,2,11,13,1,0,0,3,3,2,3,0,0,2,1,152,16,46,15,19,90,20,28,14,14,4,4,4,1.96,6,6,6,3,2,1.0
188,File,org.apache.velocity.util.introspection.MethodMap,5,5,10,4,44,4,24,15,2,6,3,9,3,1,9,0,6,0,3,467,60,238,46,135,169,90,137,48,89,12,12,37,0.71,50,49,94,36,3,2.0
189,File,org.apache.velocity.util.introspection.Uberspect,0,0,0,0,0,0,0,0,1,0,0,5,5,0,5,0,0,0,5,57,8,12,10,0,37,9,10,10,0,0,0,0,3.08,0,0,0,0,0,1.0
190,File,org.apache.velocity.util.introspection.UberspectImpl,1,1,1,1,11,1,8,1,4,0,1,23,23,5,23,0,3,0,20,366,60,236,66,93,70,76,119,58,61,9,9,9,0.3,42,42,42,31,3,3.0
191,File,org.apache.velocity.util.introspection.UberspectLoggable,0,0,0,0,0,0,0,0,1,0,0,1,1,0,1,0,0,0,1,38,3,6,4,0,29,3,4,4,0,0,0,0,4.83,0,0,0,0,0,1.0
192,File,org.apache.velocity.util.introspection.VelMethod,0,0,0,0,0,0,0,0,1,0,0,4,4,0,4,0,0,0,4,54,5,9,7,0,40,5,6,6,0,0,0,0,4.44,0,0,0,0,0,1.0
193,File,org.apache.velocity.util.introspection.VelPropertyGet,0,0,0,0,0,0,0,0,1,0,0,3,3,0,3,0,0,0,3,48,4,7,5,0,37,4,5,5,0,0,0,0,5.29,0,0,0,0,0,1.0
194,File,org.apache.velocity.util.introspection.VelPropertySet,0,0,0,0,0,0,0,0,1,0,0,3,3,0,3,0,0,0,3,51,4,7,5,0,40,4,5,5,0,0,0,0,5.71,0,0,0,0,0,1.0
