,Kind,Name,AvgCyclomatic,AvgCyclomaticModified,AvgCyclomaticStrict,AvgEssential,AvgLine,AvgLineBlank,AvgLineCode,AvgLineComment,CountDeclClass,CountDeclClassMethod,CountDeclClassVariable,CountDeclFunction,CountDeclInstanceMethod,CountDeclInstanceVariable,CountDeclMethod,CountDeclMethodDefault,CountDeclMethodPrivate,CountDeclMethodProtected,CountDeclMethodPublic,CountLine,CountLineBlank,CountLineCode,CountLineCodeDecl,CountLineCodeExe,CountLineComment,CountSemicolon,CountStmt,CountStmtDecl,CountStmtExe,MaxCyclomatic,MaxCyclomaticModified,MaxCyclomaticStrict,RatioCommentToCode,SumCyclomatic,SumCyclomaticModified,SumCyclomaticStrict,SumEssential,MaxNesting,bug
0,File,org.apache.velocity.Template,3,3,3,2,52,5,25,21,1,0,0,4,4,1,4,0,0,0,4,280,33,123,34,54,124,52,64,29,35,7,7,7,1.01,12,12,12,9,2,4.0
1,File,org.apache.velocity.VelocityContext,1,1,1,1,11,0,5,6,1,0,1,10,10,1,10,0,0,0,10,187,15,60,19,18,112,21,33,19,14,2,2,2,1.87,12,12,12,10,1,0.0
2,File,org.apache.velocity.anakia.AnakiaElement,1,1,1,1,18,0,4,14,1,0,2,11,11,0,11,0,0,0,11,264,18,58,20,14,188,19,31,19,12,1,1,1,3.24,11,11,11,11,0,0.0
3,File,org.apache.velocity.anakia.AnakiaJDOMFactory,1,1,1,1,6,0,3,3,1,0,0,5,5,0,5,0,0,0,5,73,7,26,10,4,40,8,14,10,4,1,1,1,1.54,5,5,5,5,0,0.0
4,File,org.apache.velocity.anakia.AnakiaTask,2,2,3,1,23,1,15,6,2,0,0,21,21,17,21,0,4,0,17,646,80,385,91,189,181,154,212,94,118,15,15,22,0.47,59,59,77,25,4,0.0
5,File,org.apache.velocity.anakia.Escape,5,3,5,1,28,0,22,5,1,1,1,2,1,0,2,0,0,0,2,96,5,50,9,31,41,25,32,9,23,9,5,9,0.82,10,6,10,2,2,0.0
6,File,org.apache.velocity.anakia.NodeList,1,1,1,1,10,0,6,4,2,0,1,37,37,1,37,0,2,0,35,509,45,275,69,96,189,89,142,66,76,14,14,14,0.69,56,56,56,37,3,0.0
7,File,org.apache.velocity.anakia.OutputWrapper,1,1,1,1,13,0,6,7,1,0,0,3,3,0,3,0,0,0,3,82,7,28,11,6,47,10,15,11,4,2,2,2,1.68,4,4,4,3,1,0.0
8,File,org.apache.velocity.anakia.TreeWalker,1,1,1,1,10,0,6,4,1,0,0,3,3,0,3,0,1,0,2,77,6,26,11,7,45,13,17,12,5,2,2,2,1.73,4,4,4,3,1,0.0
9,File,org.apache.velocity.anakia.XPathCache,1,1,1,1,11,0,8,3,1,1,1,2,1,0,2,1,1,0,0,64,5,25,9,8,34,10,15,9,6,2,2,2,1.36,3,3,3,2,1,0.0
10,File,org.apache.velocity.anakia.XPathTool,1,1,1,1,12,0,4,8,1,0,0,4,4,0,4,0,0,0,4,131,10,25,12,3,96,7,12,9,3,1,1,1,3.84,4,4,4,4,0,0.0
11,File,org.apache.velocity.app.FieldMethodizer,1,1,2,1,16,0,10,6,1,0,0,7,7,2,7,0,1,0,6,188,11,80,21,31,97,24,38,20,18,3,3,4,1.21,13,13,14,7,2,1.0
12,File,org.apache.velocity.app.Velocity,1,1,1,1,22,0,9,11,1,24,0,24,0,0,24,0,0,0,24,633,49,257,77,92,327,88,123,56,67,9,9,13,1.27,40,40,44,31,3,2.0
13,File,org.apache.velocity.app.VelocityEngine,1,1,1,1,20,0,8,11,1,0,0,28,28,1,28,0,0,0,28,673,58,266,87,92,349,90,129,62,67,7,7,10,1.31,41,41,45,32,3,3.0
14,File,org.apache.velocity.app.event.EventCartridge,2,2,3,1,19,1,11,6,1,0,0,14,14,6,14,0,0,0,14,354,45,178,39,85,131,76,109,44,65,11,11,16,0.74,37,37,42,20,2,2.0
15,File,org.apache.velocity.app.event.EventHandler,0,0,0,0,0,0,0,0,1,0,0,0,0,0,0,0,0,0,0,31,3,4,2,0,24,1,2,2,0,0,0,0,6.0,0,0,0,0,0,0.0
16,File,org.apache.velocity.app.event.EventHandlerMethodExecutor,0,0,0,0,0,0,0,0,1,0,0,3,3,0,3,0,0,0,3,57,4,7,5,0,46,4,5,5,0,0,0,0,6.57,0,0,0,0,0,1.0
17,File,org.apache.velocity.app.event.EventHandlerUtil,3,3,3,1,33,2,19,12,1,11,0,11,0,0,11,0,3,0,8,424,45,218,79,103,161,65,86,44,42,5,5,7,0.74,35,35,38,19,3,2.0
18,File,org.apache.velocity.app.event.IncludeEventHandler,1,1,1,1,8,0,7,1,2,0,0,5,5,5,5,1,0,0,4,108,16,43,20,13,49,19,26,16,10,2,2,2,1.14,5,5,6,4,1,1.0
19,File,org.apache.velocity.app.event.InvalidReferenceEventHandler,1,1,1,1,7,0,6,1,4,0,0,15,15,18,15,3,0,0,12,237,28,116,57,28,93,48,64,40,24,1,1,2,0.8,12,12,13,12,0,1.0
20,File,org.apache.velocity.app.event.MethodExceptionEventHandler,1,1,1,1,10,0,6,2,2,0,0,5,5,6,5,1,0,0,4,112,14,44,22,12,54,20,27,17,10,2,2,2,1.23,5,5,5,4,1,1.0
21,File,org.apache.velocity.app.event.NullSetEventHandler,1,1,1,1,8,0,6,1,2,0,0,5,5,5,5,1,0,0,4,101,14,40,19,12,47,18,25,16,9,2,2,2,1.18,5,5,6,4,1,1.0
22,File,org.apache.velocity.app.event.ReferenceInsertionEventHandler,1,1,1,1,9,0,6,3,2,0,0,5,5,3,5,1,0,0,4,105,11,37,17,9,57,15,22,14,8,2,2,2,1.54,5,5,5,4,1,1.0
23,File,org.apache.velocity.app.event.implement.EscapeHtmlReference,1,1,1,1,9,0,4,5,1,0,0,2,2,0,2,0,0,2,0,52,6,13,5,2,33,4,7,5,2,1,1,1,2.54,2,2,2,2,0,1.0
24,File,org.apache.velocity.app.event.implement.EscapeJavaScriptReference,1,1,1,1,9,0,4,5,1,0,0,2,2,0,2,0,0,2,0,52,6,13,5,2,33,4,7,5,2,1,1,1,2.54,2,2,2,2,0,1.0
25,File,org.apache.velocity.app.event.implement.EscapeReference,3,3,3,2,25,2,15,8,1,0,0,5,5,3,5,0,0,3,2,163,19,59,16,22,85,23,33,16,17,4,4,5,1.44,9,9,10,6,2,1.0
26,File,org.apache.velocity.app.event.implement.EscapeSqlReference,1,1,1,1,9,0,4,5,1,0,0,2,2,0,2,0,0,2,0,52,6,13,5,2,33,4,7,5,2,1,1,1,2.54,2,2,2,2,0,1.0
27,File,org.apache.velocity.app.event.implement.EscapeXmlReference,1,1,1,1,9,0,4,5,1,0,0,2,2,0,2,0,0,2,0,52,6,13,5,2,33,4,7,5,2,1,1,1,2.54,2,2,2,2,0,1.0
28,File,org.apache.velocity.app.event.implement.IncludeNotFound,2,2,2,2,24,1,13,9,1,0,2,2,2,2,2,0,0,0,2,102,12,37,16,14,53,16,21,13,8,3,3,3,1.43,4,4,4,4,2,2.0
29,File,org.apache.velocity.app.event.implement.IncludeRelativePath,3,3,4,3,34,4,17,13,1,0,0,1,1,0,1,0,0,0,1,69,9,21,9,9,39,6,10,5,5,3,3,4,1.86,3,3,4,3,1,1.0
30,File,org.apache.velocity.app.event.implement.InvalidReferenceInfo,1,1,1,1,8,0,4,3,1,0,0,3,3,1,3,0,0,0,3,63,8,20,7,5,35,7,11,7,4,1,1,1,1.75,3,3,3,3,0,1.0
31,File,org.apache.velocity.app.event.implement.PrintExceptions,2,2,2,1,23,2,17,4,1,1,2,3,2,1,3,0,1,0,2,124,17,63,18,33,44,33,42,18,24,4,4,5,0.7,7,7,8,3,1,1.0
32,File,org.apache.velocity.app.event.implement.ReportInvalidReferences,1,1,1,1,15,0,7,7,1,0,1,6,6,2,6,0,1,0,5,179,19,62,23,23,98,24,33,20,13,2,2,2,1.58,8,8,8,6,1,1.0
33,File,org.apache.velocity.app.tools.VelocityFormatter,1,1,1,1,14,0,7,7,3,0,0,23,23,3,23,0,0,0,23,445,28,180,60,63,237,61,95,47,48,4,4,4,1.32,31,31,31,23,2,0.0
34,File,org.apache.velocity.context.AbstractContext,1,1,2,1,17,1,7,8,1,0,0,13,13,1,13,0,0,0,13,265,31,71,18,23,163,22,38,17,21,3,3,4,2.3,15,15,16,10,1,1.0
35,File,org.apache.velocity.context.Context,0,0,0,0,0,0,0,0,1,0,0,5,5,0,5,5,0,0,0,79,6,9,7,0,64,6,7,7,0,0,0,0,7.11,0,0,0,0,0,0.0
36,File,org.apache.velocity.context.InternalContextAdapter,0,0,0,0,0,0,0,0,1,0,0,0,0,0,0,0,0,0,0,36,3,5,3,0,28,1,2,2,0,0,0,0,5.6,0,0,0,0,0,0.0
37,File,org.apache.velocity.context.InternalContextAdapterImpl,1,1,1,1,8,0,4,3,1,0,0,21,21,3,21,0,0,0,21,300,39,114,29,34,147,33,59,29,30,3,3,3,1.29,25,25,25,21,1,4.0
38,File,org.apache.velocity.context.InternalContextBase,1,1,1,1,8,0,4,4,1,0,1,12,12,5,12,0,0,0,12,196,26,68,26,23,102,27,41,26,15,2,2,2,1.5,13,13,13,12,1,2.0
39,File,org.apache.velocity.context.InternalEventContext,0,0,0,0,0,0,0,0,1,0,0,2,2,0,2,0,0,0,2,44,4,7,5,0,33,4,5,5,0,0,0,0,4.71,0,0,0,0,0,0.0
40,File,org.apache.velocity.context.InternalHousekeepingContext,0,0,0,0,0,0,0,0,1,0,0,10,10,0,10,10,0,0,0,115,16,16,14,0,83,13,14,14,0,0,0,0,5.19,0,0,0,0,0,2.0
41,File,org.apache.velocity.context.InternalWrapperContext,0,0,0,0,0,0,0,0,1,0,0,3,3,0,3,3,0,0,0,53,4,7,5,0,42,4,5,5,0,0,0,0,6.0,0,0,0,0,0,0.0
42,File,org.apache.velocity.context.VMContext,1,1,1,1,11,0,6,5,1,0,0,23,23,5,23,0,0,1,22,364,49,156,43,53,159,51,81,43,38,4,4,4,1.02,29,29,29,26,3,5.0
43,File,org.apache.velocity.convert.WebMacro,3,3,3,1,23,2,16,4,1,2,3,8,6,0,8,0,5,0,3,310,42,179,67,101,93,59,82,37,45,7,7,7,0.52,24,24,24,8,2,0.0
44,File,org.apache.velocity.exception.ExtendedParseException,0,0,0,0,0,0,0,0,1,0,0,3,3,0,3,3,0,0,0,51,5,7,5,0,39,4,5,5,0,0,0,0,5.57,0,0,0,0,0,1.0
45,File,org.apache.velocity.exception.MethodInvocationException,1,1,1,1,10,0,5,4,1,0,1,8,8,5,8,0,0,0,8,139,17,52,18,19,70,25,34,18,16,2,2,2,1.35,9,9,9,8,0,2.0
46,File,org.apache.velocity.exception.ParseErrorException,1,1,1,1,15,0,8,6,1,0,1,9,9,4,9,0,0,0,9,213,25,86,22,39,102,37,52,21,31,4,4,5,1.19,14,14,16,9,2,1.0
47,File,org.apache.velocity.exception.ResourceNotFoundException,1,1,1,1,7,0,4,3,1,0,1,3,3,0,3,0,0,0,3,64,5,17,6,4,42,5,9,6,3,1,1,1,2.47,3,3,3,3,0,1.0
48,File,org.apache.velocity.exception.TemplateInitException,1,1,1,1,8,0,5,2,1,0,1,5,5,3,5,0,0,0,5,91,13,38,15,12,40,17,23,12,11,1,1,1,1.05,5,5,5,5,0,1.0
49,File,org.apache.velocity.exception.VelocityException,1,1,1,1,9,0,5,4,1,0,1,4,4,1,4,0,0,0,4,81,8,29,10,10,44,13,18,9,9,1,1,1,1.52,4,4,4,4,0,1.0
50,File,org.apache.velocity.io.UnicodeInputStream,1,1,1,1,12,0,8,3,2,0,6,20,20,7,20,2,4,1,13,375,57,195,60,79,129,73,107,47,60,8,5,8,0.66,36,33,37,24,3,1.0
51,File,org.apache.velocity.io.VelocityWriter,2,2,2,1,14,0,8,5,1,0,4,18,18,5,18,0,4,0,14,336,30,161,36,82,145,65,104,35,69,8,8,8,0.9,40,40,40,23,3,0.0
52,File,org.apache.velocity.runtime.ParserPool,0,0,0,0,0,0,0,0,1,0,0,3,3,0,3,3,0,0,0,52,6,8,6,0,38,5,6,6,0,0,0,0,4.75,0,0,0,0,0,1.0
53,File,org.apache.velocity.runtime.ParserPoolImpl,2,2,2,1,15,0,10,4,1,0,0,3,3,3,3,0,0,0,3,86,10,38,11,18,38,18,25,12,13,3,3,3,1.0,6,6,6,3,1,2.0
54,File,org.apache.velocity.runtime.Runtime,1,1,1,1,13,0,4,9,1,29,0,29,0,0,29,0,0,0,29,529,45,141,52,29,343,40,70,41,29,1,1,1,2.43,29,29,29,29,0,2.0
55,File,org.apache.velocity.runtime.RuntimeConstants,0,0,0,0,0,0,0,0,1,0,0,0,0,53,0,0,0,0,0,312,68,57,55,53,187,54,55,55,0,0,0,0,3.28,0,0,0,0,0,7.0
56,File,org.apache.velocity.runtime.RuntimeInstance,2,2,2,1,24,1,13,9,1,0,0,48,48,13,48,0,10,0,38,1427,161,693,165,326,573,252,368,144,224,16,16,16,0.83,114,114,126,48,3,8.0
57,File,org.apache.velocity.runtime.RuntimeLogger,0,0,0,0,0,0,0,0,1,0,0,4,4,0,4,0,0,0,4,59,5,8,6,0,46,5,6,6,0,0,0,0,5.75,0,0,0,0,0,0.0
58,File,org.apache.velocity.runtime.RuntimeServices,0,0,0,0,0,0,0,0,1,0,0,33,33,0,33,0,0,0,33,403,38,61,59,0,304,49,50,50,0,0,0,0,4.98,0,0,0,0,0,5.0
59,File,org.apache.velocity.runtime.RuntimeSingleton,1,1,1,1,13,0,4,8,1,36,1,37,1,0,37,0,0,0,37,634,46,178,65,38,410,53,91,54,37,1,1,1,2.3,37,37,37,37,0,3.0
60,File,org.apache.velocity.runtime.VelocimacroFactory,3,3,3,1,39,5,19,15,2,0,0,13,13,11,13,0,7,0,6,646,100,274,51,141,272,111,156,52,104,13,13,13,0.99,39,39,45,21,5,7.0
61,File,org.apache.velocity.runtime.VelocimacroManager,1,1,2,1,19,2,9,7,2,0,1,20,20,12,20,4,5,0,11,496,74,225,61,98,197,86,128,58,70,5,5,5,0.88,39,39,41,32,3,5.0
62,File,org.apache.velocity.runtime.directive.Directive,1,1,1,1,11,0,4,5,1,0,0,7,7,3,7,0,0,0,7,127,17,41,26,8,69,21,26,21,5,1,1,1,1.68,4,4,4,4,0,1.0
63,File,org.apache.velocity.runtime.directive.DirectiveConstants,0,0,0,0,0,0,0,0,1,0,2,0,0,0,0,0,0,0,0,35,3,6,4,2,26,3,4,4,0,0,0,0,4.33,0,0,0,0,0,0.0
64,File,org.apache.velocity.runtime.directive.Foreach,1,1,1,1,14,1,7,5,2,0,0,25,25,8,25,0,1,0,24,488,60,230,68,87,198,88,128,64,64,10,10,11,0.86,40,40,43,27,3,9.0
65,File,org.apache.velocity.runtime.directive.Include,3,3,3,1,34,3,17,13,1,0,0,6,6,2,6,0,2,0,4,288,30,125,38,62,133,52,70,30,40,10,10,10,1.06,19,19,21,10,3,2.0
66,File,org.apache.velocity.runtime.directive.InputBase,2,2,2,1,24,0,12,12,1,0,0,1,1,0,1,0,0,1,0,59,3,19,7,5,37,7,10,7,3,2,2,2,1.95,2,2,2,1,1,0.0
67,File,org.apache.velocity.runtime.directive.Literal,1,1,1,1,12,0,5,6,1,0,0,4,4,1,4,0,0,0,4,94,9,33,17,6,52,14,19,13,6,1,1,1,1.58,4,4,4,4,0,0.0
68,File,org.apache.velocity.runtime.directive.Macro,2,2,2,1,33,4,14,15,1,4,1,8,4,0,8,0,2,0,6,341,53,129,47,61,160,60,79,40,39,5,5,6,1.24,19,19,20,8,3,3.0
69,File,org.apache.velocity.runtime.directive.MacroParseException,3,3,3,1,24,2,16,5,1,0,1,6,6,1,6,0,0,1,5,198,24,112,20,52,62,46,65,21,44,10,10,10,0.55,18,18,20,9,2,2.0
70,File,org.apache.velocity.runtime.directive.Parse,6,6,6,4,67,8,35,23,1,0,0,3,3,0,3,0,0,0,3,266,33,121,26,62,112,48,63,24,39,17,17,17,0.93,19,19,19,14,2,3.0
71,File,org.apache.velocity.runtime.directive.VMProxyArg,4,3,4,1,40,4,23,13,1,0,1,11,11,10,11,0,1,0,10,577,72,281,42,145,224,102,141,41,100,16,16,16,0.8,50,40,50,11,4,2.0
72,File,org.apache.velocity.runtime.directive.VelocimacroProxy,2,2,2,1,27,3,13,11,1,0,0,14,14,11,14,0,3,0,11,473,75,216,62,101,182,99,128,63,65,7,7,7,0.84,33,33,35,18,3,8.0
73,File,org.apache.velocity.runtime.log.AvalonLogChute,3,1,3,1,21,0,15,5,1,0,4,8,8,2,8,0,1,1,6,243,23,150,35,89,70,75,91,34,57,6,3,6,0.47,27,15,27,8,2,2.0
74,File,org.apache.velocity.runtime.log.AvalonLogSystem,1,1,1,1,9,0,4,5,1,0,0,1,1,0,1,0,0,0,1,40,2,8,3,1,30,2,4,3,1,1,1,1,3.75,1,1,1,1,0,0.0
75,File,org.apache.velocity.runtime.log.HoldingLogChute,1,1,1,1,15,0,10,5,1,0,0,5,5,1,5,0,0,0,5,122,9,59,16,23,54,22,33,17,16,4,4,4,0.92,8,8,8,5,3,1.0
76,File,org.apache.velocity.runtime.log.JdkLogChute,2,1,2,1,14,0,9,4,1,0,2,5,5,1,5,0,0,1,4,126,12,60,17,29,54,23,32,16,16,6,2,6,0.9,12,8,12,5,1,3.0
77,File,org.apache.velocity.runtime.log.Log,1,1,1,1,8,0,4,3,1,0,0,21,21,1,21,0,0,4,17,224,25,93,24,23,106,24,47,24,23,2,2,2,1.14,22,22,22,21,1,4.0
78,File,org.apache.velocity.runtime.log.Log4JLogChute,4,2,4,1,26,0,21,4,1,0,1,7,7,4,7,0,1,1,5,254,18,167,28,98,69,72,91,27,64,7,4,7,0.41,30,18,31,13,2,3.0
79,File,org.apache.velocity.runtime.log.Log4JLogSystem,1,1,1,1,9,0,4,5,1,0,0,1,1,0,1,0,0,0,1,48,2,8,3,1,38,2,4,3,1,1,1,1,4.75,1,1,1,1,0,0.0
80,File,org.apache.velocity.runtime.log.LogChute,0,0,0,0,0,0,0,0,1,0,0,4,4,10,4,4,0,0,0,94,17,19,17,10,58,16,17,17,0,0,0,0,3.05,0,0,0,0,0,1.0
81,File,org.apache.velocity.runtime.log.LogChuteSystem,1,1,1,1,8,0,4,4,1,0,0,5,5,1,5,0,0,1,4,85,10,28,10,6,47,10,16,10,6,1,1,1,1.68,5,5,5,5,0,1.0
82,File,org.apache.velocity.runtime.log.LogDisplayWrapper,1,1,1,1,8,0,4,4,1,0,0,16,16,3,16,0,0,5,11,202,22,81,22,21,99,23,42,21,21,2,2,2,1.22,18,18,18,16,1,1.0
83,File,org.apache.velocity.runtime.log.LogManager,8,8,8,6,77,3,52,22,1,2,0,2,0,0,2,0,1,0,1,224,14,114,21,60,96,46,61,22,39,14,14,15,0.84,16,16,17,13,4,2.0
84,File,org.apache.velocity.runtime.log.LogSystem,0,0,0,0,0,0,0,0,1,0,5,2,2,0,2,0,0,0,2,72,9,12,10,5,51,9,10,10,0,0,0,0,4.25,0,0,0,0,0,0.0
85,File,org.apache.velocity.runtime.log.NullLogChute,1,1,1,1,8,0,3,5,1,0,0,4,4,0,4,0,0,0,4,71,8,18,7,1,45,3,8,7,1,1,1,1,2.5,4,4,4,4,0,1.0
86,File,org.apache.velocity.runtime.log.NullLogSystem,1,1,1,1,8,0,3,5,1,0,0,1,1,0,1,0,0,0,1,39,2,7,3,0,30,1,3,3,0,1,1,1,4.29,1,1,1,1,0,0.0
87,File,org.apache.velocity.runtime.log.PrimordialLogSystem,1,1,1,1,8,0,4,4,1,0,0,2,2,0,2,0,0,0,2,52,3,12,4,2,37,3,6,4,2,1,1,1,3.08,2,2,2,2,0,0.0
88,File,org.apache.velocity.runtime.log.RuntimeLoggerLog,1,1,1,1,7,0,4,3,1,0,0,20,20,1,20,0,0,3,17,213,25,94,24,26,94,28,50,24,26,2,2,2,1.0,21,21,21,20,1,1.0
89,File,org.apache.velocity.runtime.log.SimpleLog4JLogSystem,2,1,2,1,20,2,12,6,1,0,0,6,6,3,6,0,1,1,4,181,25,85,20,46,71,40,51,19,32,5,3,5,0.84,13,10,13,6,1,0.0
90,File,org.apache.velocity.runtime.log.SystemLogChute,2,2,2,1,15,0,10,4,1,0,2,10,10,2,10,0,0,2,8,201,17,116,22,54,68,37,59,20,39,6,5,6,0.59,25,21,25,14,2,2.0
91,File,org.apache.velocity.runtime.log.VelocityFormatter,1,1,1,1,9,0,4,5,1,0,0,2,2,0,2,0,0,1,1,49,4,14,6,2,31,5,8,6,2,1,1,1,2.21,2,2,2,2,0,0.0
92,File,org.apache.velocity.runtime.parser.CharStream,0,0,0,0,0,0,0,0,1,0,0,12,12,0,12,12,0,0,0,110,15,15,14,0,80,13,14,14,0,0,0,0,5.33,0,0,0,0,0,0.0
93,File,org.apache.velocity.runtime.parser.JJTParserState,1,1,1,1,6,0,6,0,1,0,0,12,12,5,12,12,0,0,0,126,21,82,23,44,25,45,63,23,40,3,3,3,0.3,17,17,17,12,2,1.0
94,File,org.apache.velocity.runtime.parser.ParseException,5,3,5,1,27,0,20,7,1,0,1,5,5,5,5,0,0,1,4,197,14,111,23,77,72,68,86,24,62,12,10,13,0.65,25,17,26,8,3,0.0
95,File,org.apache.velocity.runtime.parser.Parser,7,5,7,2,21,0,19,1,3,3,3,151,148,29,151,0,101,0,50,3415,200,2974,330,2217,243,1491,2233,349,1884,71,50,75,0.08,1057,842,1068,341,10,10.0
96,File,org.apache.velocity.runtime.parser.ParserConstants,0,0,0,0,0,0,0,0,1,0,0,0,0,75,0,0,0,0,0,153,5,147,146,142,1,76,77,77,0,0,0,0,0.01,0,0,0,0,0,2.0
97,File,org.apache.velocity.runtime.parser.ParserTokenManager,16,11,17,8,48,0,46,1,1,1,10,89,88,23,89,3,75,1,10,4409,71,4239,287,3471,99,2014,2951,245,2706,274,170,304,0.02,1467,991,1566,741,6,5.0
98,File,org.apache.velocity.runtime.parser.ParserTreeConstants,0,0,0,0,0,0,0,0,1,0,0,0,0,42,0,0,0,0,0,93,4,88,86,82,1,43,44,44,0,0,0,0,0.01,0,0,0,0,0,3.0
99,File,org.apache.velocity.runtime.parser.ParserVisitor,0,0,0,0,0,0,0,0,1,0,0,41,41,0,41,0,0,0,41,361,44,86,84,0,231,83,84,84,0,0,0,0,2.69,0,0,0,0,0,0.0
100,File,org.apache.velocity.runtime.parser.TemplateParseException,2,2,2,1,21,1,12,7,1,0,1,9,9,1,9,0,0,1,8,248,28,125,22,57,95,49,71,22,49,10,10,10,0.76,21,21,23,12,2,2.0
101,File,org.apache.velocity.runtime.parser.Token,1,1,1,1,13,0,5,7,1,1,0,2,1,8,2,0,0,0,2,81,10,19,9,3,52,8,12,9,3,1,2,1,2.74,2,3,2,2,1,0.0
102,File,org.apache.velocity.runtime.parser.TokenMgrError,3,1,3,1,14,0,10,4,1,2,4,6,4,1,6,0,0,2,4,133,13,72,16,50,48,37,47,17,30,12,4,13,0.67,18,10,19,6,3,0.0
103,File,org.apache.velocity.runtime.parser.VelocityCharStream,2,2,2,1,16,1,11,3,1,0,1,24,24,14,24,0,3,0,21,490,58,305,61,176,127,140,191,52,139,10,10,10,0.42,53,51,55,24,3,3.0
104,File,org.apache.velocity.runtime.parser.node.ASTAddNode,3,3,4,1,23,1,12,8,1,0,0,4,4,0,4,0,0,0,4,146,19,60,14,28,67,19,29,13,16,9,9,13,1.12,12,12,16,7,1,1.0
105,File,org.apache.velocity.runtime.parser.node.ASTAndNode,1,1,2,1,15,1,7,6,1,0,0,5,5,0,5,0,0,0,5,120,13,47,15,16,60,15,24,13,11,5,5,6,1.28,9,9,10,8,2,0.0
106,File,org.apache.velocity.runtime.parser.node.ASTAssignment,1,1,1,1,7,0,4,3,1,0,0,3,3,0,3,0,0,0,3,54,5,18,7,3,31,6,10,7,3,1,1,1,1.72,3,3,3,3,0,0.0
107,File,org.apache.velocity.runtime.parser.node.ASTBlock,1,1,1,1,9,0,5,3,1,0,0,4,4,0,4,0,0,0,4,78,11,33,17,7,34,17,23,15,8,2,2,2,1.03,5,5,5,4,1,0.0
108,File,org.apache.velocity.runtime.parser.node.ASTComment,1,1,1,1,12,1,7,3,1,0,1,5,5,1,5,0,0,0,5,110,16,51,22,15,43,23,31,21,10,3,3,4,0.84,8,8,9,5,1,0.0
109,File,org.apache.velocity.runtime.parser.node.ASTDirective,1,1,1,1,18,1,12,4,1,0,0,8,8,3,8,0,0,0,8,213,27,117,28,51,69,41,56,26,30,6,6,6,0.59,15,15,15,8,2,6.0
110,File,org.apache.velocity.runtime.parser.node.ASTDivNode,3,3,3,1,23,2,13,7,1,0,0,4,4,0,4,0,0,0,4,139,15,63,14,31,61,20,30,13,17,9,9,11,0.97,12,12,14,7,1,1.0
111,File,org.apache.velocity.runtime.parser.node.ASTEQNode,3,3,4,1,26,2,14,9,1,0,0,5,5,0,5,0,0,0,5,175,19,82,17,40,74,22,34,15,19,11,11,15,0.9,16,16,20,9,2,2.0
112,File,org.apache.velocity.runtime.parser.node.ASTElseIfStatement,1,1,1,1,9,0,4,4,1,0,0,5,5,0,5,0,0,0,5,95,8,35,18,5,52,14,20,15,5,1,1,1,1.49,5,5,5,5,0,0.0
113,File,org.apache.velocity.runtime.parser.node.ASTElseStatement,1,1,1,1,8,0,4,4,1,0,0,4,4,0,4,0,0,0,4,74,7,23,9,4,44,8,13,9,4,1,1,1,1.91,4,4,4,4,0,0.0
114,File,org.apache.velocity.runtime.parser.node.ASTEscape,1,1,1,1,8,0,5,3,1,0,0,5,5,2,5,0,0,0,5,91,9,37,15,8,45,15,22,14,8,2,2,2,1.22,6,6,6,5,1,0.0
115,File,org.apache.velocity.runtime.parser.node.ASTEscapedDirective,1,1,1,1,8,0,5,3,1,0,0,4,4,0,4,0,0,0,4,80,9,30,12,6,41,11,17,11,6,2,2,2,1.37,5,5,5,4,1,0.0
116,File,org.apache.velocity.runtime.parser.node.ASTExpression,1,1,1,1,7,0,4,3,1,0,0,5,5,0,5,0,0,0,5,75,8,30,13,5,37,10,16,11,5,1,1,1,1.23,5,5,5,5,0,0.0
117,File,org.apache.velocity.runtime.parser.node.ASTFalse,1,1,1,1,7,0,4,3,1,0,1,5,5,0,5,0,0,0,5,73,8,28,11,6,37,10,16,11,5,1,1,1,1.32,5,5,5,5,0,0.0
118,File,org.apache.velocity.runtime.parser.node.ASTFloatingPointLiteral,1,1,1,1,12,1,6,5,1,0,0,5,5,1,5,0,0,0,5,113,20,40,15,12,53,16,23,14,9,2,2,2,1.32,6,6,6,5,1,1.0
119,File,org.apache.velocity.runtime.parser.node.ASTGENode,2,2,3,1,18,2,10,5,1,0,0,5,5,0,5,0,0,0,5,141,22,62,17,28,57,20,30,15,15,8,8,10,0.92,13,13,15,7,1,1.0
120,File,org.apache.velocity.runtime.parser.node.ASTGTNode,2,2,3,1,18,2,10,5,1,0,0,5,5,0,5,0,0,0,5,139,20,62,17,28,57,20,30,15,15,8,8,10,0.92,13,13,15,7,1,1.0
121,File,org.apache.velocity.runtime.parser.node.ASTIdentifier,3,3,4,2,37,4,21,11,1,0,0,5,5,2,5,0,0,0,5,249,31,122,24,58,96,40,53,22,31,12,12,16,0.79,16,16,20,12,3,3.0
122,File,org.apache.velocity.runtime.parser.node.ASTIfStatement,1,1,1,1,14,0,7,7,1,0,0,5,5,0,5,0,0,0,5,133,21,47,18,12,65,20,29,17,12,4,4,4,1.38,8,8,8,8,2,0.0
123,File,org.apache.velocity.runtime.parser.node.ASTIncludeStatement,1,1,1,1,7,0,4,3,1,0,0,3,3,0,3,0,0,0,3,55,6,18,7,3,31,6,10,7,3,1,1,1,1.72,3,3,3,3,0,0.0
124,File,org.apache.velocity.runtime.parser.node.ASTIntegerLiteral,1,1,1,1,13,1,7,4,1,0,0,5,5,1,5,0,0,0,5,113,18,48,15,15,47,17,25,14,11,3,3,3,0.98,7,7,7,5,2,1.0
125,File,org.apache.velocity.runtime.parser.node.ASTIntegerRange,2,2,3,1,26,4,12,10,1,0,0,4,4,0,4,0,0,0,4,149,24,59,21,30,66,28,36,21,15,7,7,9,1.12,10,10,12,6,1,1.0
126,File,org.apache.velocity.runtime.parser.node.ASTLENode,2,2,3,1,18,1,10,5,1,0,0,5,5,0,5,0,0,0,5,139,20,62,17,28,57,20,30,15,15,8,8,10,0.92,13,13,15,7,1,1.0
127,File,org.apache.velocity.runtime.parser.node.ASTLTNode,2,2,3,1,18,2,10,5,1,0,0,5,5,0,5,0,0,0,5,140,21,62,17,28,57,20,30,15,15,8,8,10,0.92,13,13,15,7,1,1.0
128,File,org.apache.velocity.runtime.parser.node.ASTMap,1,1,1,1,11,1,6,3,1,0,0,4,4,0,4,0,0,0,4,88,13,37,19,12,38,20,26,19,7,4,4,4,1.03,7,7,7,4,1,1.0
129,File,org.apache.velocity.runtime.parser.node.ASTMethod,3,3,4,2,37,3,19,13,2,0,0,9,9,5,9,0,0,0,9,416,52,200,41,92,164,73,103,42,61,17,17,20,0.82,35,35,39,26,5,5.0
130,File,org.apache.velocity.runtime.parser.node.ASTModNode,3,3,3,1,23,3,13,7,1,0,0,4,4,0,4,0,0,0,4,142,19,63,14,31,60,20,30,13,17,9,9,11,0.95,12,12,14,7,1,1.0
131,File,org.apache.velocity.runtime.parser.node.ASTMulNode,2,2,3,1,20,2,11,7,1,0,0,4,4,0,4,0,0,0,4,131,18,55,14,25,58,18,27,13,14,8,8,10,1.05,11,11,13,6,1,1.0
132,File,org.apache.velocity.runtime.parser.node.ASTNENode,3,3,4,1,23,2,14,6,1,0,0,5,5,0,5,0,0,0,5,162,22,81,18,39,59,23,35,16,19,11,11,15,0.73,16,16,20,9,2,2.0
133,File,org.apache.velocity.runtime.parser.node.ASTNotNode,1,1,1,1,8,0,5,3,1,0,0,5,5,0,5,0,0,0,5,78,8,33,13,8,37,11,18,11,7,2,2,2,1.12,7,7,7,5,1,0.0
134,File,org.apache.velocity.runtime.parser.node.ASTObjectArray,1,1,1,1,9,0,5,3,1,0,0,4,4,0,4,0,0,0,4,78,11,33,15,8,34,16,22,15,7,2,2,2,1.03,5,5,5,4,1,1.0
135,File,org.apache.velocity.runtime.parser.node.ASTOrNode,1,1,1,1,13,1,5,7,1,0,0,5,5,0,5,0,0,0,5,116,18,36,15,11,62,14,22,13,9,3,3,5,1.72,7,7,9,7,1,0.0
136,File,org.apache.velocity.runtime.parser.node.ASTParameters,1,1,1,1,7,0,4,3,1,0,0,3,3,0,3,0,0,0,3,54,5,18,7,3,31,6,10,7,3,1,1,1,1.72,3,3,3,3,0,0.0
137,File,org.apache.velocity.runtime.parser.node.ASTReference,4,4,5,2,49,6,25,16,1,0,4,14,14,12,14,0,1,0,13,781,118,397,78,225,269,159,221,72,149,15,15,18,0.68,64,64,70,39,5,8.0
138,File,org.apache.velocity.runtime.parser.node.ASTSetDirective,2,2,2,1,23,2,11,8,1,0,0,7,7,5,7,0,2,0,5,220,30,102,30,44,88,43,59,28,31,9,9,10,0.86,15,15,16,10,4,5.0
139,File,org.apache.velocity.runtime.parser.node.ASTStop,1,1,1,1,9,0,4,5,1,0,0,4,4,0,4,0,0,0,4,87,10,30,15,5,47,14,19,14,5,1,1,1,1.57,4,4,4,4,0,1.0
140,File,org.apache.velocity.runtime.parser.node.ASTStringLiteral,3,3,4,2,42,5,18,18,1,0,0,5,5,5,5,0,0,0,5,270,35,114,29,52,121,44,56,28,28,8,8,9,1.06,17,17,21,12,3,7.0
141,File,org.apache.velocity.runtime.parser.node.ASTSubtractNode,2,2,3,1,20,1,11,7,1,0,0,4,4,0,4,0,0,0,4,128,15,55,14,25,58,18,27,13,14,8,8,10,1.05,11,11,13,6,1,1.0
142,File,org.apache.velocity.runtime.parser.node.ASTText,1,1,1,1,9,0,5,3,1,0,0,5,5,1,5,0,0,0,5,97,19,41,19,10,37,18,25,17,8,2,2,2,0.9,6,6,6,5,1,0.0
143,File,org.apache.velocity.runtime.parser.node.ASTTrue,1,1,1,1,7,0,4,3,1,0,1,5,5,0,5,0,0,0,5,73,8,28,11,6,37,10,16,11,5,1,1,1,1.32,5,5,5,5,0,0.0
144,File,org.apache.velocity.runtime.parser.node.ASTVariable,1,1,1,1,7,0,4,3,1,0,0,3,3,0,3,0,0,0,3,54,5,18,7,3,31,6,10,7,3,1,1,1,1.72,3,3,3,3,0,0.0
145,File,org.apache.velocity.runtime.parser.node.ASTWord,1,1,1,1,7,0,4,3,1,0,0,3,3,0,3,0,0,0,3,54,5,18,7,3,31,6,10,7,3,1,1,1,1.72,3,3,3,3,0,0.0
146,File,org.apache.velocity.runtime.parser.node.ASTprocess,1,1,1,1,7,0,4,3,1,0,0,3,3,0,3,0,0,0,3,54,5,18,7,3,31,6,10,7,3,1,1,1,1.72,3,3,3,3,0,0.0
147,File,org.apache.velocity.runtime.parser.node.AbstractExecutor,1,1,1,1,8,0,4,4,1,0,0,4,4,2,4,0,0,1,3,82,9,23,12,5,50,10,14,11,3,1,1,1,2.17,3,3,3,3,0,1.0
148,File,org.apache.velocity.runtime.parser.node.BooleanPropertyExecutor,3,3,3,1,24,2,16,6,1,0,0,3,3,0,3,0,0,1,2,118,12,56,14,20,51,18,27,12,15,7,7,7,0.91,9,9,9,3,3,3.0
149,File,org.apache.velocity.runtime.parser.node.GetExecutor,2,2,2,1,15,0,9,6,1,0,0,4,4,2,4,0,0,1,3,113,12,47,16,13,54,17,24,13,11,3,3,3,1.15,8,8,8,4,1,2.0
150,File,org.apache.velocity.runtime.parser.node.MapGetExecutor,2,2,2,1,13,0,12,1,1,0,0,3,3,1,3,0,0,1,2,79,7,44,10,15,28,15,23,10,13,6,6,6,0.64,8,8,8,5,4,2.0
151,File,org.apache.velocity.runtime.parser.node.MapSetExecutor,2,2,2,1,13,0,12,1,1,0,0,3,3,1,3,0,0,1,2,79,7,44,10,15,28,15,23,10,13,6,6,6,0.64,8,8,8,5,4,2.0
152,File,org.apache.velocity.runtime.parser.node.MathUtils,5,3,6,4,29,2,19,7,1,13,8,13,0,0,13,0,2,0,11,487,49,289,58,179,149,118,166,56,110,11,8,13,0.52,65,47,79,55,2,1.0
153,File,org.apache.velocity.runtime.parser.node.Node,0,0,0,0,0,0,0,0,1,0,0,24,24,0,24,0,0,0,24,201,27,41,39,0,133,34,35,35,0,0,0,0,3.24,0,0,0,0,0,2.0
154,File,org.apache.velocity.runtime.parser.node.NodeUtils,6,6,8,4,59,7,33,18,1,3,0,3,0,0,3,0,0,0,3,214,26,107,22,61,81,50,70,24,46,11,11,14,0.76,20,20,26,14,5,3.0
155,File,org.apache.velocity.runtime.parser.node.PropertyExecutor,2,2,2,1,19,1,11,7,1,0,0,5,5,1,5,0,0,2,3,139,17,66,20,22,56,24,34,17,17,5,5,5,0.85,11,11,11,5,3,2.0
156,File,org.apache.velocity.runtime.parser.node.PutExecutor,2,2,2,1,27,2,16,8,1,0,0,3,3,2,3,0,0,1,2,128,15,59,14,21,54,21,29,12,17,4,4,4,0.92,8,8,8,3,2,2.0
157,File,org.apache.velocity.runtime.parser.node.SetExecutor,1,1,1,1,7,0,4,3,1,0,0,4,4,2,4,0,0,1,3,86,9,23,12,5,54,10,14,11,3,1,1,1,2.35,3,3,3,3,0,1.0
158,File,org.apache.velocity.runtime.parser.node.SetPropertyExecutor,2,2,2,1,22,1,12,8,1,0,0,4,4,1,4,0,0,2,2,133,15,61,18,23,57,22,31,15,16,5,5,5,0.93,10,10,10,4,3,3.0
159,File,org.apache.velocity.runtime.parser.node.SimpleNode,1,1,1,1,9,0,6,3,1,0,0,30,30,11,30,0,0,0,30,418,59,221,67,76,141,88,131,66,65,4,4,4,0.64,44,44,44,33,3,5.0
160,File,org.apache.velocity.runtime.resource.ContentResource,3,3,3,1,29,3,21,5,1,0,0,2,2,0,2,0,0,0,2,101,11,51,13,22,39,17,24,12,12,6,6,6,0.76,7,7,7,2,2,2.0
161,File,org.apache.velocity.runtime.resource.Resource,1,1,1,1,9,0,4,4,1,0,1,17,17,8,17,0,0,0,17,270,34,87,34,24,149,32,50,33,17,2,2,2,1.71,17,17,17,16,1,2.0
162,File,org.apache.velocity.runtime.resource.ResourceCache,0,0,0,0,0,0,0,0,1,0,0,5,5,0,5,0,0,0,5,73,7,11,9,0,55,8,9,9,0,0,0,0,5.0,0,0,0,0,0,0.0
163,File,org.apache.velocity.runtime.resource.ResourceCacheImpl,1,1,1,1,9,0,5,3,1,0,0,5,5,2,5,0,0,0,5,109,11,42,19,13,56,20,27,18,9,2,2,2,1.33,6,6,6,5,1,1.0
164,File,org.apache.velocity.runtime.resource.ResourceFactory,3,2,3,1,22,3,14,5,1,1,0,1,0,0,1,0,0,0,1,56,6,19,5,9,31,8,11,5,6,3,2,3,1.63,3,2,3,1,1,0.0
165,File,org.apache.velocity.runtime.resource.ResourceManager,0,0,0,0,0,0,0,0,1,0,2,3,3,0,3,0,0,0,3,86,11,13,11,2,62,9,10,10,0,0,0,0,4.77,0,0,0,0,0,0.0
166,File,org.apache.velocity.runtime.resource.ResourceManagerImpl,5,5,5,3,75,10,37,28,1,0,3,7,7,7,7,0,1,2,4,624,92,291,68,152,242,122,153,57,96,11,11,11,0.83,40,40,41,24,4,5.0
167,File,org.apache.velocity.runtime.resource.loader.ClasspathResourceLoader,2,2,2,1,17,1,9,5,1,0,0,4,4,0,4,0,0,0,4,153,15,50,17,16,88,18,27,15,12,4,4,4,1.76,8,8,8,4,1,0.0
168,File,org.apache.velocity.runtime.resource.loader.DataSourceResourceLoader,3,3,3,1,28,1,20,5,1,0,0,10,10,7,10,0,5,0,5,430,34,232,54,111,164,87,115,47,68,6,6,7,0.71,32,32,33,13,3,2.0
169,File,org.apache.velocity.runtime.resource.loader.FileResourceLoader,4,4,5,2,41,3,25,12,1,0,0,7,7,3,7,0,3,0,4,367,38,203,50,94,126,81,113,50,63,7,7,8,0.62,31,31,35,14,6,2.0
170,File,org.apache.velocity.runtime.resource.loader.JarHolder,2,2,2,1,18,1,13,3,1,0,0,6,6,4,6,0,0,0,6,173,26,101,30,46,46,46,61,29,32,3,3,3,0.46,14,14,14,6,2,1.0
171,File,org.apache.velocity.runtime.resource.loader.JarResourceLoader,3,3,3,1,23,2,14,6,1,0,0,7,7,2,7,0,3,0,4,256,35,119,30,56,102,48,70,29,41,6,6,7,0.86,21,21,24,9,2,2.0
172,File,org.apache.velocity.runtime.resource.loader.ResourceLoader,1,1,1,1,16,0,8,7,1,0,0,10,10,5,10,0,0,0,10,206,22,75,25,28,109,33,43,24,19,4,4,4,1.45,9,9,9,6,1,2.0
173,File,org.apache.velocity.runtime.resource.loader.ResourceLoaderFactory,2,2,2,1,33,4,21,8,1,1,0,1,0,0,1,0,0,0,1,67,7,28,8,13,32,10,13,7,6,2,2,2,1.14,2,2,2,1,1,1.0
174,File,org.apache.velocity.runtime.resource.loader.StringResourceLoader,2,2,2,1,18,1,12,4,2,5,6,9,4,0,9,0,0,0,9,281,35,136,40,59,110,56,77,38,39,5,5,5,0.81,22,22,22,9,1,5.0
175,File,org.apache.velocity.runtime.resource.loader.URLResourceLoader,4,4,4,1,32,2,21,8,1,0,0,4,4,2,4,0,0,0,4,179,19,102,27,47,58,46,64,28,36,10,10,10,0.57,17,17,18,7,4,5.0
176,File,org.apache.velocity.runtime.resource.util.StringResource,1,1,1,1,8,0,4,4,1,0,0,7,7,3,7,0,0,0,7,106,11,36,12,9,59,13,21,12,9,1,1,1,1.64,7,7,7,7,0,1.0
177,File,org.apache.velocity.runtime.resource.util.StringResourceRepository,0,0,0,0,0,0,0,0,1,0,0,5,5,0,5,5,0,0,0,67,6,9,7,0,52,6,7,7,0,0,0,0,5.78,0,0,0,0,0,2.0
178,File,org.apache.velocity.runtime.resource.util.StringResourceRepositoryImpl,1,1,1,1,7,0,4,3,1,0,0,5,5,2,5,0,0,0,5,88,10,31,14,7,47,12,18,13,5,1,1,1,1.52,5,5,5,5,0,2.0
179,File,org.apache.velocity.runtime.visitor.BaseVisitor,1,1,1,1,7,0,4,3,1,0,0,43,43,2,43,0,0,0,43,469,48,263,91,84,158,131,175,91,84,1,1,1,0.6,43,43,43,43,0,1.0
180,File,org.apache.velocity.runtime.visitor.NodeViewMode,1,1,1,1,7,0,4,3,1,0,0,42,42,2,42,0,2,0,40,440,49,235,92,58,156,101,147,93,54,3,3,4,0.66,45,45,46,42,2,1.0
181,File,org.apache.velocity.runtime.visitor.VMReferenceMungeVisitor,1,1,1,1,19,1,7,11,1,0,0,2,2,1,2,0,0,0,2,84,10,21,8,7,53,9,13,8,5,2,2,2,2.52,3,3,3,2,1,2.0
182,File,org.apache.velocity.servlet.VelocityServlet,1,1,2,1,34,2,13,19,1,0,9,16,16,0,16,0,0,11,5,707,63,249,84,110,395,103,136,69,67,6,6,10,1.59,31,31,38,18,4,0.0
183,File,org.apache.velocity.texen.Generator,1,1,2,1,18,0,10,7,1,1,4,23,22,6,23,0,1,5,17,562,53,276,89,110,233,102,144,76,68,6,6,8,0.84,41,41,49,23,3,0.0
184,File,org.apache.velocity.texen.ant.TexenTask,2,2,2,1,22,1,13,8,1,0,1,21,21,11,21,0,0,2,19,650,66,314,83,140,270,123,168,78,90,20,20,21,0.86,49,49,50,21,6,0.0
185,File,org.apache.velocity.texen.util.FileUtil,1,1,1,1,14,0,8,6,1,3,0,3,0,0,3,0,0,0,3,78,5,29,8,11,44,9,15,8,7,3,3,3,1.52,5,5,5,5,2,0.0
186,File,org.apache.velocity.texen.util.PropertiesUtil,3,3,3,1,51,3,26,21,1,0,0,3,3,0,3,0,0,2,1,194,15,88,25,42,91,33,45,22,23,4,4,4,1.03,11,11,11,3,3,0.0
187,File,org.apache.velocity.util.ArrayIterator,1,1,1,1,14,1,6,6,1,0,0,4,4,3,4,0,0,0,4,117,13,36,12,12,68,15,22,12,10,2,2,2,1.89,6,6,6,4,1,0.0
188,File,org.apache.velocity.util.ClassUtils,2,2,2,1,27,1,12,13,1,3,0,4,1,0,4,0,1,0,3,150,18,53,12,22,79,15,26,10,16,5,5,5,1.49,10,10,10,6,3,1.0
189,File,org.apache.velocity.util.ContextAware,0,0,0,0,0,0,0,0,1,0,0,1,1,0,1,0,0,0,1,48,5,6,4,0,37,3,4,4,0,0,0,0,6.17,0,0,0,0,0,1.0
190,File,org.apache.velocity.util.EnumerationIterator,1,1,1,1,8,0,3,5,1,0,0,4,4,1,4,0,0,0,4,77,8,22,9,4,47,7,12,9,3,1,1,1,2.14,4,4,4,4,0,0.0
191,File,org.apache.velocity.util.ExceptionUtils,4,4,4,1,29,0,23,6,1,3,1,3,0,0,3,0,0,0,3,124,6,76,16,35,43,19,29,12,17,7,7,7,0.57,12,12,12,3,2,1.0
192,File,org.apache.velocity.util.RuntimeServicesAware,0,0,0,0,0,0,0,0,1,0,0,1,1,0,1,0,0,0,1,41,5,6,4,0,30,3,4,4,0,0,0,0,5.0,0,0,0,0,0,1.0
193,File,org.apache.velocity.util.SimplePool,1,1,1,1,16,1,8,6,1,0,0,5,5,3,5,1,0,0,4,137,16,49,12,18,72,16,27,12,15,3,3,3,1.47,8,8,8,5,1,0.0
194,File,org.apache.velocity.util.StringUtils,2,2,3,1,26,1,14,9,1,19,1,22,3,0,22,0,0,0,22,644,58,343,85,180,246,149,213,87,126,12,12,12,0.72,64,64,71,37,4,1.0
195,File,org.apache.velocity.util.TemplateNumber,0,0,0,0,0,0,0,0,1,0,0,1,1,0,1,0,0,0,1,37,4,5,3,0,28,2,3,3,0,0,0,0,5.6,0,0,0,0,0,1.0
196,File,org.apache.velocity.util.introspection.ClassMap,3,3,4,1,29,2,17,9,3,0,4,9,9,6,9,0,4,0,5,373,47,192,46,86,136,83,118,49,69,14,14,18,0.71,34,34,41,9,5,3.0
197,File,org.apache.velocity.util.introspection.Info,1,1,1,1,8,0,4,3,1,0,0,6,6,3,6,0,1,0,5,89,8,33,11,8,48,11,18,11,7,1,1,1,1.45,6,6,6,6,0,2.0
198,File,org.apache.velocity.util.introspection.IntrospectionCacheData,0,0,0,0,0,0,0,0,1,0,0,0,0,2,0,0,0,0,0,43,3,6,4,0,34,3,4,4,0,0,0,0,5.67,0,0,0,0,0,0.0
199,File,org.apache.velocity.util.introspection.Introspector,2,2,2,1,19,1,11,6,1,0,1,4,4,0,4,0,0,0,4,147,15,56,15,22,76,20,29,13,16,5,5,5,1.36,8,8,8,4,3,3.0
200,File,org.apache.velocity.util.introspection.IntrospectorBase,1,1,1,1,12,0,6,6,1,0,0,9,9,2,9,0,0,5,4,186,20,63,19,18,104,19,33,17,16,4,4,4,1.65,12,12,12,9,1,3.0
201,File,org.apache.velocity.util.introspection.IntrospectorCache,0,0,0,0,0,0,0,0,1,0,0,5,5,0,5,5,0,0,0,69,8,8,7,0,53,6,7,7,0,0,0,0,6.63,0,0,0,0,0,2.0
202,File,org.apache.velocity.util.introspection.IntrospectorCacheImpl,2,2,2,1,16,1,8,6,1,0,0,6,6,4,6,0,0,0,6,162,20,67,21,25,75,33,43,23,20,5,5,5,1.12,12,12,12,6,2,2.0
203,File,org.apache.velocity.util.introspection.IntrospectorCacheListener,0,0,0,0,0,0,0,0,1,0,0,3,3,0,3,3,0,0,0,52,6,7,5,0,39,4,5,5,0,0,0,0,5.57,0,0,0,0,0,1.0
204,File,org.apache.velocity.util.introspection.MethodMap,5,5,10,4,44,4,24,15,2,6,4,9,3,1,9,0,6,0,3,475,58,236,45,135,181,88,135,47,88,12,12,37,0.77,50,49,94,36,3,4.0
205,File,org.apache.velocity.util.introspection.SecureIntrospectorControl,0,0,0,0,0,0,0,0,1,0,0,1,1,0,1,0,0,0,1,41,4,5,3,0,32,2,3,3,0,0,0,0,6.4,0,0,0,0,0,1.0
206,File,org.apache.velocity.util.introspection.SecureIntrospectorImpl,5,5,6,4,38,4,22,11,1,0,0,3,3,2,3,0,0,0,3,160,19,76,13,34,65,30,45,15,30,12,12,17,0.86,15,15,20,12,2,2.0
207,File,org.apache.velocity.util.introspection.SecureUberspector,1,1,1,1,13,0,8,4,1,0,0,4,4,1,4,0,0,0,4,105,13,42,16,16,50,14,20,13,7,2,2,3,1.19,5,5,6,4,1,1.0
208,File,org.apache.velocity.util.introspection.Uberspect,0,0,0,0,0,0,0,0,1,0,0,5,5,0,5,0,0,0,5,79,7,10,8,0,62,7,8,8,0,0,0,0,6.2,0,0,0,0,0,0.0
209,File,org.apache.velocity.util.introspection.UberspectImpl,1,1,1,1,13,0,7,5,4,0,0,23,23,5,23,0,3,0,20,420,49,209,65,66,162,69,111,57,54,8,8,8,0.78,43,43,43,28,2,9.0
210,File,org.apache.velocity.util.introspection.UberspectLoggable,0,0,0,0,0,0,0,0,1,0,0,2,2,0,2,0,0,0,2,51,5,8,6,0,38,5,6,6,0,0,0,0,4.75,0,0,0,0,0,0.0
211,File,org.apache.velocity.util.introspection.VelMethod,0,0,0,0,0,0,0,0,1,0,0,4,4,0,4,0,0,0,4,63,5,9,7,0,49,5,6,6,0,0,0,0,5.44,0,0,0,0,0,0.0
212,File,org.apache.velocity.util.introspection.VelPropertyGet,0,0,0,0,0,0,0,0,1,0,0,3,3,0,3,0,0,0,3,55,4,7,5,0,44,4,5,5,0,0,0,0,6.29,0,0,0,0,0,0.0
213,File,org.apache.velocity.util.introspection.VelPropertySet,0,0,0,0,0,0,0,0,1,0,0,3,3,0,3,0,0,0,3,56,4,7,5,0,45,4,5,5,0,0,0,0,6.43,0,0,0,0,0,0.0
