,File name,original status,predicted status
0,org.apache.camel.component.irc.IrcErrorLogger,1.0,1.0
1,org.apache.camel.ProducerTemplate,2.0,1.0
2,org.apache.camel.impl.JndiRegistry,1.0,1.0
3,org.apache.camel.component.cxf.CxfSoapConsumer,1.0,1.0
4,org.apache.camel.processor.TryProcessor,2.0,1.0
5,org.apache.camel.component.cxf.AsyncProcessorDecorator,1.0,1.0
6,org.apache.camel.component.cxf.interceptors.DOMOutInterceptor,1.0,1.0
7,org.apache.camel.builder.xml.Namespaces,2.0,1.0
8,org.apache.commons.logging.Log,1.0,2.0
9,org.apache.camel.component.file.strategy.DefaultFileRenamer,1.0,1.0
10,org.apache.camel.processor.resequencer.Timeout,1.0,1.0
11,org.apache.camel.component.seda.SedaEndpoint,2.0,1.0
12,org.apache.camel.model.ChoiceType,2.0,1.0
13,org.apache.camel.component.file.remote.FtpProducer,1.0,1.0
14,org.apache.camel.management.InstrumentationAgentImpl,2.0,1.0
15,org.apache.camel.CamelExchangeException,2.0,1.0
16,org.apache.camel.model.WhenType,2.0,1.0
17,org.apache.camel.model.ThrottlerType,2.0,1.0
18,org.apache.camel.component.mail.MessageHeaderAccessException,1.0,1.0
19,org.apache.camel.processor.ChoiceProcessor,2.0,1.0
20,org.apache.camel.processor.loadbalancer.TopicLoadBalancer,2.0,1.0
21,org.apache.camel.component.jms.JmsEndpoint,1.0,1.0
22,org.apache.commons.logging.impl.NoOpLog,1.0,1.0
23,org.apache.camel.language.simple.SimpleLanguage,2.0,1.0
24,org.apache.camel.component.cxf.phase.AbstractPhaseManagerImpl,1.0,1.0
25,org.apache.camel.util.ReportingTypeConverterLoader,1.0,1.0
26,org.apache.camel.model.language.RubyExpression,1.0,1.0
27,org.apache.camel.impl.DefaultEndpoint,2.0,2.0
28,org.apache.camel.Converter,1.0,1.0
29,org.apache.camel.processor.validation.ValidatingProcessor,1.0,1.0
30,org.apache.camel.impl.DefaultLifecycleStrategy,2.0,1.0
31,org.apache.camel.impl.CachingInjector,2.0,1.0
32,org.apache.camel.Headers,1.0,1.0
33,org.apache.camel.component.irc.IrcBinding,1.0,1.0
34,org.apache.camel.bam.processor.ProcessContext,1.0,2.0
35,org.apache.commons.logging.LogFactory,1.0,2.0
36,org.apache.camel.processor.resequencer.ResequencerEngine,2.0,1.0
37,org.apache.camel.RuntimeCamelException,2.0,2.0
38,org.apache.camel.processor.resequencer.Element,1.0,1.0
39,org.apache.camel.impl.converter.ArrayTypeConverter,2.0,1.0
40,org.apache.camel.management.PerformanceCounter,1.0,1.0
41,org.apache.camel.component.direct.DirectEndpoint,2.0,1.0
42,org.apache.camel.spring.spi.SpringTransactionPolicy,1.0,1.0
43,org.apache.camel.builder.NoErrorHandlerBuilder,2.0,1.0
44,org.apache.camel.processor.loadbalancer.LoadBalancer,1.0,1.0
45,org.apache.camel.spring.remoting.CamelProxyFactoryBean,1.0,1.0
46,org.apache.camel.processor.Throttler,1.0,1.0
47,org.apache.camel.model.language.ELExpression,1.0,1.0
48,org.apache.camel.processor.Delayer,1.0,1.0
49,org.apache.camel.spring.EndpointFactoryBean,1.0,1.0
50,org.apache.camel.ExchangePattern,2.0,2.0
51,org.apache.camel.component.cxf.spring.CxfEndpointBean,1.0,1.0
52,org.apache.camel.model.RedeliveryPolicyType,2.0,1.0
53,org.apache.camel.processor.loadbalancer.LoadBalancerSupport,2.0,1.0
54,org.apache.camel.component.cxf.transport.CamelConstants,1.0,1.0
55,org.apache.camel.processor.DeadLetterChannel,2.0,1.0
56,org.apache.camel.component.cxf.util.UriUtils,1.0,1.0
57,org.apache.camel.processor.resequencer.SequenceSender,2.0,1.0
58,org.apache.camel.processor.Interceptor,1.0,1.0
59,org.apache.camel.spi.InstrumentationAgent,2.0,1.0
60,org.apache.camel.ResolveEndpointFailedException,1.0,1.0
61,org.apache.camel.component.file.FileEndpoint,2.0,1.0
62,org.apache.camel.language.juel.JuelLanguage,1.0,1.0
63,org.apache.camel.impl.DefaultProducer,1.0,2.0
64,org.apache.camel.model.ExceptionType,2.0,1.0
65,org.apache.camel.spring.SpringRouteBuilder,1.0,1.0
66,org.apache.camel.impl.MessageSupport,2.0,1.0
67,org.apache.camel.builder.ExpressionClause,2.0,1.0
68,org.apache.camel.management.Counter,1.0,1.0
69,org.apache.camel.language.juel.JuelExpression,1.0,1.0
70,org.apache.camel.processor.resequencer.TimeoutHandler,1.0,1.0
71,org.apache.camel.component.file.strategy.RenameFileProcessStrategy,2.0,1.0
72,org.apache.camel.component.cxf.invoker.CxfClient,1.0,1.0
73,org.apache.camel.bam.processor.BamProcessorSupport,1.0,1.0
74,org.apache.camel.Properties,1.0,1.0
75,org.apache.camel.spring.CamelProxyFactoryType,1.0,1.0
76,org.apache.camel.util.ExpressionComparator,1.0,1.0
77,org.apache.camel.component.jdbc.JdbcComponent,1.0,1.0
78,org.apache.camel.component.validator.jing.JingValidator,1.0,1.0
79,org.apache.camel.language.ognl.RootObject,1.0,1.0
80,org.apache.camel.NoTypeConversionAvailableException,2.0,1.0
81,org.apache.camel.view.XmlGraphGenerator,1.0,1.0
82,org.apache.camel.model.TryType,2.0,1.0
83,org.apache.camel.component.mail.MailBinding,1.0,1.0
84,org.apache.camel.model.package-info,1.0,1.0
85,org.apache.camel.impl.ScheduledPollConsumer,1.0,1.0
86,org.apache.camel.language.ognl.OgnlExpression,1.0,1.0
87,org.apache.camel.processor.Resequencer,1.0,1.0
88,org.apache.camel.impl.converter.TypeConverterLoader,2.0,1.0
89,org.apache.camel.component.file.strategy.FileProcessStrategy,2.0,1.0
90,org.apache.camel.component.bean.MethodInfo,2.0,1.0
91,org.apache.camel.model.OtherwiseType,2.0,1.0
92,org.apache.camel.model.BeanRef,2.0,1.0
93,org.apache.camel.component.cxf.interceptors.DOMInInterceptor,1.0,1.0
94,org.apache.camel.component.mina.MinaExchange,1.0,1.0
95,org.apache.camel.builder.script.JavaScript,1.0,1.0
96,org.apache.camel.builder.ProcessorFactory,1.0,1.0
97,org.apache.camel.component.event.EventEndpoint,1.0,1.0
98,org.apache.camel.converter.ObjectConverter,2.0,1.0
99,org.apache.camel.util.FactoryFinder,2.0,1.0
100,org.apache.commons.logging.impl.SimpleLog,1.0,2.0
101,org.apache.camel.impl.ReflectionInjector,1.0,1.0
102,org.apache.camel.converter.jaxb.LongHeader,1.0,1.0
103,org.apache.camel.model.language.JavaScriptExpression,1.0,1.0
104,org.apache.camel.spi.ComponentResolver,2.0,1.0
105,org.apache.camel.InvalidPayloadException,2.0,1.0
106,org.apache.camel.converter.jaxb.JaxbDataFormat,1.0,1.0
107,org.apache.camel.builder.script.BeanShell,1.0,1.0
108,org.apache.camel.component.cxf.CxfSoapProducer,1.0,1.0
109,org.apache.camel.converter.jaxb.StringHeader,1.0,1.0
110,org.apache.camel.bam.TimeExpression,1.0,1.0
111,org.apache.camel.processor.UnitOfWorkProcessor,2.0,1.0
112,org.apache.camel.impl.SerializationDataFormat,2.0,1.0
113,org.apache.camel.processor.MulticastProcessor,2.0,1.0
114,org.apache.camel.impl.DefaultCamelContext,2.0,2.0
115,org.apache.camel.component.irc.IrcConsumer,1.0,1.0
116,org.apache.camel.spring.CamelContextFactoryBean,1.0,2.0
117,org.apache.camel.converter.jaxb.MessageType,1.0,1.0
118,org.apache.camel.component.file.remote.RemoteFileEndpoint,1.0,1.0
119,org.apache.camel.processor.Splitter,2.0,1.0
120,org.apache.camel.model.ServiceActivationType,2.0,1.0
121,org.apache.camel.util.jndi.CamelInitialContextFactory,1.0,1.0
122,org.apache.camel.builder.xml.StreamResultHandlerFactory,2.0,1.0
123,org.apache.camel.component.cxf.CxfConsumer,1.0,1.0
124,org.apache.camel.model.FromType,2.0,1.0
125,org.apache.camel.component.mail.MailProducer,1.0,1.0
126,org.apache.camel.processor.LoggingLevel,1.0,1.0
127,org.apache.camel.processor.validation.NoXmlBodyValidationException,1.0,1.0
128,org.apache.camel.util.LRUCache,1.0,1.0
129,org.apache.camel.EndpointInject,1.0,1.0
130,org.apache.camel.component.cxf.CxfSoapComponent,1.0,1.0
131,org.apache.camel.builder.xml.XPathBuilder,2.0,1.0
132,org.apache.camel.builder.xml.ResultHandlerFactory,2.0,1.0
133,org.apache.camel.model.language.SqlExpression,2.0,1.0
134,org.apache.camel.management.InstrumentationProcessor,2.0,1.0
135,org.apache.camel.model.config.package-info,1.0,1.0
136,org.apache.camel.component.cxf.invoker.CxfClientFactoryBean,1.0,1.0
137,org.apache.camel.component.file.remote.RemoteFileExchange,1.0,1.0
138,org.apache.camel.component.event.CamelEvent,1.0,1.0
139,org.apache.camel.impl.converter.AnnotationTypeConverterLoader,2.0,1.0
140,org.apache.camel.impl.converter.PropertyEditorTypeConverter,2.0,1.0
141,org.apache.camel.spi.Registry,1.0,1.0
142,org.apache.camel.component.jms.JmsComponent,1.0,1.0
143,org.apache.camel.impl.EventDrivenPollingConsumer,1.0,1.0
144,org.apache.camel.component.cxf.spring.NamespaceHandler,1.0,1.0
145,org.apache.camel.impl.DefaultConsumer,2.0,2.0
146,org.apache.camel.builder.ValueBuilder,1.0,1.0
147,org.apache.camel.component.xmpp.XmppComponent,1.0,1.0
148,org.apache.camel.component.bean.BeanComponent,2.0,1.0
149,org.apache.commons.logging.impl.AvalonLogger,1.0,1.0
150,org.apache.camel.model.language.package-info,1.0,1.0
151,org.apache.camel.language.XPath,1.0,1.0
152,org.apache.camel.component.bean.MethodInvocation,2.0,1.0
153,org.apache.camel.component.irc.IrcExchange,1.0,1.0
154,org.apache.camel.impl.BinaryPredicateSupport,1.0,1.0
155,org.apache.camel.model.config.StreamResequencerConfig,2.0,1.0
156,org.apache.camel.spring.spi.TransactionInterceptor,1.0,1.0
157,org.apache.camel.CamelTemplate,2.0,1.0
158,org.apache.camel.spring.util.ReflectionUtils,1.0,1.0
159,org.apache.camel.component.cxf.interceptors.RawMessageContentRedirectInterceptor,1.0,1.0
160,org.apache.camel.component.cxf.interceptors.XMLMessageInInterceptor,1.0,1.0
161,org.apache.camel.model.language.PythonExpression,1.0,1.0
162,org.apache.camel.component.file.strategy.DeleteFileProcessStrategy,2.0,1.0
163,org.apache.camel.util.ResolverUtil,2.0,1.0
164,org.apache.camel.builder.xml.XPathLanguage,2.0,1.0
165,org.apache.camel.Consumer,1.0,1.0
166,org.apache.camel.component.irc.IrcConfiguration,1.0,2.0
167,org.apache.camel.language.ognl.OGNL,1.0,1.0
168,org.apache.camel.builder.xml.InvalidXPathExpression,1.0,1.0
169,org.apache.camel.processor.ErrorHandlerSupport,2.0,1.0
170,org.apache.camel.model.CatchType,2.0,1.0
171,org.apache.camel.converter.CollectionConverter,2.0,1.0
172,org.apache.camel.processor.resequencer.Sequence,1.0,1.0
173,org.apache.camel.processor.validation.SchemaValidationException,1.0,1.0
174,org.apache.camel.component.mail.MailEndpoint,1.0,1.0
175,org.apache.camel.spring.handler.BeanDefinitionParser,1.0,1.0
176,org.apache.camel.RuntimeExpressionException,1.0,1.0
177,org.apache.camel.component.cxf.CxfMessage,1.0,1.0
178,org.apache.camel.component.timer.TimerComponent,1.0,1.0
179,org.apache.camel.converter.jaxb.HeaderType,1.0,1.0
180,org.apache.camel.spi.ExchangeConverter,1.0,1.0
181,org.apache.camel.component.jms.MessagePropertyNamesAccessException,1.0,1.0
182,org.apache.camel.spi.UnitOfWork,1.0,1.0
183,org.apache.camel.bam.processor.NoCorrelationKeyException,1.0,1.0
184,org.apache.camel.impl.ServiceSupport,2.0,2.0
185,org.apache.camel.component.cxf.interceptors.XMLMessageOutInterceptor,1.0,1.0
186,org.apache.camel.language.NamespacePrefix,1.0,1.0
187,org.apache.camel.builder.xml.DomResultHandler,1.0,1.0
188,org.apache.camel.model.dataformat.DataFormatType,2.0,1.0
189,org.apache.camel.converter.jaxp.BytesSource,2.0,1.0
190,org.apache.camel.builder.RouteBuilder,2.0,1.0
191,org.apache.camel.component.cxf.interceptors.FaultOutInterceptor,1.0,1.0
192,org.apache.camel.component.bean.ProxyHelper,1.0,1.0
193,org.apache.camel.impl.DefaultExchange,2.0,2.0
194,org.apache.camel.util.ExpressionListComparator,1.0,1.0
195,org.apache.camel.model.language.PhpExpression,1.0,1.0
196,org.apache.camel.Producer,1.0,1.0
197,org.apache.camel.spring.remoting.SendBeforeInterceptor,1.0,1.0
198,org.apache.camel.component.cxf.DataFormat,1.0,1.0
199,org.apache.camel.processor.idempotent.NoMessageIdException,1.0,1.0
200,org.apache.camel.bam.processor.JpaBamProcessorSupport,1.0,1.0
201,org.apache.camel.component.bean.ParameterMappingStrategy,1.0,1.0
202,org.apache.camel.builder.xml.DomResultHandlerFactory,2.0,1.0
203,org.apache.camel.component.bean.BeanInfo,2.0,1.0
204,org.apache.camel.model.FilterType,2.0,1.0
205,org.apache.camel.impl.PredicateSupport,1.0,1.0
206,org.apache.camel.component.quartz.QuartzMessage,1.0,1.0
207,org.apache.commons.logging.impl.LogFactoryImpl,1.0,1.0
208,org.apache.camel.processor.idempotent.MemoryMessageIdRepository,2.0,1.0
209,org.apache.camel.component.velocity.VelocityEndpoint,1.0,1.0
210,org.apache.camel.language.ExpressionEvaluationException,2.0,1.0
211,org.apache.camel.model.ResequencerType,2.0,1.0
212,org.apache.camel.component.xmpp.XmppPrivateChatProducer,1.0,1.0
213,org.apache.camel.spring.package-info,1.0,1.0
214,org.apache.camel.impl.DefaultPollingEndpoint,1.0,1.0
215,org.apache.camel.component.cxf.CxfBinding,1.0,1.0
216,org.apache.camel.component.jms.JmsProducer,1.0,1.0
217,org.apache.camel.component.cxf.interceptors.PayloadContentRedirectInterceptor,1.0,1.0
218,org.apache.camel.processor.resequencer.ElementComparator,1.0,1.0
219,org.apache.camel.component.cxf.CxfExchange,1.0,1.0
220,org.apache.camel.component.xmpp.XmppMessage,1.0,1.0
221,org.apache.camel.component.file.remote.SftpProducer,1.0,1.0
222,org.apache.camel.component.jdbc.JdbcProducer,1.0,1.0
223,org.apache.camel.impl.DefaultMessage,2.0,1.0
224,org.apache.camel.bam.model.ProcessInstance,1.0,1.0
225,org.apache.camel.builder.BuilderSupport,2.0,2.0
226,org.apache.camel.component.mail.MailMessage,1.0,1.0
227,org.apache.camel.processor.loadbalancer.QueueLoadBalancer,1.0,1.0
228,org.apache.camel.component.cxf.spring.CxfEndpointBeanDefinitionParser,1.0,1.0
229,org.apache.camel.component.irc.IrcProducer,1.0,1.0
230,org.apache.camel.Route,2.0,1.0
231,org.apache.camel.component.file.remote.RemoteFileMessage,1.0,1.0
232,org.apache.camel.converter.jaxp.StringSource,2.0,1.0
233,org.apache.camel.component.mock.MockEndpoint,2.0,2.0
234,org.apache.camel.builder.xml.StringResultHandlerFactory,2.0,1.0
235,org.apache.commons.logging.impl.Jdk14Logger,1.0,1.0
236,org.apache.camel.component.jms.JmsMessage,1.0,1.0
237,org.apache.camel.ExpectedBodyTypeException,1.0,1.0
238,org.apache.camel.component.cxf.phase.PayloadPhaseManagerImpl,1.0,1.0
239,org.apache.commons.logging.impl.LogKitLogger,1.0,1.0
240,org.apache.camel.model.config.BatchResequencerConfig,1.0,1.0
241,org.apache.camel.builder.xml.ResultHandler,2.0,1.0
242,org.apache.camel.spring.CamelTemplateFactoryBean,1.0,1.0
243,org.apache.camel.processor.CatchProcessor,2.0,1.0
244,org.apache.camel.AsyncProcessor,2.0,1.0
245,org.apache.camel.model.language.LanguageExpression,1.0,1.0
246,org.apache.camel.model.ThreadType,2.0,1.0
247,org.apache.camel.util.CamelContextHelper,2.0,1.0
248,org.apache.camel.component.jms.RuntimeJmsException,1.0,1.0
249,org.apache.camel.component.cxf.invoker.InvokingContextFactory,1.0,1.0
250,org.apache.camel.component.ibatis.IBatisPollingConsumer,1.0,1.0
251,org.apache.camel.component.cxf.phase.RawMessagePhaseManagerImpl,1.0,1.0
252,org.apache.camel.spi.Injector,2.0,1.0
253,org.apache.camel.impl.PollingConsumerSupport,1.0,1.0
254,org.apache.camel.component.bean.AmbiguousMethodCallException,2.0,1.0
255,org.apache.camel.builder.xml.XsltBuilder,2.0,2.0
256,org.apache.camel.processor.MarshalProcessor,1.0,1.0
257,org.apache.camel.bam.ProcessBuilder,1.0,1.0
258,org.apache.camel.component.cxf.interceptors.AbstractMessageOutInterceptor,1.0,1.0
259,org.apache.camel.component.cxf.transport.CamelTransportBase,1.0,1.0
260,org.apache.commons.logging.impl.Log4JCategoryLog,1.0,1.0
261,org.apache.camel.component.xmpp.XmppConsumer,1.0,1.0
262,org.apache.camel.component.validator.jing.RelaxNGCompactSyntaxComponent,1.0,1.0
263,org.apache.camel.impl.converter.InstanceMethodTypeConverter,2.0,1.0
264,org.apache.camel.builder.script.ScriptEvaluationException,1.0,1.0
265,org.apache.camel.management.ManagedService,1.0,1.0
266,org.apache.camel.model.language.SimpleExpression,2.0,1.0
267,org.apache.camel.component.direct.DirectComponent,1.0,1.0
268,org.apache.camel.view.RouteDotGenerator,1.0,1.0
269,org.apache.camel.component.mock.MockComponent,1.0,1.0
270,org.apache.camel.processor.BatchProcessor,2.0,2.0
271,org.apache.camel.language.juel.EL,1.0,1.0
272,org.apache.camel.model.dataformat.XMLBeansDataFormat,1.0,1.0
273,org.apache.camel.component.seda.QueueComponent,1.0,1.0
274,org.apache.camel.component.jms.MessageListenerProcessor,1.0,1.0
275,org.apache.camel.component.jms.JmsConfiguration,1.0,1.0
276,org.apache.camel.component.jms.MessagePropertyAccessException,1.0,1.0
277,org.apache.camel.impl.DefaultLanguageResolver,2.0,1.0
278,org.apache.camel.Endpoint,2.0,2.0
279,org.apache.camel.model.language.XQueryExpression,2.0,1.0
280,org.apache.camel.model.dataformat.ArtixDSContentType,1.0,2.0
281,org.apache.camel.component.cxf.interceptors.RawMessageInInterceptor,1.0,1.0
282,org.apache.camel.converter.jaxb.PropertyType,1.0,1.0
283,org.apache.camel.processor.ThreadProcessor,2.0,1.0
284,org.apache.camel.spring.CamelServiceExporterType,1.0,1.0
285,org.apache.camel.component.bean.BeanExchange,2.0,1.0
286,org.apache.camel.model.InterceptType,2.0,1.0
287,org.apache.camel.model.RecipientListType,2.0,1.0
288,org.apache.camel.impl.DefaultExchangeConverter,2.0,1.0
289,org.apache.camel.Expression,1.0,2.0
290,org.apache.camel.converter.NIOConverter,2.0,1.0
291,org.apache.camel.util.URISupport,2.0,1.0
292,org.apache.camel.component.xmpp.XmppExchange,1.0,1.0
293,org.apache.camel.CamelException,2.0,1.0
294,org.apache.camel.impl.DefaultUnitOfWork,2.0,1.0
295,org.apache.camel.component.mail.RuntimeMailException,1.0,1.0
296,org.apache.camel.component.cxf.interceptors.PayloadInInterceptor,1.0,1.0
297,org.apache.camel.component.cxf.invoker.InvokingContext,1.0,1.0
298,org.apache.camel.spring.CamelBeanPostProcessor,1.0,2.0
299,org.apache.camel.builder.script.Ruby,1.0,1.0
300,org.apache.camel.Service,1.0,1.0
301,org.apache.camel.converter.jaxb.ObjectHeader,1.0,1.0
302,org.apache.camel.builder.sql.SqlBuilder,1.0,1.0
303,org.apache.camel.component.jms.JmsBinding,1.0,1.0
304,org.apache.camel.component.quartz.QuartzExchange,1.0,1.0
305,org.apache.camel.component.validator.SpringValidator,1.0,1.0
306,org.apache.camel.component.cxf.transport.CamelConduit,1.0,1.0
307,org.apache.camel.component.xmpp.RuntimeXmppException,1.0,1.0
308,org.apache.camel.spring.remoting.CamelServiceExporter,1.0,1.0
309,org.apache.camel.builder.DeadLetterChannelBuilder,2.0,2.0
310,org.apache.camel.spi.TypeConverterAware,2.0,1.0
311,org.apache.camel.component.file.FileProducer,2.0,1.0
312,org.apache.camel.component.jms.JmsIOConverter,1.0,1.0
313,org.apache.camel.processor.loadbalancer.RandomLoadBalancer,1.0,1.0
314,org.apache.camel.component.bean.DefaultParameterMappingStrategy,2.0,1.0
315,org.apache.camel.model.ExpressionNode,2.0,1.0
316,org.apache.camel.converter.HasAnnotation,1.0,1.0
317,org.apache.camel.processor.ErrorHandler,1.0,1.0
318,org.apache.camel.model.IdempotentConsumerType,2.0,1.0
319,org.apache.camel.component.cxf.invoker.RawMessageInvokingContext,1.0,1.0
320,org.apache.camel.processor.Aggregator,2.0,1.0
321,org.apache.commons.logging.impl.Log4JLogger,1.0,1.0
322,org.apache.camel.component.cxf.CxfComponent,1.0,1.0
323,org.apache.camel.component.validator.ValidatorComponent,1.0,1.0
324,org.apache.camel.builder.xml.StreamResultHandler,1.0,1.0
325,org.apache.camel.component.file.strategy.FileRenamer,1.0,1.0
326,org.apache.camel.processor.UnmarshalProcessor,1.0,1.0
327,org.apache.camel.component.cxf.invoker.AbstractInvokingContext,1.0,1.0
328,org.apache.camel.Property,1.0,1.0
329,org.apache.camel.management.CamelNamingStrategy,2.0,1.0
330,org.apache.camel.util.ServiceHelper,1.0,1.0
331,org.apache.camel.language.ognl.OgnlLanguage,1.0,1.0
332,org.apache.camel.component.mina.MinaEndpoint,1.0,1.0
333,org.apache.camel.bam.rules.ProcessRules,1.0,1.0
334,org.apache.camel.component.rmi.RmiEndpoint,1.0,1.0
335,org.apache.camel.model.ProcessorRef,2.0,1.0
336,org.apache.camel.bam.model.TemporalEntity,1.0,1.0
337,org.apache.camel.model.OutputType,2.0,1.0
338,org.apache.camel.spring.handler.ScriptDefinitionParser,1.0,1.0
339,org.apache.camel.processor.DelegateAsyncProcessor,2.0,1.0
340,org.apache.camel.model.ProcessorType,2.0,1.0
341,org.apache.camel.component.ref.RefComponent,1.0,1.0
342,org.apache.camel.impl.DefaultScheduledPollConsumer,1.0,1.0
343,org.apache.camel.component.cxf.invoker.FaultChainInitiatorObserver,1.0,1.0
344,org.apache.camel.component.bean.ParameterInfo,2.0,1.0
345,org.apache.camel.component.rmi.RmiConsumer,1.0,1.0
346,org.apache.camel.processor.FilterProcessor,2.0,1.0
347,org.apache.camel.builder.sql.SQL,1.0,1.0
348,org.apache.camel.spring.SpringCamelContext,1.0,1.0
349,org.apache.camel.processor.aggregate.AggregationCollection,2.0,1.0
350,org.apache.camel.component.file.FileMessage,2.0,1.0
351,org.apache.camel.component.mail.MessageHeaderNamesAccessException,1.0,1.0
352,org.apache.camel.component.bean.NoBeanAvailableException,2.0,1.0
353,org.apache.camel.InvalidHeaderTypeException,2.0,1.0
354,org.apache.camel.Exchange,2.0,2.0
355,org.apache.camel.language.LanguageAnnotation,2.0,1.0
356,org.apache.camel.model.ProceedType,2.0,1.0
357,org.apache.camel.model.dataformat.JaxbDataFormat,1.0,1.0
358,org.apache.camel.CamelContext,2.0,2.0
359,org.apache.camel.processor.aggregate.UseLatestAggregationStrategy,2.0,1.0
360,org.apache.camel.component.file.FileExchange,1.0,1.0
361,org.apache.camel.builder.xml.MessageVariableResolver,2.0,1.0
362,org.apache.camel.spring.RouteBuilderFinder,1.0,1.0
363,org.apache.camel.bam.model.EntitySupport,1.0,1.0
364,org.apache.camel.component.ResourceBasedComponent,1.0,1.0
365,org.apache.camel.component.irc.IrcComponent,1.0,1.0
366,org.apache.camel.builder.script.PHP,1.0,1.0
367,org.apache.camel.builder.LoggingErrorHandlerBuilder,1.0,1.0
368,org.apache.camel.model.DelayerType,2.0,1.0
369,org.apache.camel.builder.ProcessorBuilder,2.0,1.0
370,org.apache.camel.view.GraphGeneratorSupport,1.0,1.0
371,org.apache.camel.model.RouteType,2.0,1.0
372,org.apache.camel.component.xmpp.XmppEndpoint,1.0,2.0
373,org.apache.camel.processor.Logger,2.0,1.0
374,org.apache.camel.model.ToType,2.0,1.0
375,org.apache.camel.util.NoFactoryAvailableException,1.0,1.0
376,org.apache.camel.processor.idempotent.MessageIdRepository,1.0,1.0
377,org.apache.camel.impl.ScheduledPollEndpoint,1.0,1.0
378,org.apache.camel.spi.Policy,1.0,1.0
379,org.apache.camel.component.file.remote.RemoteFileComponent,1.0,1.0
380,org.apache.camel.component.file.FileConsumer,2.0,1.0
381,org.apache.camel.component.jmx.JMXEndpoint,2.0,1.0
382,org.apache.camel.component.file.remote.SftpEndpoint,1.0,1.0
383,org.apache.camel.component.bean.DefaultAnnotationExpressionFactory,2.0,1.0
384,org.apache.camel.processor.loadbalancer.StickyLoadBalancer,2.0,1.0
385,org.apache.camel.component.quartz.QuartzComponent,1.0,1.0
386,org.apache.camel.impl.converter.AsyncProcessorTypeConverter,2.0,1.0
387,org.apache.camel.impl.ProcessorEndpoint,1.0,1.0
388,org.apache.camel.management.ManagedRoute,2.0,1.0
389,org.apache.camel.util.ObjectHelper,2.0,2.0
390,org.apache.camel.processor.resequencer.ExpressionResultComparator,1.0,1.0
391,org.apache.camel.builder.script.ScriptBuilder,1.0,1.0
392,org.apache.camel.component.cxf.interceptors.SoapMessageInInterceptor,1.0,1.0
393,org.apache.camel.spi.LanguageResolver,1.0,1.0
394,org.apache.camel.TypeConverter,1.0,1.0
395,org.apache.camel.view.NodeData,2.0,1.0
396,org.apache.camel.component.jmx.JMXMessage,2.0,1.0
397,org.apache.camel.language.LanguageExpression,2.0,1.0
398,org.apache.camel.management.ManagedEndpoint,2.0,1.0
399,org.apache.camel.processor.validation.ValidatorErrorHandler,2.0,1.0
400,org.apache.commons.logging.LogConfigurationException,1.0,1.0
401,org.apache.camel.component.irc.IrcEndpoint,1.0,1.0
402,org.apache.camel.impl.DefaultComponentResolver,2.0,1.0
403,org.apache.camel.component.quartz.CamelJob,1.0,1.0
404,org.apache.commons.logging.LogSource,1.0,1.0
405,org.apache.camel.spring.Main,1.0,1.0
406,org.apache.camel.processor.aggregate.AggregationStrategy,1.0,1.0
407,org.apache.camel.component.ibatis.IBatisProducer,1.0,1.0
408,org.apache.camel.processor.DelegateProcessor,1.0,1.0
409,org.apache.camel.model.MarshalType,2.0,1.0
410,org.apache.camel.component.ResourceBasedEndpoint,1.0,1.0
411,org.apache.camel.component.mail.JavaMailConnection,1.0,1.0
412,org.apache.camel.processor.idempotent.IdempotentConsumer,1.0,1.0
413,org.apache.camel.component.event.EventComponent,1.0,1.0
414,org.apache.camel.impl.DefaultComponent,2.0,2.0
415,org.apache.camel.impl.converter.ToStringTypeConverter,1.0,1.0
416,org.apache.camel.processor.DelayProcessorSupport,1.0,1.0
417,org.apache.camel.model.RouteContainer,2.0,1.0
418,org.apache.camel.component.jms.JmsConsumer,1.0,1.0
419,org.apache.camel.spi.ExceptionHandler,1.0,1.0
420,org.apache.camel.component.rmi.RmiComponent,1.0,1.0
421,org.apache.camel.component.cxf.transport.CamelDestination,1.0,2.0
422,org.apache.camel.component.file.strategy.FileProcessStrategySupport,2.0,1.0
423,org.apache.camel.util.ReportingTypeConverterRegistry,1.0,1.0
424,org.apache.camel.spring.spi.SpringConverters,1.0,1.0
425,org.apache.camel.RuntimeTransformException,1.0,1.0
426,org.apache.camel.component.file.remote.FtpConsumer,1.0,1.0
427,org.apache.camel.management.InstrumentationLifecycleStrategy,2.0,1.0
428,org.apache.camel.component.velocity.VelocityComponent,1.0,1.0
429,org.apache.camel.builder.script.Python,1.0,1.0
430,org.apache.camel.spi.LifecycleStrategy,2.0,1.0
431,org.apache.camel.component.quartz.QuartzEndpoint,1.0,1.0
432,org.apache.camel.builder.DataTypeExpression,2.0,1.0
433,org.apache.camel.model.language.GroovyExpression,1.0,1.0
434,org.apache.camel.builder.PredicateBuilder,1.0,2.0
435,org.apache.camel.processor.resequencer.SequenceElementComparator,1.0,1.0
436,org.apache.camel.impl.converter.TypeConverterRegistry,2.0,1.0
437,org.apache.camel.component.xmpp.XmppBinding,1.0,1.0
438,org.apache.camel.component.seda.SedaConsumer,2.0,1.0
439,org.apache.camel.processor.StreamResequencer,1.0,1.0
440,org.apache.camel.component.jms.EndpointMessageListener,1.0,1.0
441,org.apache.camel.component.vm.VmComponent,2.0,1.0
442,org.apache.camel.CamelContextAware,1.0,1.0
443,org.apache.camel.impl.RouteContext,2.0,2.0
444,org.apache.camel.component.mina.MinaComponent,1.0,1.0
445,org.apache.camel.util.ProducerCache,2.0,1.0
446,org.apache.camel.component.seda.SedaComponent,2.0,1.0
447,org.apache.camel.component.timer.TimerConsumer,2.0,1.0
448,org.apache.camel.component.xmpp.XmppGroupChatProducer,1.0,1.0
449,org.apache.camel.spring.spi.ApplicationContextRegistry,1.0,1.0
450,org.apache.camel.component.file.remote.RemoteFileProducer,1.0,1.0
451,org.apache.camel.builder.ErrorHandlerBuilder,2.0,1.0
452,org.apache.camel.bam.ActivityBuilder,1.0,1.0
453,org.apache.camel.component.cxf.CxfConstants,1.0,1.0
454,org.apache.camel.model.language.XPathExpression,2.0,1.0
455,org.apache.camel.impl.ProcessorPollingConsumer,1.0,1.0
456,org.apache.camel.processor.resequencer.DefaultExchangeComparator,1.0,1.0
457,org.apache.camel.component.bean.BeanProcessor,2.0,1.0
458,org.apache.camel.component.cxf.phase.FaultPayloadPhaseManagerImpl,1.0,1.0
459,org.apache.camel.Message,2.0,2.0
460,org.apache.camel.builder.ConstantProcessorBuilder,2.0,1.0
461,org.apache.camel.component.ibatis.IBatisEndpoint,1.0,1.0
462,org.apache.camel.model.language.ExpressionType,2.0,2.0
463,org.apache.camel.spi.Synchronization,1.0,1.0
464,org.apache.camel.util.UuidGenerator,2.0,1.0
465,org.apache.camel.builder.xml.StringResultHandler,1.0,1.0
466,org.apache.camel.Predicate,1.0,1.0
467,org.apache.camel.bam.model.ProcessDefinition,1.0,1.0
468,org.apache.camel.spring.util.MainRunner,1.0,1.0
469,org.apache.camel.impl.LoggingExceptionHandler,2.0,1.0
470,org.apache.camel.impl.converter.EnumTypeConverter,2.0,1.0
471,org.apache.camel.impl.NoPolicy,1.0,1.0
472,org.apache.camel.component.jms.JmsPollingConsumer,1.0,1.0
473,org.apache.camel.model.InterceptorType,2.0,1.0
474,org.apache.camel.component.irc.IrcMessage,1.0,1.0
475,org.apache.camel.util.jndi.JndiContext,2.0,2.0
476,org.apache.camel.processor.validation.DefaultValidationErrorHandler,1.0,1.0
477,org.apache.camel.processor.SendProcessor,2.0,1.0
478,org.apache.camel.converter.jaxb.ExchangeType,1.0,1.0
479,org.apache.camel.impl.EventDrivenConsumerRoute,1.0,1.0
480,org.apache.camel.processor.LoggingErrorHandler,2.0,1.0
481,org.apache.camel.component.mail.MailConverters,1.0,1.0
482,org.apache.camel.util.ExchangeHelper,2.0,2.0
483,org.apache.camel.builder.ExpressionBuilder,2.0,2.0
484,org.apache.camel.util.IOHelper,2.0,1.0
485,org.apache.camel.component.cxf.interceptors.AbstractMessageInInterceptor,1.0,1.0
486,org.apache.camel.NoSuchEndpointException,2.0,1.0
487,org.apache.camel.util.ExpressionHelper,1.0,1.0
488,org.apache.camel.MessageDriven,1.0,1.0
489,org.apache.camel.spi.Language,1.0,1.0
490,org.apache.camel.spring.handler.LazyLoadingBeanDefinitionParser,1.0,1.0
491,org.apache.camel.model.FinallyType,2.0,1.0
492,org.apache.camel.util.CollectionStringBuffer,1.0,1.0
493,org.apache.camel.component.file.strategy.NoOpFileProcessStrategy,2.0,1.0
494,org.apache.camel.language.IllegalSyntaxException,1.0,1.0
495,org.apache.camel.component.cxf.CxfEndpoint,1.0,1.0
496,org.apache.camel.model.dataformat.package-info,1.0,1.0
497,org.apache.camel.builder.xml.NamespaceBuilder,1.0,1.0
498,org.apache.camel.component.mail.MailConfiguration,1.0,1.0
499,org.apache.camel.component.jmx.JMXConsumer,2.0,1.0
500,org.apache.camel.component.cxf.CamelInvoker,1.0,1.0
501,org.apache.camel.util.IntrospectionSupport,2.0,1.0
502,org.apache.camel.FailedToCreateProducerException,2.0,1.0
503,org.apache.camel.impl.converter.StaticMethodTypeConverter,1.0,1.0
504,org.apache.camel.builder.xml.DefaultNamespaceContext,1.0,1.0
505,org.apache.camel.util.AsyncProcessorHelper,2.0,1.0
506,org.apache.camel.bam.rules.ActivityRules,1.0,1.0
507,org.apache.camel.component.cxf.transport.CamelTransportFactory,1.0,1.0
508,org.apache.camel.builder.script.ScriptLanguageResolver,1.0,1.0
509,org.apache.camel.component.cxf.util.CxfEndpointUtils,1.0,1.0
510,org.apache.camel.component.event.EventConsumer,1.0,1.0
511,org.apache.camel.spring.spi.BeanInjector,1.0,1.0
512,org.apache.camel.model.MulticastType,2.0,1.0
513,org.apache.camel.component.validator.jing.JingComponent,1.0,1.0
514,org.apache.camel.language.Simple,1.0,1.0
515,org.apache.camel.AsyncCallback,2.0,1.0
516,org.apache.camel.component.bean.XPathAnnotationExpressionFactory,2.0,1.0
517,org.apache.camel.builder.Builder,1.0,1.0
518,org.apache.camel.bam.rules.TemporalRule,1.0,1.0
519,org.apache.camel.model.dataformat.ArtixDSDataFormat,1.0,1.0
520,org.apache.camel.model.IdentifiedType,2.0,1.0
521,org.apache.camel.NoSuchLanguageException,1.0,1.0
522,org.apache.camel.model.AggregatorType,2.0,1.0
523,org.apache.camel.bam.model.ActivityState,1.0,1.0
524,org.apache.camel.component.log.LogComponent,2.0,1.0
525,org.apache.camel.component.cxf.interceptors.SoapMessageOutInterceptor,1.0,1.0
526,org.apache.camel.model.SplitterType,2.0,1.0
527,org.apache.camel.model.UnmarshalType,2.0,1.0
528,org.apache.camel.Component,1.0,1.0
529,org.apache.camel.component.quartz.QuartzConsumer,1.0,1.0
530,org.apache.camel.component.file.FileComponent,2.0,1.0
531,org.apache.camel.spring.handler.CamelNamespaceHandler,1.0,1.0
532,org.apache.camel.component.cxf.CxfProducer,1.0,1.0
533,org.apache.camel.component.mail.MailExchange,1.0,1.0
534,org.apache.camel.component.cxf.invoker.PayloadInvokingContext,1.0,1.0
535,org.apache.camel.bam.ActivityLifecycle,1.0,1.0
536,org.apache.camel.bam.processor.JpaBamProcessor,1.0,1.0
537,org.apache.camel.processor.Pipeline,1.0,1.0
538,org.apache.camel.component.jmx.JMXComponent,2.0,1.0
539,org.apache.camel.impl.converter.DefaultTypeConverter,2.0,1.0
540,org.apache.camel.builder.script.ScriptLanguage,1.0,1.0
541,org.apache.camel.component.mail.MailComponent,1.0,1.0
542,org.apache.camel.component.mock.AssertionClause,1.0,1.0
543,org.apache.camel.RuntimeExchangeException,2.0,1.0
544,org.apache.camel.component.cxf.CxfMessageObserver,1.0,1.0
545,org.apache.camel.component.file.remote.SftpConsumer,1.0,1.0
546,org.apache.camel.InvalidTypeException,2.0,1.0
547,org.apache.commons.logging.impl.Log4jFactory,1.0,1.0
548,org.apache.camel.util.UnsafeUriCharactersEncoder,2.0,1.0
549,org.apache.camel.model.RoutesType,2.0,1.0
550,org.apache.camel.processor.CompositeProcessor,1.0,1.0
551,org.apache.camel.builder.ErrorHandlerBuilderSupport,2.0,1.0
552,org.apache.camel.processor.ProceedProcessor,1.0,1.0
553,org.apache.camel.component.jms.MessageJMSPropertyAccessException,1.0,1.0
554,org.apache.camel.component.file.remote.RemoteFileBinding,1.0,1.0
555,org.apache.camel.component.jmx.JMXExchange,2.0,1.0
556,org.apache.camel.component.file.remote.FtpOperationFailedException,1.0,1.0
557,org.apache.camel.component.ibatis.IBatisComponent,1.0,1.0
558,org.apache.camel.component.jms.JmsExchange,1.0,1.0
559,org.apache.camel.model.PolicyRef,2.0,1.0
560,org.apache.camel.util.CollectionHelper,2.0,1.0
561,org.apache.camel.spi.Provider,1.0,1.0
562,org.apache.camel.converter.jaxb.IntegerHeader,1.0,1.0
563,org.apache.camel.PollingConsumer,1.0,1.0
564,org.apache.camel.model.InterceptorRef,2.0,1.0
565,org.apache.camel.component.file.remote.RemoteFileConsumer,1.0,1.0
566,org.apache.camel.Processor,1.0,2.0
567,org.apache.camel.AlreadyStoppedException,2.0,1.0
568,org.apache.camel.converter.IOConverter,2.0,1.0
569,org.apache.camel.Header,1.0,1.0
570,org.apache.camel.component.bean.CamelInvocationHandler,1.0,1.0
571,org.apache.camel.component.file.remote.RemoteFileConfiguration,1.0,1.0
572,org.apache.camel.component.mail.MailConsumer,1.0,1.0
573,org.apache.camel.component.bean.BeanInvocation,2.0,1.0
574,org.apache.camel.builder.script.Groovy,1.0,1.0
575,org.apache.camel.util.Time,1.0,1.0
576,org.apache.camel.spring.spi.SpringInjector,1.0,1.0
577,org.apache.camel.NoSuchPropertyException,2.0,1.0
578,org.apache.camel.component.bean.AnnotationExpressionFactory,1.0,1.0
579,org.apache.camel.spi.DataFormat,1.0,1.0
580,org.apache.camel.model.dataformat.SerializationDataFormat,2.0,1.0
581,org.apache.camel.component.timer.TimerEndpoint,2.0,1.0
582,org.apache.camel.converter.jaxb.FallbackTypeConverter,1.0,1.0
583,org.apache.camel.component.mina.MinaConsumer,1.0,1.0
584,org.apache.camel.converter.jaxb.JaxbConverter,1.0,1.0
585,org.apache.camel.component.mina.MinaProducer,1.0,1.0
586,org.apache.camel.component.cxf.CxfSoapEndpoint,1.0,1.0
587,org.apache.camel.converter.jaxp.XmlConverter,2.0,1.0
588,org.apache.camel.impl.NoRouteBuilder,1.0,1.0
589,org.apache.camel.component.rmi.RmiProducer,1.0,1.0
590,org.apache.camel.ValidationException,1.0,1.0
591,org.apache.camel.Body,1.0,1.0
592,org.apache.camel.bam.processor.ActivityMonitorEngine,1.0,1.0
593,org.apache.camel.component.cxf.interceptors.AbstractInvokerInterceptor,1.0,1.0
594,org.apache.camel.component.jms.ConsumerType,1.0,1.0
595,org.apache.camel.component.jdbc.JdbcEndpoint,1.0,1.0
596,org.apache.camel.model.language.HeaderExpression,1.0,1.0
597,org.apache.camel.processor.loadbalancer.RoundRobinLoadBalancer,1.0,1.0
598,org.apache.camel.bam.model.ActivityDefinition,1.0,1.0
599,org.apache.camel.impl.ExpressionSupport,2.0,1.0
600,org.apache.camel.model.language.OgnlExpression,1.0,1.0
601,org.apache.camel.component.file.remote.FtpEndpoint,1.0,1.0
602,org.apache.camel.component.cxf.invoker.PayloadMessage,1.0,1.0
603,org.apache.camel.builder.PredicateFactory,2.0,1.0
604,org.apache.camel.processor.RedeliveryPolicy,1.0,1.0
605,org.apache.camel.model.NodeFactory,1.0,1.0
606,org.apache.camel.spring.SpringInstrumentationAgent,1.0,1.0
607,org.apache.camel.processor.RecipientList,2.0,1.0
